{
  "C_bounds": {
    "1": 0.1469999998807907,
    "10": 0.012258429080247879,
    "12": 0.06819149851799011,
    "13": 0.04339205101132393,
    "14": 0.036546360701322556,
    "15": 0.0253466609865427,
    "16": 0.021880963817238808,
    "17": 0.012119743973016739,
    "18": 0.0242382250726223,
    "19": 0.0009584242361597717,
    "2": 0.13575111329555511,
    "20": 0.01219487376511097,
    "21": 0.0027609041426330805,
    "22": 0.018035778775811195,
    "23": 0.013360799290239811,
    "24": 0.004907622467726469,
    "25": 0.005730261094868183,
    "26": 0.009396543726325035,
    "27": 0.002565749455243349,
    "28": 0.002290925709530711,
    "29": 0.0017719792667776346,
    "3": 0.034976936876773834,
    "30": 0.002165556885302067,
    "31": 0.007337804883718491,
    "32": 0.0051883067935705185,
    "33": 0.004002048168331385,
    "34": 0.0034489629324525595,
    "4": 0.029331523925065994,
    "5": 0.01947973668575287,
    "6": 0.017132271081209183,
    "7": 0.09683247655630112,
    "8": 0.006386611610651016,
    "9": 0.0017539766849949956
  },
  "base_flows": {
    "1": 0.1469999998807907,
    "10": 0.011398491449654102,
    "12": 0.0657009482383728,
    "13": 0.04055875539779663,
    "14": 0.03405876085162163,
    "15": 0.024058757349848747,
    "16": 0.020494764670729637,
    "17": 0.011494765058159828,
    "18": 0.023227185010910034,
    "19": 0.00011901030666194856,
    "2": 0.13199999928474426,
    "20": 0.011498572304844856,
    "21": 0.002398490672931075,
    "22": 0.017226282507181168,
    "23": 0.012803521007299423,
    "24": 0.003998571541160345,
    "25": 0.005062521435320377,
    "26": 0.008994764648377895,
    "27": 0.002000903245061636,
    "28": 0.0018037507543340325,
    "29": 0.0012395705562084913,
    "3": 0.03380430117249489,
    "30": 0.0014610117068514228,
    "31": 0.006994764786213636,
    "32": 0.00499566737562418,
    "33": 0.003799418220296502,
    "34": 0.003038988448679447,
    "4": 0.028304297477006912,
    "5": 0.018719296902418137,
    "6": 0.01621929556131363,
    "7": 0.09319570660591125,
    "8": 0.006085003260523081,
    "9": 0.0006791951600462198
  },
  "c_bounds": {
    "1": 0.1469999998807907,
    "10": 0.00935843214392662,
    "12": 0.06458673626184464,
    "13": 0.03872222080826759,
    "14": 0.03238803148269653,
    "15": 0.022317856550216675,
    "16": 0.019579660147428513,
    "17": 0.010892082937061787,
    "18": 0.022468090057373047,
    "19": -0.0010804412886500359,
    "2": 0.12948453426361084,
    "20": 0.01095106266438961,
    "21": 0.0016564683755859733,
    "22": 0.01633397862315178,
    "23": 0.012025102972984314,
    "24": 0.0028327186591923237,
    "25": 0.004046392627060413,
    "26": 0.008664440363645554,
    "27": 0.0016141808591783047,
    "28": 0.0013557099737226963,
    "29": 0.0008513344218954444,
    "3": 0.032778169959783554,
    "30": 0.0011639413423836231,
    "31": 0.006886043585836887,
    "32": 0.004668246954679489,
    "33": 0.0034525066148489714,
    "34": 0.0027845827862620354,
    "4": 0.02775627188384533,
    "5": 0.018307918682694435,
    "6": 0.01550655160099268,
    "7": 0.09170354157686234,
    "8": 0.005937539506703615,
    "9": -0.0005453255726024508
  },
  "inp_path": "./wdn/Kadu.inp",
  "pipe_bounds_enabled": true,
  "pipe_bounds_params": {
    "PIPE_BOUND_METHOD": "perturb",
    "PIPE_BOUND_PERTURB_BASE": "base",
    "PIPE_BOUND_PERTURB_FIX_TOTAL": true,
    "PIPE_BOUND_PERTURB_SAMPLES": 25,
    "PIPE_BOUND_PERTURB_SEED": 1,
    "PIPE_BOUND_PERTURB_SIGMA": 0.1,
    "PIPE_BOUND_POLICY": "minmax",
    "PIPE_BOUND_SAFENESS": 0.85
  },
  "scenario_demands": {
    "10": 0.016,
    "11": 0.013000000000000001,
    "12": 0.02,
    "13": 0.024,
    "14": 0.018000000000000002,
    "15": 0.018000000000000002,
    "16": 0.015,
    "17": 0.012,
    "18": 0.005,
    "19": 0.008,
    "20": 0.005,
    "21": 0.021,
    "22": 0.009000000000000001,
    "23": 0.004,
    "24": 0.008,
    "25": 0.006,
    "26": 0.004,
    "3": 0.03,
    "4": 0.01,
    "5": 0.011,
    "6": 0.007,
    "7": 0.005,
    "8": 0.011,
    "9": 0.014
  },
  "scenario_flows": {
    "1": 0.1469999998807907,
    "10": 0.011398491449654102,
    "12": 0.0657009482383728,
    "13": 0.04055875539779663,
    "14": 0.03405876085162163,
    "15": 0.024058757349848747,
    "16": 0.020494764670729637,
    "17": 0.011494765058159828,
    "18": 0.023227185010910034,
    "19": 0.00011901030666194856,
    "2": 0.13199999928474426,
    "20": 0.011498572304844856,
    "21": 0.002398490672931075,
    "22": 0.017226282507181168,
    "23": 0.012803521007299423,
    "24": 0.003998571541160345,
    "25": 0.005062521435320377,
    "26": 0.008994764648377895,
    "27": 0.002000903245061636,
    "28": 0.0018037507543340325,
    "29": 0.0012395705562084913,
    "3": 0.03380430117249489,
    "30": 0.0014610117068514228,
    "31": 0.006994764786213636,
    "32": 0.00499566737562418,
    "33": 0.003799418220296502,
    "34": 0.003038988448679447,
    "4": 0.028304297477006912,
    "5": 0.018719296902418137,
    "6": 0.01621929556131363,
    "7": 0.09319570660591125,
    "8": 0.006085003260523081,
    "9": 0.0006791951600462198
  },
  "scenario_hash": "f3880c1bd478431734873efb8bf875298cef65be3fad22a69424b49ade2ddd59",
  "scenario_heads": {
    "10": 98.68077850341797,
    "11": 98.58853912353516,
    "12": 98.48088836669922,
    "13": 98.25919342041016,
    "14": 98.04405212402344,
    "15": 99.114013671875,
    "16": 98.13047790527344,
    "17": 97.9200439453125,
    "18": 99.06710052490234,
    "19": 98.54877471923828,
    "20": 98.25933074951172,
    "21": 98.119384765625,
    "22": 97.86527252197266,
    "23": 98.9317398071289,
    "24": 98.53872680664062,
    "25": 98.24158477783203,
    "26": 98.09840393066406,
    "27": 100.0,
    "3": 99.86553192138672,
    "4": 99.56440734863281,
    "5": 99.4970932006836,
    "6": 99.04408264160156,
    "7": 98.57662200927734,
    "8": 98.25393676757812,
    "9": 99.18965911865234
  },
  "scenario_name": "base",
  "scenario_source": "base",
  "timestamp": "20260417-152530",
  "wdn": "Kadu",
  "wdn_name": "Kadu"
}