measurement_sites,measurement_count,radius,success,max_violation,min_demand_viol,objective,solver_status,best_bound,output_dir
[],0,0.10437554625699856,True,0.0,0.07119044176769077,0.010894254656446846,HxSolutionStatus.OPTIMAL,,data/Alperovits/384aaa05/none
['5'],1,0.09802830386465144,True,0.0,0.08161344346324798,0.009609548358580437,HxSolutionStatus.OPTIMAL,,data/Alperovits/384aaa05/5
['3'],1,0.10196706054627236,True,0.0,0.07950408275901386,0.010397281436447173,HxSolutionStatus.OPTIMAL,,data/Alperovits/384aaa05/3
['4'],1,0.10237625682729545,True,0.0,0.07402803157515372,0.010480897961968357,HxSolutionStatus.OPTIMAL,,data/Alperovits/384aaa05/4
['1'],1,0.10244413509374431,True,0.0,0.0765397355980734,0.010494800815105334,HxSolutionStatus.OPTIMAL,,data/Alperovits/384aaa05/1
['6'],1,0.10285514793590769,True,0.0,0.07332272484083138,0.010579181456917455,HxSolutionStatus.OPTIMAL,,data/Alperovits/384aaa05/6
['2'],1,0.10436960030973734,True,0.0,0.07119453353835656,0.010893013468814324,HxSolutionStatus.OPTIMAL,,data/Alperovits/384aaa05/2
