{
  "demands_a": {
    "1": 0.15917329223572763,
    "2": 9.932192783779215e-07,
    "3": 0.20061865611496787,
    "4": 0.01702632232989032,
    "5": 0.3321035247496346,
    "6": 0.5663473728000923,
    "7": -1.2752701614495912
  },
  "demands_b": {
    "1": 0.2991933691825348,
    "2": 9.920849097788675e-07,
    "3": 0.046070210182349414,
    "4": 0.35048007636897205,
    "5": 0.3374191282605573,
    "6": 0.24210638537026757,
    "7": -1.275270161449591
  },
  "flows_a": {
    "1": 1.275270161449591,
    "2": 0.595135325257049,
    "3": 0.6801338429732636,
    "4": 0.23609944319981194,
    "5": 0.4270080774435614,
    "6": 0.13933929535653083,
    "7": 0.39451666914208117,
    "8": 0.29851258759225846
  },
  "flows_b": {
    "1": 1.275270161449591,
    "2": 0.5374091244338614,
    "3": 0.7378600449308198,
    "4": 0.10510646774098427,
    "5": 0.2822735008208635,
    "6": -0.04016711545059593,
    "7": 0.49133891425151194,
    "8": 0.2590262537319389
  },
  "heads_a": {
    "1": 207.09503173828125,
    "2": 207.96490498357338,
    "3": 207.4567523806994,
    "4": 207.3272444237165,
    "5": 207.22726154399695,
    "6": 207.0606089992638,
    "7": 210.0
  },
  "heads_b": {
    "1": 207.09503173828125,
    "2": 207.96490498357338,
    "3": 207.5505498082599,
    "4": 207.21440830779954,
    "5": 207.19459328401794,
    "6": 207.09789222208673,
    "7": 210.0
  },
  "max_violation": 0.0,
  "min_demand_viol": 9.932192783779215e-07,
  "norm": 2,
  "p": 1,
  "radius": 0.5097477059696167
}