{
  "best_radius": 1.473691009153222,
  "runs": [
    {
      "max_violation": 0.0,
      "min_demand_viol": -9.321846794474453e-09,
      "radius": 1.4736910091515782,
      "run": 0,
      "start_flows": {
        "1": 1.2815567346722234,
        "2": 0.5116436148860339,
        "3": 0.7079704596403316,
        "4": 0.1097464515925874,
        "5": 0.39976860208487264,
        "6": 0.12112270740513727,
        "7": 0.48841268714891967,
        "8": 0.43903758478341354
      },
      "start_heads": {
        "1": 207.07688565339055,
        "2": 207.9297180233659,
        "3": 207.5162978725325,
        "4": 207.30390276364417,
        "5": 207.3175452269464,
        "6": 206.95274870540868,
        "7": 209.93770445263735
      },
      "success": true
    },
    {
      "max_violation": 0.0,
      "min_demand_viol": -9.321833749353914e-09,
      "radius": 1.473691009151152,
      "run": 1,
      "start_flows": {
        "1": 1.2386568558823812,
        "2": 0.4910359089077336,
        "3": 0.6601343192997098,
        "4": 0.12508297255364206,
        "5": 0.47867773921506207,
        "6": 0.09661622151246131,
        "7": 0.4915358584198971,
        "8": 0.3584238029526208
      },
      "start_heads": {
        "1": 207.06493894530382,
        "2": 207.9824802886609,
        "3": 207.6247424551674,
        "4": 207.33976710165908,
        "5": 207.27830396551136,
        "6": 207.0229139753277,
        "7": 210.0110097561735
      },
      "success": true
    },
    {
      "max_violation": 0.0,
      "min_demand_viol": -9.32183585877766e-09,
      "radius": 1.4736910091509487,
      "run": 2,
      "start_flows": {
        "1": 1.224789314440617,
        "2": 0.5077900793070134,
        "3": 0.6679880766224435,
        "4": 0.1315437249692258,
        "5": 0.4372850268682452,
        "6": 0.1208115901116591,
        "7": 0.3905212544214958,
        "8": 0.385202854942313
      },
      "start_heads": {
        "1": 207.1268908066222,
        "2": 208.00410355865932,
        "3": 207.65424050334585,
        "4": 207.27211321016583,
        "5": 207.391175116716,
        "6": 207.13629401532975,
        "7": 210.01322278151648
      },
      "success": true
    },
    {
      "max_violation": 0.0,
      "min_demand_viol": -9.321835026110392e-09,
      "radius": 1.4736910091510376,
      "run": 3,
      "start_flows": {
        "1": 1.2595740828907322,
        "2": 0.591149892227447,
        "3": 0.7739622429406657,
        "4": 0.1945831892282417,
        "5": 0.49230725897964667,
        "6": 0.12091197519261082,
        "7": 0.36279675327830424,
        "8": 0.3914608299709473
      },
      "start_heads": {
        "1": 207.0286193382493,
        "2": 207.99772853191007,
        "3": 207.51515087289732,
        "4": 207.35482258978013,
        "5": 207.33697211272016,
        "6": 207.10380238033878,
        "7": 209.96691487139805
      },
      "success": true
    },
    {
      "max_violation": 0.0,
      "min_demand_viol": -9.48879069762043e-09,
      "radius": 1.4736910091518394,
      "run": 4,
      "start_flows": {
        "1": 1.2534484612603927,
        "2": 0.45975876266195587,
        "3": 0.7629177209746741,
        "4": 0.07970590931282782,
        "5": 0.44300055221593826,
        "6": 0.09011432738596682,
        "7": 0.502386328832519,
        "8": 0.4577015859810434
      },
      "start_heads": {
        "1": 207.0569298843518,
        "2": 207.99657241629748,
        "3": 207.4693934520525,
        "4": 207.33766793548403,
        "5": 207.3496632375179,
        "6": 207.11919832293273,
        "7": 210.0911005681664
      },
      "success": true
    },
    {
      "max_violation": 0.0,
      "min_demand_viol": -9.158898306438346e-09,
      "radius": 1.2401535581629826,
      "run": 5,
      "start_flows": {
        "1": 1.209248675116889,
        "2": 0.4851724569598381,
        "3": 0.7227018265238686,
        "4": 0.106954176426201,
        "5": 0.5266716999251909,
        "6": 0.1124689142852863,
        "7": 0.3915529803828015,
        "8": 0.372805361365311
      },
      "start_heads": {
        "1": 207.05009494702418,
        "2": 207.9103474792753,
        "3": 207.51568493776549,
        "4": 207.36658706130945,
        "5": 207.3445372185997,
        "6": 207.1337281851127,
        "7": 210.0844553726222
      },
      "success": true
    },
    {
      "max_violation": 0.0,
      "min_demand_viol": -9.32183630286687e-09,
      "radius": 1.4736910091528885,
      "run": 6,
      "start_flows": {
        "1": 1.2609008382271203,
        "2": 0.5969692719928283,
        "3": 0.6543100347590376,
        "4": 0.06772728111782167,
        "5": 0.43904133932086153,
        "6": 0.15461560890313664,
        "7": 0.4312631637281801,
        "8": 0.3624070954207846
      },
      "start_heads": {
        "1": 207.03410699367575,
        "2": 207.8978437994524,
        "3": 207.50949293533893,
        "4": 207.3602006292648,
        "5": 207.36496457964336,
        "6": 207.06078551450935,
        "7": 210.0436521076311
      },
      "success": true
    },
    {
      "max_violation": 0.0,
      "min_demand_viol": -9.488788699218986e-09,
      "radius": 1.473691009152091,
      "run": 7,
      "start_flows": {
        "1": 1.211250526381825,
        "2": 0.4825954532976354,
        "3": 0.7070002197951724,
        "4": -0.008005612943794177,
        "5": 0.4458705506212435,
        "6": 0.07396091283918786,
        "7": 0.42867666976630353,
        "8": 0.3878984603159103
      },
      "start_heads": {
        "1": 207.13001186970234,
        "2": 207.97501050490845,
        "3": 207.61427754292015,
        "4": 207.29714799922613,
        "5": 207.38652802909465,
        "6": 207.105304933588,
        "7": 210.05824319905554
      },
      "success": true
    },
    {
      "max_violation": 0.0,
      "min_demand_viol": -9.32183674695608e-09,
      "radius": 1.4736910091506785,
      "run": 8,
      "start_flows": {
        "1": 1.3146496347028471,
        "2": 0.5604527920795287,
        "3": 0.6797290076553117,
        "4": 0.0331627531854488,
        "5": 0.4197998157410775,
        "6": 0.06456722265082773,
        "7": 0.3520755964666421,
        "8": 0.4046061761726008
      },
      "start_heads": {
        "1": 207.15394811007553,
        "2": 207.93647731244886,
        "3": 207.52807872418424,
        "4": 207.28291643276745,
        "5": 207.3288997819645,
        "6": 207.08693384159915,
        "7": 209.9993042665738
      },
      "success": true
    },
    {
      "max_violation": 0.0,
      "min_demand_viol": -9.321800387152024e-09,
      "radius": 1.473691009153222,
      "run": 9,
      "start_flows": {
        "1": 1.327362211578195,
        "2": 0.5883620993892251,
        "3": 0.733457608925652,
        "4": -0.013763749578913298,
        "5": 0.48798625670309925,
        "6": 0.12002395507209515,
        "7": 0.44440125253508017,
        "8": 0.41024490751376436
      },
      "start_heads": {
        "1": 207.04763864416114,
        "2": 207.9840426431698,
        "3": 207.59553965709742,
        "4": 207.3171208213441,
        "5": 207.22039716306026,
        "6": 207.06355450774527,
        "7": 210.0540081706269
      },
      "success": true
    }
  ],
  "unique_local_optima": 2
}