{
  "demands_a": {
    "1": -9.321800387152024e-09,
    "2": 0.33245312393292303,
    "3": -6.469763336180989e-09,
    "4": -7.693744863424001e-09,
    "5": -7.69313707182917e-09,
    "6": 0.9428171308630764,
    "7": -1.2752702236175537
  },
  "demands_b": {
    "1": 1.1188685789172244,
    "2": 0.15640167528838145,
    "3": -4.7242292855464996e-09,
    "4": -8.254197436663446e-09,
    "5": -8.12086664581102e-09,
    "6": -9.48875866768617e-09,
    "7": -1.2752702236175537
  },
  "flows_a": {
    "1": 1.2752702236175537,
    "2": 0.3843777765750319,
    "3": 0.5584393231095988,
    "4": -0.006080249526078631,
    "5": 0.5645195803294223,
    "6": 0.3782975505336541,
    "7": 0.38437778304479525,
    "8": 0.3782975412118537
  },
  "flows_b": {
    "1": 1.2752702236175537,
    "2": 0.4697872356134823,
    "3": 0.6490813127156899,
    "4": 0.18485480694130113,
    "5": 0.4642265140285863,
    "6": -0.46422652351734495,
    "7": 0.4697872403377116,
    "8": 0.6546420553998793
  },
  "heads_a": {
    "1": 207.32272641351636,
    "2": 207.96490478515625,
    "3": 207.75293242450252,
    "4": 207.535019312511,
    "5": 207.53508562243147,
    "6": 207.06900024414062,
    "7": 210.0
  },
  "heads_b": {
    "1": 206.68691690142984,
    "2": 207.96490478515625,
    "3": 207.6482652633441,
    "4": 207.3841417093941,
    "5": 207.32285063811634,
    "6": 207.06900024414062,
    "7": 210.0
  },
  "max_violation": 0.0,
  "min_demand_viol": -9.321800387152024e-09,
  "radius": 1.473691009153222
}