{
  "junctions": {
    "1": {
      "demand_a": 0.13321636617183685,
      "demand_b": 0.24684265721589327,
      "demand_lb": 1e-06,
      "head_a": 207.82402243764443,
      "head_a_tag": "",
      "head_b": 207.81275063120955,
      "head_b_tag": "",
      "head_lb": 193.62708714484413,
      "head_ub": 226.37291285515587
    },
    "2": {
      "demand_a": 0.10632316341179071,
      "demand_b": 0.10528916917676945,
      "demand_lb": 1e-06,
      "head_a": 208.3993620394407,
      "head_a_tag": "",
      "head_b": 208.3993620394407,
      "head_b_tag": "",
      "head_lb": 197.73885171300606,
      "head_ub": 222.26114828699394
    },
    "3": {
      "demand_a": 0.07119140028953552,
      "demand_b": 0.1070116688755306,
      "demand_lb": 1e-06,
      "head_a": 208.1082169153323,
      "head_a_tag": "",
      "head_b": 208.1005118707577,
      "head_b_tag": "",
      "head_lb": 195.6583771104362,
      "head_ub": 224.3416228895638
    },
    "4": {
      "demand_a": 0.10745748912638309,
      "demand_b": 0.12201520076663663,
      "demand_lb": 1e-06,
      "head_a": 207.94497876027253,
      "head_a_tag": "",
      "head_b": 207.952813330319,
      "head_b_tag": "",
      "head_lb": 194.40450298777,
      "head_ub": 225.59549701223
    },
    "5": {
      "demand_a": 0.3314943164587021,
      "demand_b": 0.22550073266029358,
      "demand_lb": 1e-06,
      "head_a": 207.897202286902,
      "head_a_tag": "",
      "head_b": 207.91918608826927,
      "head_b_tag": "",
      "head_lb": 194.28361303052068,
      "head_ub": 225.71638696947932
    },
    "6": {
      "demand_a": 0.3703172693101233,
      "demand_b": 0.31334057607324795,
      "demand_lb": 1e-06,
      "head_a": 207.81237295433735,
      "head_a_tag": "",
      "head_b": 207.81237289872902,
      "head_b_tag": "",
      "head_lb": 193.56687411412554,
      "head_ub": 226.43312588587446
    }
  },
  "metadata": {
    "DEMAND_LB": 1e-06,
    "DEMAND_RESTRICTION_MODE": null,
    "DEVIATION_ALPHA": null,
    "FIX_TOTAL_DEMAND": true,
    "GLOBAL_SOLVER": null,
    "HEADLOSS_MODEL": "hw",
    "MEASUREMENT_HEADS_EQUAL_ONLY": true,
    "MEASUREMENT_SITES": [
      "6"
    ],
    "MULTI_STARTS": 1,
    "MULTI_START_NOISE": 0.05,
    "MULTI_START_NOISE_REL": 0.25,
    "NORM": 2.0,
    "OUTPUT_DIR": "data/Alperovits/a7b4e7e7",
    "PIPE_BOUNDS": true,
    "RADIUS_TO_FIXED": null,
    "SCENARIO": "base",
    "SCENARIO_FILE": "scenario/Alperovits/base.json",
    "SOLVER": "Hexaly_xd",
    "USE_RESERVOIR_OUTFLOW_CONSTRAINT": false,
    "WDN": "Alperovits",
    "WDN_NAME": "Alperovits",
    "output_dir": "data/Alperovits/a7b4e7e7/6",
    "timestamp": "20260421-175242"
  },
  "output_dir": "data/Alperovits/a7b4e7e7/6",
  "pipes": {
    "1": {
      "flow_a": 1.1200000047683716,
      "flow_a_tag": "lb",
      "flow_b": 1.1200000047683716,
      "flow_b_tag": "lb",
      "flow_lb": 1.1200000047683716,
      "flow_ub": 1.1200000047683716,
      "headloss_res_a": -10.660510326434622,
      "headloss_res_b": -10.660510326434622
    },
    "2": {
      "flow_a": 0.44622185826301575,
      "flow_a_tag": "lb",
      "flow_b": 0.4525599708107265,
      "flow_b_tag": "",
      "flow_lb": 0.44622185826301575,
      "flow_ub": 0.4613533318042755,
      "headloss_res_a": -1.65509659052293,
      "headloss_res_b": -1.7030728408124474
    },
    "3": {
      "flow_a": 0.5674549830935651,
      "flow_a_tag": "",
      "flow_b": 0.5621508647808755,
      "flow_b_tag": "",
      "flow_lb": 0.5568748712539673,
      "flow_ub": 0.5840606689453125,
      "headloss_res_a": -2.6930600848360124,
      "headloss_res_b": -2.642330048241073
    },
    "4": {
      "flow_a": 0.16816721856594086,
      "flow_a_tag": "ub",
      "flow_b": 0.13911864161491394,
      "flow_b_tag": "lb",
      "flow_lb": 0.13911864161491394,
      "flow_ub": 0.16816721856594086,
      "headloss_res_a": -0.22864881930740466,
      "headloss_res_b": -0.15554863353602236
    },
    "5": {
      "flow_a": 0.2918302754012412,
      "flow_a_tag": "",
      "flow_b": 0.30101702239932493,
      "flow_b_tag": "",
      "flow_lb": 0.27015259861946106,
      "flow_ub": 0.3175203204154968,
      "headloss_res_a": -0.6998396477178548,
      "headloss_res_b": -0.745240320935834
    },
    "6": {
      "flow_a": 0.07848699390888214,
      "flow_a_tag": "ub",
      "flow_b": 0.012323553673923016,
      "flow_b_tag": "lb",
      "flow_lb": 0.012323553673923016,
      "flow_ub": 0.07848699390888214,
      "headloss_res_a": -0.04856354741151106,
      "headloss_res_b": -0.0011067224539809382
    },
    "7": {
      "flow_a": 0.3750304579734802,
      "flow_a_tag": "ub",
      "flow_b": 0.3455483019351959,
      "flow_b_tag": "lb",
      "flow_lb": 0.3455483019351959,
      "flow_ub": 0.3750304579734802,
      "headloss_res_a": -1.1637494514852067,
      "headloss_res_b": -0.9857864531173577
    },
    "8": {
      "flow_a": 0.211703360080719,
      "flow_a_tag": "lb",
      "flow_b": 0.2591662108898163,
      "flow_b_tag": "ub",
      "flow_lb": 0.211703360080719,
      "flow_ub": 0.2591662108898163,
      "headloss_res_a": -0.36489729753294253,
      "headloss_res_b": -0.5500904286168485
    }
  },
  "summary": {
    "flow_at_bounds": {
      "a_lb": 3,
      "a_ub": 3,
      "b_lb": 4,
      "b_ub": 1
    },
    "head_at_bounds": {
      "a_lb": 0,
      "a_ub": 0,
      "b_lb": 0,
      "b_ub": 0
    },
    "head_bounds_count": 6,
    "junction_count": 6,
    "min_demand_slack_a": 0.07119040028953552,
    "min_demand_slack_b": 0.10528816917676945,
    "pipe_count": 8,
    "total_demand_a": 1.1200000047683716,
    "total_demand_b": 1.1200000047683716,
    "total_demand_res_a": 0.0,
    "total_demand_res_b": 0.0,
    "total_demand_target": 1.1200000047683716
  }
}