{
  "junctions": {
    "1": {
      "demand_a": 0.1002010067347013,
      "demand_b": 0.2703362672607919,
      "demand_lb": 1e-06,
      "head_a": 207.82165131629247,
      "head_a_tag": "",
      "head_b": 207.82165131629247,
      "head_b_tag": "",
      "head_lb": 193.4611532898627,
      "head_ub": 226.5388467101373
    },
    "2": {
      "demand_a": 0.10160383654181926,
      "demand_b": 0.12501188530813634,
      "demand_lb": 1e-06,
      "head_a": 208.3993620394407,
      "head_a_tag": "",
      "head_b": 208.3993620394407,
      "head_b_tag": "",
      "head_lb": 197.73885171300606,
      "head_ub": 222.26114828699394
    },
    "3": {
      "demand_a": 0.06007919335784634,
      "demand_b": 0.10114853805349733,
      "demand_lb": 1e-06,
      "head_a": 208.10845151530543,
      "head_a_tag": "",
      "head_b": 208.11299636464477,
      "head_b_tag": "",
      "head_lb": 195.62629393444394,
      "head_ub": 224.37370606555606
    },
    "4": {
      "demand_a": 0.10412496440812419,
      "demand_b": 0.11438134251332538,
      "demand_lb": 1e-06,
      "head_a": 207.93766537775804,
      "head_a_tag": "",
      "head_b": 207.96656422380943,
      "head_b_tag": "",
      "head_lb": 194.2896568934707,
      "head_ub": 225.7103431065293
    },
    "5": {
      "demand_a": 0.3641548410616532,
      "demand_b": 0.20395048495991386,
      "demand_lb": 1e-06,
      "head_a": 207.88591888303313,
      "head_a_tag": "",
      "head_b": 207.93596698957785,
      "head_b_tag": "",
      "head_lb": 194.17031922671646,
      "head_ub": 225.82968077328354
    },
    "6": {
      "demand_a": 0.38983616266422744,
      "demand_b": 0.3051714866727068,
      "demand_lb": 1e-06,
      "head_a": 207.80435227535833,
      "head_a_tag": "",
      "head_b": 207.82165479350377,
      "head_b_tag": "",
      "head_lb": 193.36886889046428,
      "head_ub": 226.63113110953572
    }
  },
  "metadata": {
    "DEMAND_INTERVALS": false,
    "DEMAND_LB": 1e-06,
    "FIX_TOTAL_DEMAND": true,
    "GLOBAL_SOLVER": "couenne",
    "HEADLOSS_MODEL": "hw",
    "MEASUREMENT_HEADS_EQUAL_ONLY": true,
    "MEASUREMENT_SITES": [
      "1"
    ],
    "MULTI_STARTS": 10,
    "MULTI_START_NOISE": 0.05,
    "NORM": 2,
    "PIPE_BOUNDS": true,
    "PIPE_BOUND_METHOD": "perturb",
    "PIPE_BOUND_PERTURB_BASE": "base",
    "PIPE_BOUND_PERTURB_FIX_TOTAL": true,
    "PIPE_BOUND_PERTURB_SAMPLES": 25,
    "PIPE_BOUND_PERTURB_SEED": 1,
    "PIPE_BOUND_PERTURB_SIGMA": 0.15,
    "PIPE_BOUND_POLICY": "minmax",
    "PIPE_BOUND_SAFENESS": 0.85,
    "RADIUS": true,
    "SCENARIO_SOURCE": "base",
    "SINGLE_NODE_SOLUTION": false,
    "SOLVER": "hexaly_xd",
    "USE_RESERVOIR_OUTFLOW_CONSTRAINT": false,
    "WDN_NAME": "Alperovits",
    "output_dir": "data/Alperovits-B-batch-20260401-112751/1",
    "timestamp": "20260401-112751"
  },
  "output_dir": "data/Alperovits-B-batch-20260401-112751/1",
  "pipes": {
    "1": {
      "flow_a": 1.1200000047683716,
      "flow_a_tag": "lb",
      "flow_b": 1.1200000047683716,
      "flow_b_tag": "lb",
      "flow_lb": 1.1200000047683716,
      "flow_ub": 1.1200000047683716,
      "headloss_res_a": -10.660510326434622,
      "headloss_res_b": -10.660510326434622
    },
    "2": {
      "flow_a": 0.44602769541922177,
      "flow_a_tag": "",
      "flow_b": 0.4422515325379172,
      "flow_b_tag": "",
      "flow_lb": 0.44223544001579285,
      "flow_ub": 0.4648970067501068,
      "headloss_res_a": -1.6536378372702214,
      "headloss_res_b": -1.625396166717308
    },
    "3": {
      "flow_a": 0.5723684728073306,
      "flow_a_tag": "",
      "flow_b": 0.5527365869223181,
      "flow_b_tag": "",
      "flow_lb": 0.5527145266532898,
      "flow_ub": 0.5940340161323547,
      "headloss_res_a": -2.7404889640695576,
      "headloss_res_b": -2.553489026994888
    },
    "4": {
      "flow_a": 0.17557384903194434,
      "flow_a_tag": "ub",
      "flow_b": 0.13220331777238659,
      "flow_b_tag": "lb",
      "flow_lb": 0.13220331072807312,
      "flow_ub": 0.17557385563850403,
      "headloss_res_a": -0.24956434513994608,
      "headloss_res_b": -0.1402389271609426
    },
    "5": {
      "flow_a": 0.2926696593672621,
      "flow_a_tag": "",
      "flow_b": 0.3061519266366061,
      "flow_b_tag": "",
      "flow_lb": 0.2579752802848816,
      "flow_ub": 0.329729825258255,
      "headloss_res_a": -0.7039279212221559,
      "headloss_res_b": -0.7712458509251255
    },
    "6": {
      "flow_a": 0.09716650329696534,
      "flow_a_tag": "ub",
      "flow_b": -0.0009804399638992658,
      "flow_b_tag": "lb",
      "flow_lb": -0.000980442389845848,
      "flow_ub": 0.097166508436203,
      "headloss_res_a": -0.07498534870224292,
      "headloss_res_b": 5.918661023075486e-06
    },
    "7": {
      "flow_a": 0.38594850206137543,
      "flow_a_tag": "ub",
      "flow_b": 0.3411029944844199,
      "flow_b_tag": "lb",
      "flow_lb": 0.3411029875278473,
      "flow_ub": 0.38594850897789,
      "headloss_res_a": -1.233442023270634,
      "headloss_res_b": -0.9602473726832568
    },
    "8": {
      "flow_a": 0.19736751003166664,
      "flow_a_tag": "lb",
      "flow_b": 0.2693558272968926,
      "flow_b_tag": "ub",
      "flow_lb": 0.19736750423908234,
      "flow_ub": 0.269355833530426,
      "headloss_res_a": -0.3164881389881968,
      "headloss_res_b": -0.5948502307448174
    }
  },
  "summary": {
    "flow_at_bounds": {
      "a_lb": 2,
      "a_ub": 3,
      "b_lb": 4,
      "b_ub": 1
    },
    "head_at_bounds": {
      "a_lb": 0,
      "a_ub": 0,
      "b_lb": 0,
      "b_ub": 0
    },
    "head_bounds_count": 6,
    "junction_count": 6,
    "min_demand_slack_a": 0.06007819335784634,
    "min_demand_slack_b": 0.10114753805349733,
    "pipe_count": 8,
    "total_demand_a": 1.1200000047683716,
    "total_demand_b": 1.1200000047683716,
    "total_demand_res_a": 0.0,
    "total_demand_res_b": 0.0,
    "total_demand_target": 1.1200000047683716
  }
}