{
  "best_bound": null,
  "demands_a": {
    "1": 0.1002010067347013,
    "2": 0.10160383654181926,
    "3": 0.06007919335784634,
    "4": 0.10412496440812419,
    "5": 0.3641548410616532,
    "6": 0.38983616266422744,
    "7": -1.1200000047683716
  },
  "demands_b": {
    "1": 0.2703362672607919,
    "2": 0.12501188530813634,
    "3": 0.10114853805349733,
    "4": 0.11438134251332538,
    "5": 0.20395048495991386,
    "6": 0.3051714866727068,
    "7": -1.1200000047683716
  },
  "flows_a": {
    "1": 1.1200000047683716,
    "2": 0.44602769541922177,
    "3": 0.5723684728073306,
    "4": 0.17557384903194434,
    "5": 0.2926696593672621,
    "6": 0.09716650329696534,
    "7": 0.38594850206137543,
    "8": 0.19736751003166664
  },
  "flows_b": {
    "1": 1.1200000047683716,
    "2": 0.4422515325379172,
    "3": 0.5527365869223181,
    "4": 0.13220331777238659,
    "5": 0.3061519266366061,
    "6": -0.0009804399638992658,
    "7": 0.3411029944844199,
    "8": 0.2693558272968926
  },
  "heads_a": {
    "1": 207.82165131629247,
    "2": 208.3993620394407,
    "3": 208.10845151530543,
    "4": 207.93766537775804,
    "5": 207.88591888303313,
    "6": 207.80435227535833,
    "7": 210.0
  },
  "heads_b": {
    "1": 207.82165131629247,
    "2": 208.3993620394407,
    "3": 208.11299636464477,
    "4": 207.96656422380943,
    "5": 207.93596698957785,
    "6": 207.82165479350377,
    "7": 210.0
  },
  "max_violation": 0.0,
  "min_demand_viol": 0.06007819335784634,
  "norm": 2,
  "objective": 0.06411937106161614,
  "p": 1,
  "radius": 0.25321803068031334,
  "solver_status": "HxSolutionStatus.OPTIMAL"
}