{
  "best_bound": null,
  "demands_a": {
    "1": 0.2703352293687665,
    "2": 0.08846131955897629,
    "3": 0.12109722568920162,
    "4": 0.1309824291273321,
    "5": 0.20395202816591235,
    "6": 0.3051717728581828,
    "7": -1.1200000047683716
  },
  "demands_b": {
    "1": 0.10020192068160268,
    "2": 0.10838705215497901,
    "3": 0.056326826396672025,
    "4": 0.10109523565500589,
    "5": 0.36415337957974137,
    "6": 0.3898355903003705,
    "7": -1.1200000047683716
  },
  "flows_a": {
    "1": 1.1200000047683716,
    "2": 0.4622006458683017,
    "3": 0.5693380393410937,
    "4": 0.13220388968387004,
    "5": 0.3061517205298916,
    "6": -0.0009799476717087684,
    "7": 0.34110342017910006,
    "8": 0.26935528169705775
  },
  "flows_b": {
    "1": 1.1200000047683716,
    "2": 0.44227491327229784,
    "3": 0.5693380393410946,
    "4": 0.1755733025230721,
    "5": 0.29266950116301665,
    "6": 0.09716608913735385,
    "7": 0.3859480868756258,
    "8": 0.19736800981895652
  },
  "heads_a": {
    "1": 207.79726961083773,
    "2": 208.3993620394407,
    "3": 208.08861463951678,
    "4": 207.94218233465352,
    "5": 207.91158485528416,
    "6": 207.7972730850206,
    "7": 210.0
  },
  "heads_b": {
    "1": 207.82616827009207,
    "2": 208.3993620394407,
    "3": 208.11296832715382,
    "4": 207.94218233465352,
    "5": 207.8904361382324,
    "6": 207.80886936571474,
    "7": 210.0
  },
  "max_violation": 0.0,
  "min_demand_viol": 0.056325826396672024,
  "norm": 2,
  "objective": 0.06726326148119639,
  "p": 2,
  "radius": 0.25935161746400653,
  "solver_status": "HxSolutionStatus.OPTIMAL"
}