{
  "best_bound": null,
  "demands_a": {
    "1": 0.13321895947580992,
    "2": 0.09660973481915791,
    "3": 0.0765407355980734,
    "4": 0.11182447630395242,
    "5": 0.3314902836746392,
    "6": 0.37031581489673865,
    "7": -1.1200000047683716
  },
  "demands_b": {
    "1": 0.20000002160669528,
    "2": 0.09999996423719515,
    "3": 0.10000002384185125,
    "4": 0.11999998986721161,
    "5": 0.26999999582767725,
    "6": 0.3300000093877411,
    "7": -1.1200000047683716
  },
  "flows_a": {
    "1": 1.1200000047683716,
    "2": 0.4515699699948499,
    "3": 0.5718202999543637,
    "4": 0.16816598082328985,
    "5": 0.29182984282712143,
    "6": 0.07848597206961723,
    "7": 0.3750292343967765,
    "8": 0.21170493154542713
  },
  "flows_b": {
    "1": 1.1200000047683716,
    "2": 0.454535527086314,
    "3": 0.5654645134448625,
    "4": 0.1527674436021871,
    "5": 0.29269707997546374,
    "6": 0.037302929412277364,
    "7": 0.35453550324446276,
    "8": 0.23730295101897264
  },
  "heads_a": {
    "1": 207.8175276620309,
    "2": 208.3993620394407,
    "3": 208.10172146844948,
    "4": 207.9384839597021,
    "5": 207.89070811504837,
    "6": 207.80587845968034,
    "7": 210.0
  },
  "heads_b": {
    "1": 207.81752766203095,
    "2": 208.3993620394407,
    "3": 208.09809129587055,
    "4": 207.94792618511337,
    "5": 207.9079348048752,
    "6": 207.8145899497896,
    "7": 210.0
  },
  "max_violation": 0.0,
  "min_demand_viol": 0.0765397355980734,
  "norm": 2.0,
  "objective": 0.010494800815105334,
  "p": 1,
  "radius": 0.10244413509374431,
  "solver_status": "HxSolutionStatus.OPTIMAL"
}