{
  "C_bounds": {
    "1": 1.1200000047683716,
    "2": 0.4648970067501068,
    "3": 0.5940340161323547,
    "4": 0.17557385563850403,
    "5": 0.329729825258255,
    "6": 0.097166508436203,
    "7": 0.38594850897789,
    "8": 0.269355833530426
  },
  "c_bounds": {
    "1": 1.1200000047683716,
    "2": 0.44223544001579285,
    "3": 0.5527145266532898,
    "4": 0.13220331072807312,
    "5": 0.2579752802848816,
    "6": -0.000980442389845848,
    "7": 0.3411029875278473,
    "8": 0.19736750423908234
  }
}