{
  "junctions": {
    "1": {
      "demand_a": 0.19451512777051322,
      "demand_b": 0.122526826280826,
      "demand_lb": 1e-06,
      "head_a": 207.8110097271144,
      "head_a_tag": "",
      "head_b": 207.8110097271144,
      "head_b_tag": "",
      "head_lb": 193.4611532898627,
      "head_ub": 226.5388467101373
    },
    "2": {
      "demand_a": 0.11623442830935549,
      "demand_b": 0.07191269593252181,
      "demand_lb": 1e-06,
      "head_a": 208.3993620394407,
      "head_a_tag": "",
      "head_b": 208.3993620394407,
      "head_b_tag": "",
      "head_lb": 197.73885171300606,
      "head_ub": 222.26114828699394
    },
    "3": {
      "demand_a": 0.10994791124301012,
      "demand_b": 0.06881619806504324,
      "demand_lb": 1e-06,
      "head_a": 208.10235477304855,
      "head_a_tag": "",
      "head_b": 208.097809925616,
      "head_b_tag": "",
      "head_lb": 195.62629393444394,
      "head_ub": 224.37370606555606
    },
    "4": {
      "demand_a": 0.06759791193224463,
      "demand_b": 0.20314378801278954,
      "demand_lb": 1e-06,
      "head_a": 207.96659601095087,
      "head_a_tag": "",
      "head_b": 207.90587462712435,
      "head_b_tag": "",
      "head_lb": 194.2896568934707,
      "head_ub": 225.7103431065293
    },
    "5": {
      "demand_a": 0.2271341130403992,
      "demand_b": 0.320784521222811,
      "demand_lb": 1e-06,
      "head_a": 207.92532539361335,
      "head_a_tag": "",
      "head_b": 207.87527729816287,
      "head_b_tag": "",
      "head_lb": 194.17031922671646,
      "head_ub": 225.82968077328354
    },
    "6": {
      "demand_a": 0.4045705124728489,
      "demand_b": 0.33281597525438,
      "demand_lb": 1e-06,
      "head_a": 207.8003426749819,
      "head_a_tag": "",
      "head_b": 207.80034267498186,
      "head_b_tag": "",
      "head_lb": 193.36886889046428,
      "head_ub": 226.63113110953572
    }
  },
  "metadata": {
    "DEMAND_INTERVALS": false,
    "DEMAND_LB": 1e-06,
    "FIX_TOTAL_DEMAND": true,
    "GLOBAL_SOLVER": "couenne",
    "HEADLOSS_MODEL": "hw",
    "MEASUREMENT_HEADS_EQUAL_ONLY": true,
    "MEASUREMENT_SITES": [
      "1",
      "6"
    ],
    "MULTI_STARTS": 10,
    "MULTI_START_NOISE": 0.05,
    "NORM": 2,
    "PIPE_BOUNDS": true,
    "PIPE_BOUND_METHOD": "perturb",
    "PIPE_BOUND_PERTURB_BASE": "base",
    "PIPE_BOUND_PERTURB_FIX_TOTAL": true,
    "PIPE_BOUND_PERTURB_SAMPLES": 25,
    "PIPE_BOUND_PERTURB_SEED": 1,
    "PIPE_BOUND_PERTURB_SIGMA": 0.15,
    "PIPE_BOUND_POLICY": "minmax",
    "PIPE_BOUND_SAFENESS": 0.85,
    "RADIUS": true,
    "SCENARIO_SOURCE": "base",
    "SINGLE_NODE_SOLUTION": false,
    "SOLVER": "hexaly_xd",
    "USE_RESERVOIR_OUTFLOW_CONSTRAINT": false,
    "WDN_NAME": "Alperovits",
    "output_dir": "data/Alperovits-B-batch-20260401-112751/1_6",
    "timestamp": "20260401-112751"
  },
  "output_dir": "data/Alperovits-B-batch-20260401-112751/1_6",
  "pipes": {
    "1": {
      "flow_a": 1.1200000047683716,
      "flow_a_tag": "lb",
      "flow_b": 1.1200000047683716,
      "flow_b_tag": "lb",
      "flow_lb": 1.1200000047683716,
      "flow_ub": 1.1200000047683716,
      "headloss_res_a": -10.660510326434622,
      "headloss_res_b": -10.660510326434622
    },
    "2": {
      "flow_a": 0.45105091027371,
      "flow_a_tag": "",
      "flow_b": 0.45476469561469574,
      "flow_b_tag": "",
      "flow_lb": 0.44223544001579285,
      "flow_ub": 0.4648970067501068,
      "headloss_res_a": -1.691587183760994,
      "headloss_res_b": -1.719923841704675
    },
    "3": {
      "flow_a": 0.5527146661853061,
      "flow_a_tag": "lb",
      "flow_b": 0.593322613221154,
      "flow_b_tag": "",
      "flow_lb": 0.5527145266532898,
      "flow_ub": 0.5940340161323547,
      "headloss_res_a": -2.5532839551622257,
      "headloss_res_b": -2.9474509845942443
    },
    "4": {
      "flow_a": 0.1553869326768288,
      "flow_a_tag": "",
      "flow_b": 0.13220354085073668,
      "flow_b_tag": "lb",
      "flow_lb": 0.13220331072807312,
      "flow_ub": 0.17557385563850403,
      "headloss_res_a": -0.19473594742879052,
      "headloss_res_b": -0.14023940896545803
    },
    "5": {
      "flow_a": 0.32972982157623265,
      "flow_a_tag": "ub",
      "flow_b": 0.2579752843576278,
      "flow_b_tag": "lb",
      "flow_lb": 0.2579752802848816,
      "flow_ub": 0.329729825258255,
      "headloss_res_a": -0.8964487938368957,
      "headloss_res_b": -0.5449740310882446
    },
    "6": {
      "flow_a": 0.07484069089661628,
      "flow_a_tag": "",
      "flow_b": 0.07484069089675219,
      "flow_b_tag": "",
      "flow_lb": -0.000980442389845848,
      "flow_ub": 0.097166508436203,
      "headloss_res_a": -0.04408125209981945,
      "headloss_res_b": -0.044081252099989865
    },
    "7": {
      "flow_a": 0.3411029990306999,
      "flow_a_tag": "lb",
      "flow_b": 0.3859484975496525,
      "flow_b_tag": "ub",
      "flow_lb": 0.3411029875278473,
      "flow_ub": 0.38594850897789,
      "headloss_res_a": -0.960247398630627,
      "headloss_res_b": -1.2334419940492454
    },
    "8": {
      "flow_a": 0.2693558186671295,
      "flow_a_tag": "ub",
      "flow_b": 0.1973675171775782,
      "flow_b_tag": "lb",
      "flow_lb": 0.19736750423908234,
      "flow_ub": 0.269355833530426,
      "headloss_res_a": -0.5948501920899826,
      "headloss_res_b": -0.3164881622517484
    }
  },
  "summary": {
    "flow_at_bounds": {
      "a_lb": 3,
      "a_ub": 2,
      "b_lb": 4,
      "b_ub": 1
    },
    "head_at_bounds": {
      "a_lb": 0,
      "a_ub": 0,
      "b_lb": 0,
      "b_ub": 0
    },
    "head_bounds_count": 6,
    "junction_count": 6,
    "min_demand_slack_a": 0.06759691193224462,
    "min_demand_slack_b": 0.06881519806504324,
    "pipe_count": 8,
    "total_demand_a": 1.1200000047683716,
    "total_demand_b": 1.1200000047683716,
    "total_demand_res_a": 0.0,
    "total_demand_res_b": 0.0,
    "total_demand_target": 1.1200000047683716
  }
}