{
  "best_bound": null,
  "demands_a": {
    "1": 0.19451512777051322,
    "2": 0.11623442830935549,
    "3": 0.10994791124301012,
    "4": 0.06759791193224463,
    "5": 0.2271341130403992,
    "6": 0.4045705124728489,
    "7": -1.1200000047683716
  },
  "demands_b": {
    "1": 0.122526826280826,
    "2": 0.07191269593252181,
    "3": 0.06881619806504324,
    "4": 0.20314378801278954,
    "5": 0.320784521222811,
    "6": 0.33281597525438,
    "7": -1.1200000047683716
  },
  "flows_a": {
    "1": 1.1200000047683716,
    "2": 0.45105091027371,
    "3": 0.5527146661853061,
    "4": 0.1553869326768288,
    "5": 0.32972982157623265,
    "6": 0.07484069089661628,
    "7": 0.3411029990306999,
    "8": 0.2693558186671295
  },
  "flows_b": {
    "1": 1.1200000047683716,
    "2": 0.45476469561469574,
    "3": 0.593322613221154,
    "4": 0.13220354085073668,
    "5": 0.2579752843576278,
    "6": 0.07484069089675219,
    "7": 0.3859484975496525,
    "8": 0.1973675171775782
  },
  "heads_a": {
    "1": 207.8110097271144,
    "2": 208.3993620394407,
    "3": 208.10235477304855,
    "4": 207.96659601095087,
    "5": 207.92532539361335,
    "6": 207.8003426749819,
    "7": 210.0
  },
  "heads_b": {
    "1": 207.8110097271144,
    "2": 208.3993620394407,
    "3": 208.097809925616,
    "4": 207.90587462712435,
    "5": 207.87527729816287,
    "6": 207.80034267498186,
    "7": 210.0
  },
  "max_violation": 0.0,
  "min_demand_viol": 0.06759691193224462,
  "norm": 2,
  "objective": 0.04113034642781972,
  "p": 2,
  "radius": 0.20280617946162222,
  "solver_status": "HxSolutionStatus.OPTIMAL"
}