{
  "junctions": {
    "1": {
      "demand_a": 0.13321638324475837,
      "demand_b": 0.24684264064546138,
      "demand_lb": 1e-06,
      "head_a": 207.82402284949922,
      "head_a_tag": "",
      "head_b": 207.80190708467242,
      "head_b_tag": "",
      "head_lb": 193.62708714484413,
      "head_ub": 226.37291285515587
    },
    "2": {
      "demand_a": 0.10632314843509438,
      "demand_b": 0.08916607980082225,
      "demand_lb": 1e-06,
      "head_a": 208.3993620394407,
      "head_a_tag": "",
      "head_b": 208.3993620394407,
      "head_b_tag": "",
      "head_lb": 197.73885171300606,
      "head_ub": 222.26114828699394
    },
    "3": {
      "demand_a": 0.07119142860783995,
      "demand_b": 0.1158050018449126,
      "demand_lb": 1e-06,
      "head_a": 208.10821691859155,
      "head_a_tag": "",
      "head_b": 208.08966885770639,
      "head_b_tag": "",
      "head_lb": 195.6583771104362,
      "head_ub": 224.3416228895638
    },
    "4": {
      "demand_a": 0.10745801593188153,
      "demand_b": 0.12934428319927116,
      "demand_lb": 1e-06,
      "head_a": 207.94497879481594,
      "head_a_tag": "",
      "head_b": 207.94197028677436,
      "head_b_tag": "",
      "head_lb": 194.40450298777,
      "head_ub": 225.59549701223
    },
    "5": {
      "demand_a": 0.33149428685836624,
      "demand_b": 0.22550076302238425,
      "demand_lb": 1e-06,
      "head_a": 207.8972023029679,
      "head_a_tag": "",
      "head_b": 207.90834306349126,
      "head_b_tag": "",
      "head_lb": 194.28361303052068,
      "head_ub": 225.71638696947932
    },
    "6": {
      "demand_a": 0.3703167416904311,
      "demand_b": 0.3133412362555199,
      "demand_lb": 1e-06,
      "head_a": 207.81237336829514,
      "head_a_tag": "",
      "head_b": 207.80152935183773,
      "head_b_tag": "",
      "head_lb": 193.56687411412554,
      "head_ub": 226.43312588587446
    }
  },
  "metadata": {
    "DEMAND_INTERVALS": false,
    "DEMAND_LB": 1e-06,
    "FIX_TOTAL_DEMAND": true,
    "GLOBAL_SOLVER": "couenne",
    "HEADLOSS_MODEL": "hw",
    "MEASUREMENT_HEADS_EQUAL_ONLY": true,
    "MEASUREMENT_SITES": [],
    "MULTI_STARTS": 10,
    "MULTI_START_NOISE": 0.05,
    "NORM": 2,
    "PIPE_BOUNDS": true,
    "PIPE_BOUND_METHOD": "perturb",
    "PIPE_BOUND_PERTURB_BASE": "base",
    "PIPE_BOUND_PERTURB_FIX_TOTAL": true,
    "PIPE_BOUND_PERTURB_SAMPLES": 25,
    "PIPE_BOUND_PERTURB_SEED": 1,
    "PIPE_BOUND_PERTURB_SIGMA": 0.1,
    "PIPE_BOUND_POLICY": "minmax",
    "PIPE_BOUND_SAFENESS": 0.85,
    "RADIUS": true,
    "SCENARIO_SOURCE": "base",
    "SINGLE_NODE_SOLUTION": false,
    "SOLVER": "hexaly_xd",
    "USE_RESERVOIR_OUTFLOW_CONSTRAINT": false,
    "WDN_NAME": "Alperovits",
    "output_dir": "data/Alperovits-B-batch-20260401-112324/none",
    "timestamp": "20260401-112324"
  },
  "output_dir": "data/Alperovits-B-batch-20260401-112324/none",
  "pipes": {
    "1": {
      "flow_a": 1.1200000047683716,
      "flow_a_tag": "lb",
      "flow_b": 1.1200000047683716,
      "flow_b_tag": "lb",
      "flow_lb": 1.1200000047683716,
      "flow_ub": 1.1200000047683716,
      "headloss_res_a": -10.660510326434622,
      "headloss_res_b": -10.660510326434622
    },
    "2": {
      "flow_a": 0.44622187429280663,
      "flow_a_tag": "lb",
      "flow_b": 0.4613533158476953,
      "flow_b_tag": "ub",
      "flow_lb": 0.44622185826301575,
      "flow_ub": 0.4613533318042755,
      "headloss_res_a": -1.6550967336132965,
      "headloss_res_b": -1.7707812769230604
    },
    "3": {
      "flow_a": 0.5674549820404705,
      "flow_a_tag": "",
      "flow_b": 0.569480609119854,
      "flow_b_tag": "",
      "flow_lb": 0.5568748712539673,
      "flow_ub": 0.5840606689453125,
      "headloss_res_a": -2.6930601076972374,
      "headloss_res_b": -2.712562374910944
    },
    "4": {
      "flow_a": 0.1681672106803071,
      "flow_a_tag": "ub",
      "flow_b": 0.1391186499727193,
      "flow_b_tag": "lb",
      "flow_lb": 0.13911864161491394,
      "flow_ub": 0.16816721856594086,
      "headloss_res_a": -0.22864877490585095,
      "headloss_res_b": -0.15554867503281986
    },
    "5": {
      "flow_a": 0.2918297554282819,
      "flow_a_tag": "",
      "flow_b": 0.3010176759478635,
      "flow_b_tag": "",
      "flow_lb": 0.27015259861946106,
      "flow_ub": 0.3175203204154968,
      "headloss_res_a": -0.6998370606906027,
      "headloss_res_b": -0.7452436634579954
    },
    "6": {
      "flow_a": 0.07848698626214921,
      "flow_a_tag": "ub",
      "flow_b": 0.012323560307656384,
      "flow_b_tag": "lb",
      "flow_lb": 0.012323553673923016,
      "flow_ub": 0.07848699390888214,
      "headloss_res_a": -0.048563537781799095,
      "headloss_res_b": -0.0011067236979740594
    },
    "7": {
      "flow_a": 0.3750304456849667,
      "flow_a_tag": "ub",
      "flow_b": 0.3455483140027827,
      "flow_b_tag": "lb",
      "flow_lb": 0.3455483019351959,
      "flow_ub": 0.3750304579734802,
      "headloss_res_a": -1.1637493741988734,
      "headloss_res_b": -0.9857865229088199
    },
    "8": {
      "flow_a": 0.21170336950690757,
      "flow_a_tag": "lb",
      "flow_b": 0.25916620095311776,
      "flow_b_tag": "ub",
      "flow_lb": 0.211703360080719,
      "flow_ub": 0.2591662108898163,
      "headloss_res_a": -0.3648977323329863,
      "headloss_res_b": -0.5500898565139775
    }
  },
  "summary": {
    "flow_at_bounds": {
      "a_lb": 3,
      "a_ub": 3,
      "b_lb": 4,
      "b_ub": 2
    },
    "head_at_bounds": {
      "a_lb": 0,
      "a_ub": 0,
      "b_lb": 0,
      "b_ub": 0
    },
    "head_bounds_count": 6,
    "junction_count": 6,
    "min_demand_slack_a": 0.07119042860783995,
    "min_demand_slack_b": 0.08916507980082225,
    "pipe_count": 8,
    "total_demand_a": 1.1200000047683716,
    "total_demand_b": 1.1200000047683716,
    "total_demand_res_a": 0.0,
    "total_demand_res_b": 0.0,
    "total_demand_target": 1.1200000047683716
  }
}