{
  "junctions": {
    "1": {
      "demand_a": 0.2468426393922335,
      "demand_b": 0.13321638284067588,
      "demand_lb": 1e-06,
      "head_a": 207.82017551845888,
      "head_a_tag": "",
      "head_b": 207.8237432208677,
      "head_b_tag": "",
      "head_lb": 193.62708714484413,
      "head_ub": 226.37291285515587
    },
    "2": {
      "demand_a": 0.11646272982529515,
      "demand_b": 0.10590325433835046,
      "demand_lb": 1e-06,
      "head_a": 208.3993620394407,
      "head_a_tag": "",
      "head_b": 208.3993620394407,
      "head_b_tag": "",
      "head_lb": 197.73885171300606,
      "head_ub": 222.26114828699394
    },
    "3": {
      "demand_a": 0.1009049205736271,
      "demand_b": 0.07142278654000489,
      "demand_lb": 1e-06,
      "head_a": 208.10793729094522,
      "head_a_tag": "",
      "head_b": 208.10793729094522,
      "head_b_tag": "",
      "head_lb": 195.6583771104362,
      "head_ub": 224.3416228895638
    },
    "4": {
      "demand_a": 0.11694771222354222,
      "demand_b": 0.10764655406586887,
      "demand_lb": 1e-06,
      "head_a": 207.96023872180373,
      "head_a_tag": "",
      "head_b": 207.94469916492557,
      "head_b_tag": "",
      "head_lb": 194.40450298777,
      "head_ub": 225.59549701223
    },
    "5": {
      "demand_a": 0.22550076301563043,
      "demand_b": 0.33149428699477645,
      "demand_lb": 1e-06,
      "head_a": 207.9266114977623,
      "head_a_tag": "",
      "head_b": 207.89692267397777,
      "head_b_tag": "",
      "head_lb": 194.28361303052068,
      "head_ub": 225.71638696947932
    },
    "6": {
      "demand_a": 0.3133412397380431,
      "demand_b": 0.3703167399886949,
      "demand_lb": 1e-06,
      "head_a": 207.81979778549027,
      "head_a_tag": "",
      "head_b": 207.81209373970526,
      "head_b_tag": "",
      "head_lb": 193.56687411412554,
      "head_ub": 226.43312588587446
    }
  },
  "metadata": {
    "DEMAND_LB": 1e-06,
    "DEMAND_RESTRICTION_MODE": null,
    "DEVIATION_ALPHA": null,
    "FIX_TOTAL_DEMAND": true,
    "GLOBAL_SOLVER": null,
    "HEADLOSS_MODEL": "hw",
    "MEASUREMENT_HEADS_EQUAL_ONLY": true,
    "MEASUREMENT_SITES": [
      "3"
    ],
    "MULTI_STARTS": 1,
    "MULTI_START_NOISE": 0.05,
    "MULTI_START_NOISE_REL": 0.25,
    "NORM": 2.0,
    "OUTPUT_DIR": "data/Alperovits/895be2d9",
    "PIPE_BOUNDS": true,
    "RADIUS_TO_FIXED": null,
    "SCENARIO": "base",
    "SCENARIO_FILE": "scenario/Alperovits/base.json",
    "SOLVER": "Hexaly_xd",
    "USE_RESERVOIR_OUTFLOW_CONSTRAINT": false,
    "WDN": "Alperovits",
    "WDN_NAME": "Alperovits",
    "output_dir": "data/Alperovits/895be2d9/3",
    "timestamp": "20260429-110837"
  },
  "output_dir": "data/Alperovits/895be2d9/3",
  "pipes": {
    "1": {
      "flow_a": 1.1200000047683716,
      "flow_a_tag": "lb",
      "flow_b": 1.1200000047683716,
      "flow_b_tag": "lb",
      "flow_lb": 1.1200000047683716,
      "flow_ub": 1.1200000047683716,
      "headloss_res_a": -10.660510326434622,
      "headloss_res_b": -10.660510326434622
    },
    "2": {
      "flow_a": 0.4464532335131695,
      "flow_a_tag": "",
      "flow_b": 0.44645323351316624,
      "flow_b_tag": "",
      "flow_lb": 0.44622185826301575,
      "flow_ub": 0.4613533318042755,
      "headloss_res_a": -1.6568358224662667,
      "headloss_res_b": -1.656835822466238
    },
    "3": {
      "flow_a": 0.5570840414299069,
      "flow_a_tag": "",
      "flow_b": 0.5676435169168548,
      "flow_b_tag": "",
      "flow_lb": 0.5568748712539673,
      "flow_ub": 0.5840606689453125,
      "headloss_res_a": -2.59432451733653,
      "headloss_res_b": -2.694872278707802
    },
    "4": {
      "flow_a": 0.13911865166529885,
      "flow_a_tag": "lb",
      "flow_b": 0.16816720896819476,
      "flow_b_tag": "ub",
      "flow_lb": 0.13911864161491394,
      "flow_ub": 0.16816721856594086,
      "headloss_res_a": -0.15554867887769697,
      "headloss_res_b": -0.22864877017750246
    },
    "5": {
      "flow_a": 0.3010176775410658,
      "flow_a_tag": "",
      "flow_b": 0.29182975388279114,
      "flow_b_tag": "",
      "flow_lb": 0.27015259861946106,
      "flow_ub": 0.3175203204154968,
      "headloss_res_a": -0.7452436714565238,
      "headloss_res_b": -0.6998370531740902
    },
    "6": {
      "flow_a": 0.012323562196977332,
      "flow_a_tag": "lb",
      "flow_b": 0.07848698610590375,
      "flow_b_tag": "ub",
      "flow_lb": 0.012323553673923016,
      "flow_ub": 0.07848699390888214,
      "headloss_res_a": -0.001106724019214078,
      "headloss_res_b": -0.04856353758370261
    },
    "7": {
      "flow_a": 0.3455483129395424,
      "flow_a_tag": "lb",
      "flow_b": 0.37503044697316135,
      "flow_b_tag": "ub",
      "flow_lb": 0.3455483019351959,
      "flow_ub": 0.3750304579734802,
      "headloss_res_a": -0.9857865167587105,
      "headloss_res_b": -1.1637493822994391
    },
    "8": {
      "flow_a": 0.25916620158921083,
      "flow_a_tag": "ub",
      "flow_b": 0.21170336894657962,
      "flow_b_tag": "lb",
      "flow_lb": 0.211703360080719,
      "flow_ub": 0.2591662108898163,
      "headloss_res_a": -0.5500898592521187,
      "headloss_res_b": -0.36489773037264134
    }
  },
  "summary": {
    "flow_at_bounds": {
      "a_lb": 4,
      "a_ub": 1,
      "b_lb": 2,
      "b_ub": 3
    },
    "head_at_bounds": {
      "a_lb": 0,
      "a_ub": 0,
      "b_lb": 0,
      "b_ub": 0
    },
    "head_bounds_count": 6,
    "junction_count": 6,
    "min_demand_slack_a": 0.1009039205736271,
    "min_demand_slack_b": 0.07142178654000489,
    "pipe_count": 8,
    "total_demand_a": 1.1200000047683716,
    "total_demand_b": 1.1200000047683714,
    "total_demand_res_a": 0.0,
    "total_demand_res_b": -2.220446049250313e-16,
    "total_demand_target": 1.1200000047683716
  }
}