{
  "best_bound": null,
  "demands_a": {
    "1": 0.2468426393922335,
    "2": 0.11646272982529515,
    "3": 0.1009049205736271,
    "4": 0.11694771222354222,
    "5": 0.22550076301563043,
    "6": 0.3133412397380431,
    "7": -1.1200000047683716
  },
  "demands_b": {
    "1": 0.13321638284067588,
    "2": 0.10590325433835046,
    "3": 0.07142278654000489,
    "4": 0.10764655406586887,
    "5": 0.33149428699477645,
    "6": 0.3703167399886949,
    "7": -1.1200000047683714
  },
  "flows_a": {
    "1": 1.1200000047683716,
    "2": 0.4464532335131695,
    "3": 0.5570840414299069,
    "4": 0.13911865166529885,
    "5": 0.3010176775410658,
    "6": 0.012323562196977332,
    "7": 0.3455483129395424,
    "8": 0.25916620158921083
  },
  "flows_b": {
    "1": 1.1200000047683716,
    "2": 0.44645323351316624,
    "3": 0.5676435169168548,
    "4": 0.16816720896819476,
    "5": 0.29182975388279114,
    "6": 0.07848698610590375,
    "7": 0.37503044697316135,
    "8": 0.21170336894657962
  },
  "heads_a": {
    "1": 207.82017551845888,
    "2": 208.3993620394407,
    "3": 208.10793729094522,
    "4": 207.96023872180373,
    "5": 207.9266114977623,
    "6": 207.81979778549027,
    "7": 210.0
  },
  "heads_b": {
    "1": 207.8237432208677,
    "2": 208.3993620394407,
    "3": 208.10793729094522,
    "4": 207.94469916492557,
    "5": 207.89692267397777,
    "6": 207.81209373970526,
    "7": 210.0
  },
  "max_violation": 0.0,
  "min_demand_viol": 0.07142178654000489,
  "norm": 2.0,
  "objective": 0.02845897122506012,
  "p": 1,
  "radius": 0.16869786965181308,
  "solver_status": "HxSolutionStatus.OPTIMAL"
}