{
  "junctions": {
    "10": {
      "demand_a": 0.013387436214063353,
      "demand_b": 0.0029000606830480447,
      "demand_lb": 1e-06,
      "head_a": 98.63905707184635,
      "head_a_tag": "",
      "head_b": 98.67871990722617,
      "head_b_tag": "",
      "head_lb": 86.59928162241783,
      "head_ub": 113.40071837758217
    },
    "11": {
      "demand_a": 0.0021760383407560674,
      "demand_b": 0.011003839365699347,
      "demand_lb": 1e-06,
      "head_a": 98.55437865519644,
      "head_a_tag": "",
      "head_b": 98.57416338240698,
      "head_b_tag": "",
      "head_lb": 85.54316009208108,
      "head_ub": 114.45683990791892
    },
    "12": {
      "demand_a": 0.014228321623759088,
      "demand_b": 0.0070415479026510845,
      "demand_lb": 1e-06,
      "head_a": 98.43167368574026,
      "head_a_tag": "",
      "head_b": 98.47605366646823,
      "head_b_tag": "",
      "head_lb": 84.33481739251032,
      "head_ub": 115.66518260748968
    },
    "13": {
      "demand_a": 0.008186439188852576,
      "demand_b": 0.015894998607274956,
      "demand_lb": 1e-06,
      "head_a": 98.23871231194154,
      "head_a_tag": "",
      "head_b": 98.23181059259242,
      "head_b_tag": "",
      "head_lb": 82.05642023912475,
      "head_ub": 117.94357976087525
    },
    "14": {
      "demand_a": 0.006822938283041434,
      "demand_b": 0.010496510683487786,
      "demand_lb": 1e-06,
      "head_a": 98.06253294083568,
      "head_a_tag": "",
      "head_b": 97.9950890550094,
      "head_b_tag": "",
      "head_lb": 78.36141323779582,
      "head_ub": 121.63858676220418
    },
    "15": {
      "demand_a": 0.01098850751810114,
      "demand_b": 0.007460289159493167,
      "demand_lb": 1e-06,
      "head_a": 99.09898545440659,
      "head_a_tag": "",
      "head_b": 99.10235343335414,
      "head_b_tag": "",
      "head_lb": 91.7092797959201,
      "head_ub": 108.2907202040799
    },
    "16": {
      "demand_a": 0.006389993128537825,
      "demand_b": 0.008122077201091052,
      "demand_lb": 1e-06,
      "head_a": 98.11409229122394,
      "head_a_tag": "",
      "head_b": 98.11409229122393,
      "head_b_tag": "",
      "head_lb": 80.45195379991088,
      "head_ub": 119.54804620008912
    },
    "17": {
      "demand_a": 0.006057666094613204,
      "demand_b": 0.004432777758063248,
      "demand_lb": 1e-06,
      "head_a": 97.92503140978977,
      "head_a_tag": "",
      "head_b": 97.92503140978974,
      "head_b_tag": "",
      "head_lb": 76.27685648606263,
      "head_ub": 123.72314351393737
    },
    "18": {
      "demand_a": 0.0014964522592556158,
      "demand_b": 0.0034543935205779263,
      "demand_lb": 1e-06,
      "head_a": 99.05650841843205,
      "head_a_tag": "",
      "head_b": 99.0505907503079,
      "head_b_tag": "",
      "head_lb": 91.21616132819784,
      "head_ub": 108.78383867180216
    },
    "19": {
      "demand_a": 0.0028482439573590673,
      "demand_b": 0.005140066626456937,
      "demand_lb": 1e-06,
      "head_a": 98.5148908120616,
      "head_a_tag": "",
      "head_b": 98.5358335192838,
      "head_b_tag": "",
      "head_lb": 85.09107641733966,
      "head_ub": 114.90892358266034
    },
    "20": {
      "demand_a": 0.004334823646084939,
      "demand_b": 0.0019322266357959684,
      "demand_lb": 1e-06,
      "head_a": 98.23068134259519,
      "head_a_tag": "",
      "head_b": 98.23824267187435,
      "head_b_tag": "",
      "head_lb": 81.95592940539649,
      "head_ub": 118.04407059460351
    },
    "21": {
      "demand_a": 0.011812955997437162,
      "demand_b": 0.008527743115355365,
      "demand_lb": 1e-06,
      "head_a": 98.0978889104902,
      "head_a_tag": "",
      "head_b": 98.10823470785921,
      "head_b_tag": "",
      "head_lb": 80.29368313429404,
      "head_ub": 119.70631686570596
    },
    "22": {
      "demand_a": 0.003949539383110892,
      "demand_b": 0.005361427720394168,
      "demand_lb": 1e-06,
      "head_a": 97.88903172926979,
      "head_a_tag": "",
      "head_b": 97.81151979079971,
      "head_b_tag": "",
      "head_lb": 75.36701637652837,
      "head_ub": 124.63298362347163
    },
    "23": {
      "demand_a": 0.002233662908633512,
      "demand_b": 0.0016508544884427682,
      "demand_lb": 1e-06,
      "head_a": 98.90971089507764,
      "head_a_tag": "",
      "head_b": 98.92423597472069,
      "head_b_tag": "",
      "head_lb": 89.28563267090023,
      "head_ub": 110.71436732909977
    },
    "24": {
      "demand_a": 0.004902105309508239,
      "demand_b": 0.003443412282469415,
      "demand_lb": 1e-06,
      "head_a": 98.4989771989399,
      "head_a_tag": "",
      "head_b": 98.52908357107222,
      "head_b_tag": "",
      "head_lb": 84.91835360074052,
      "head_ub": 115.08164639925948
    },
    "25": {
      "demand_a": 0.002534116755539259,
      "demand_b": 0.0036791528411057118,
      "demand_lb": 1e-06,
      "head_a": 98.22021645802363,
      "head_a_tag": "",
      "head_b": 98.21061221930252,
      "head_b_tag": "",
      "head_lb": 81.56952160812698,
      "head_ub": 118.43047839187302
    },
    "26": {
      "demand_a": 0.0017142511898022828,
      "demand_b": 0.002372062819564989,
      "demand_lb": 1e-06,
      "head_a": 98.08741245854749,
      "head_a_tag": "",
      "head_b": 98.06756330739313,
      "head_b_tag": "",
      "head_lb": 79.74597586422558,
      "head_ub": 120.25402413577442
    },
    "3": {
      "demand_a": 0.01124898176982822,
      "demand_b": 0.017388231572433327,
      "demand_lb": 1e-06,
      "head_a": 99.86548845892499,
      "head_a_tag": "",
      "head_b": 99.86548845892499,
      "head_b_tag": "",
      "head_lb": 98.86528131212901,
      "head_ub": 101.13471868787099
    },
    "4": {
      "demand_a": 0.01126909474606444,
      "demand_b": 1.0313560545316403e-06,
      "demand_lb": 1e-06,
      "head_a": 99.54822456120573,
      "head_a_tag": "",
      "head_b": 99.57428405553051,
      "head_b_tag": "",
      "head_lb": 96.22023709746742,
      "head_ub": 103.77976290253258
    },
    "5": {
      "demand_a": 0.004644635885421994,
      "demand_b": 0.0034472232625820005,
      "demand_lb": 1e-06,
      "head_a": 99.48462517449146,
      "head_a_tag": "",
      "head_b": 99.51068421446722,
      "head_b_tag": "",
      "head_lb": 95.64820714338538,
      "head_ub": 104.35179285661462
    },
    "6": {
      "demand_a": 0.0029535891309421733,
      "demand_b": 0.0040988845709577885,
      "demand_lb": 1e-06,
      "head_a": 99.03652580571539,
      "head_a_tag": "",
      "head_b": 99.02662093893282,
      "head_b_tag": "",
      "head_lb": 89.48828179556567,
      "head_ub": 110.51171820443433
    },
    "7": {
      "demand_a": 0.0016614507873251513,
      "demand_b": 0.0037823042163436446,
      "demand_lb": 1e-06,
      "head_a": 98.56547924547588,
      "head_a_tag": "",
      "head_b": 98.53231850939599,
      "head_b_tag": "",
      "head_lb": 83.45901484936377,
      "head_ub": 116.54098515063623
    },
    "8": {
      "demand_a": 0.009527413742837651,
      "demand_b": 0.0027031768929989975,
      "demand_lb": 1e-06,
      "head_a": 98.20825177242199,
      "head_a_tag": "",
      "head_b": 98.23530990464573,
      "head_b_tag": "",
      "head_lb": 81.64697482475928,
      "head_ub": 118.35302517524072
    },
    "9": {
      "demand_a": 0.0016313420199154383,
      "demand_b": 0.012665706598448498,
      "demand_lb": 1e-06,
      "head_a": 99.1844033530412,
      "head_a_tag": "",
      "head_b": 99.1718841980433,
      "head_b_tag": "",
      "head_lb": 92.48894338194484,
      "head_ub": 107.51105661805516
    }
  },
  "metadata": {
    "DEMAND_LB": 1e-06,
    "DEMAND_RESTRICTION_MODE": null,
    "DEVIATION_ALPHA": null,
    "FIX_TOTAL_DEMAND": true,
    "GLOBAL_SOLVER": null,
    "HEADLOSS_MODEL": "hw",
    "MEASUREMENT_HEADS_EQUAL_ONLY": true,
    "MEASUREMENT_SITES": [
      "16",
      "17"
    ],
    "MULTI_STARTS": 1,
    "MULTI_START_NOISE": 0.05,
    "MULTI_START_NOISE_REL": 0.25,
    "NORM": 2.0,