{
  "junctions": {
    "1": {
      "demand_a": 0.13321639494544957,
      "demand_b": 0.20000002160668462,
      "demand_lb": 1e-06,
      "head_a": 207.81389722382173,
      "head_a_tag": "",
      "head_b": 207.817527662031,
      "head_b_tag": "",
      "head_lb": 193.62708714484413,
      "head_ub": 226.37291285515587
    },
    "2": {
      "demand_a": 0.09121617574996188,
      "demand_b": 0.09999996423720892,
      "demand_lb": 1e-06,
      "head_a": 208.3993620394407,
      "head_a_tag": "",
      "head_b": 208.3993620394407,
      "head_b_tag": "",
      "head_lb": 197.73885171300606,
      "head_ub": 222.26114828699394
    },
    "3": {
      "demand_a": 0.07950508275901386,
      "demand_b": 0.10000002384186069,
      "demand_lb": 1e-06,
      "head_a": 208.09809129587055,
      "head_a_tag": "",
      "head_b": 208.09809129587055,
      "head_b_tag": "",
      "head_lb": 195.6583771104362,
      "head_ub": 224.3416228895638
    },
    "4": {
      "demand_a": 0.1142513456829014,
      "demand_b": 0.11999998986721017,
      "demand_lb": 1e-06,
      "head_a": 207.93485316913564,
      "head_a_tag": "",
      "head_b": 207.9479261851134,
      "head_b_tag": "",
      "head_lb": 194.40450298777,
      "head_ub": 225.59549701223
    },
    "5": {
      "demand_a": 0.3314942703618178,
      "demand_b": 0.2699999958276753,
      "demand_lb": 1e-06,
      "head_a": 207.88707668167368,
      "head_a_tag": "",
      "head_b": 207.9079348048752,
      "head_b_tag": "",
      "head_lb": 194.28361303052068,
      "head_ub": 225.71638696947932
    },
    "6": {
      "demand_a": 0.370316735269227,
      "demand_b": 0.33000000938773183,
      "demand_lb": 1e-06,
      "head_a": 207.80224774396189,
      "head_a_tag": "",
      "head_b": 207.81458994978965,
      "head_b_tag": "",
      "head_lb": 193.56687411412554,
      "head_ub": 226.43312588587446
    }
  },
  "metadata": {
    "DEMAND_LB": 1e-06,
    "DEMAND_RESTRICTION_MODE": null,
    "DEVIATION_ALPHA": null,
    "FIX_TOTAL_DEMAND": true,
    "GLOBAL_SOLVER": null,
    "HEADLOSS_MODEL": "hw",
    "MEASUREMENT_HEADS_EQUAL_ONLY": true,
    "MEASUREMENT_SITES": [
      "3"
    ],
    "MULTI_STARTS": 1,
    "MULTI_START_NOISE": 0.05,
    "MULTI_START_NOISE_REL": 0.25,
    "NORM": 2.0,
    "OUTPUT_DIR": "data/Alperovits/384aaa05",
    "PIPE_BOUNDS": true,
    "RADIUS_TO_FIXED": null,
    "SCENARIO": "base",
    "SCENARIO_FILE": "scenario/Alperovits/base.json",
    "SOLVER": "Hexaly_xd",
    "USE_RESERVOIR_OUTFLOW_CONSTRAINT": false,
    "WDN": "Alperovits",
    "WDN_NAME": "Alperovits",
    "output_dir": "data/Alperovits/384aaa05/3",
    "timestamp": "20260421-175245"
  },
  "output_dir": "data/Alperovits/384aaa05/3",
  "pipes": {
    "1": {
      "flow_a": 1.1200000047683716,
      "flow_a_tag": "lb",
      "flow_b": 1.1200000047683716,
      "flow_b_tag": "lb",
      "flow_lb": 1.1200000047683716,
      "flow_ub": 1.1200000047683716,
      "headloss_res_a": -10.660510326434622,
      "headloss_res_b": -10.660510326434622
    },
    "2": {
      "flow_a": 0.4545355270863196,
      "flow_a_tag": "",
      "flow_b": 0.4545355270863152,
      "flow_b_tag": "",
      "flow_lb": 0.44622185826301575,
      "flow_ub": 0.4613533318042755,
      "headloss_res_a": -1.718168369830086,
      "headloss_res_b": -1.718168369830047
    },
    "3": {
      "flow_a": 0.57424830193209,
      "flow_a_tag": "",
      "flow_b": 0.5654645134448474,
      "flow_b_tag": "",
      "flow_lb": 0.5568748712539673,
      "flow_ub": 0.5840606689453125,
      "headloss_res_a": -2.7587451654264643,
      "headloss_res_b": -2.6739655752427134
    },
    "4": {
      "flow_a": 0.16816720240747093,
      "flow_a_tag": "ub",
      "flow_b": 0.15276744360218703,
      "flow_b_tag": "",
      "flow_lb": 0.13911864161491394,
      "flow_ub": 0.16816721856594086,
      "headloss_res_a": -0.22864875209492858,
      "headloss_res_b": -0.18812512959319078
    },
    "5": {
      "flow_a": 0.2918297538417176,
      "flow_a_tag": "",
      "flow_b": 0.2926970799754502,
      "flow_b_tag": "",
      "flow_lb": 0.27015259861946106,
      "flow_ub": 0.3175203204154968,
      "headloss_res_a": -0.699837052986321,
      "headloss_res_b": -0.7040616800892484
    },
    "6": {
      "flow_a": 0.07848698142750936,
      "flow_a_tag": "ub",
      "flow_b": 0.03730292941228163,
      "flow_b_tag": "",
      "flow_lb": 0.012323553673923016,
      "flow_ub": 0.07848699390888214,
      "headloss_res_a": -0.04856353170803175,
      "headloss_res_b": -0.010663605073567462
    },
    "7": {
      "flow_a": 0.37503044432730576,
      "flow_a_tag": "ub",
      "flow_b": 0.35453550324445454,
      "flow_b_tag": "",
      "flow_lb": 0.3455483019351959,
      "flow_ub": 0.3750304579734802,
      "headloss_res_a": -1.1637493656719802,
      "headloss_res_b": -1.038454963103744
    },
    "8": {
      "flow_a": 0.2117033763729589,
      "flow_a_tag": "lb",
      "flow_b": 0.23730295101896626,
      "flow_b_tag": "",
      "flow_lb": 0.211703360080719,
      "flow_ub": 0.2591662108898163,
      "headloss_res_a": -0.3648977563655352,
      "headloss_res_b": -0.46002194161441523
    }
  },
  "summary": {
    "flow_at_bounds": {
      "a_lb": 2,
      "a_ub": 3,
      "b_lb": 1,
      "b_ub": 0
    },
    "head_at_bounds": {
      "a_lb": 0,
      "a_ub": 0,
      "b_lb": 0,
      "b_ub": 0
    },
    "head_bounds_count": 6,
    "junction_count": 6,
    "min_demand_slack_a": 0.07950408275901386,
    "min_demand_slack_b": 0.09999896423720891,
    "pipe_count": 8,
    "total_demand_a": 1.1200000047683716,
    "total_demand_b": 1.1200000047683716,
    "total_demand_res_a": 0.0,
    "total_demand_res_b": 0.0,
    "total_demand_target": 1.1200000047683716
  }
}