{
  "best_bound": null,
  "demands_a": {
    "1": 0.13321638286516502,
    "2": 0.10092717991086575,
    "3": 0.074163333008687,
    "4": 0.1098820823213098,
    "5": 0.3314942869855452,
    "6": 0.37031673967679885,
    "7": -1.1200000047683716
  },
  "demands_b": {
    "1": 0.24684264112566517,
    "2": 0.11683477030742262,
    "3": 0.10070140324582166,
    "4": 0.11677918891862293,
    "5": 0.22550076305829037,
    "6": 0.31334123811254877,
    "7": -1.1200000047683716
  },
  "flows_a": {
    "1": 1.1200000047683716,
    "2": 0.4491937803924901,
    "3": 0.5698790444650158,
    "4": 0.1681672085419235,
    "5": 0.2918297536017825,
    "6": 0.07848698607501635,
    "7": 0.3750304473838031,
    "8": 0.21170336894018135
  },
  "flows_b": {
    "1": 1.1200000047683716,
    "2": 0.44624971580983236,
    "3": 0.5569155186511165,
    "4": 0.13911865208760707,
    "5": 0.30101767764488657,
    "6": 0.012323560467662201,
    "7": 0.3455483125640107,
    "8": 0.25916620159332737
  },
  "heads_a": {
    "1": 207.8204215027469,
    "2": 208.3993620394407,
    "3": 208.10461557324894,
    "4": 207.9413774465771,
    "5": 207.89360095585357,
    "6": 207.80877202159326,
    "7": 210.0
  },
  "heads_b": {
    "1": 207.82042150274694,
    "2": 208.3993620394407,
    "3": 208.10818327487138,
    "4": 207.96048470628398,
    "5": 207.9268574820535,
    "6": 207.8200437698808,
    "7": 210.0
  },
  "max_violation": 0.0,
  "min_demand_viol": 0.07416233300868699,
  "norm": 2.0,
  "objective": 0.0283966521428477,
  "p": 1,
  "radius": 0.168513062232124,
  "solver_status": "HxSolutionStatus.OPTIMAL"
}