{
  "demands_a": {
    "1": -9.321800387152024e-09,
    "2": 0.33245312393293114,
    "3": -6.469763336180989e-09,
    "4": -7.693744863424001e-09,
    "5": -7.693137182851473e-09,
    "6": 0.9428171308630684,
    "7": -1.2752702236175537
  },
  "demands_b": {
    "1": 1.1188685789172297,
    "2": 0.15640167528837612,
    "3": -4.724229230035348e-09,
    "4": -8.254197436663446e-09,
    "5": -8.12086664581102e-09,
    "6": -9.48875866768617e-09,
    "7": -1.2752702236175537
  },
  "flows_a": {
    "1": 1.2752702236175537,
    "2": 0.3843777765750272,
    "3": 0.5584393231095954,
    "4": -0.0060802495260783036,
    "5": 0.5645195803294186,
    "6": 0.3782975505336498,
    "7": 0.38437778304479053,
    "8": 0.3782975412118494
  },
  "flows_b": {
    "1": 1.2752702236175537,
    "2": 0.4697872356134817,
    "3": 0.6490813127156959,
    "4": 0.184854806941305,
    "5": 0.4642265140285884,
    "6": -0.46422652351734706,
    "7": 0.4697872403377109,
    "8": 0.6546420553998825
  },
  "heads_a": {
    "1": 207.3227264135164,
    "2": 207.96490478515625,
    "3": 207.7529324245025,
    "4": 207.53501931251103,
    "5": 207.53508562243147,
    "6": 207.06900024414062,
    "7": 210.0
  },
  "heads_b": {
    "1": 206.68691690142984,
    "2": 207.96490478515625,
    "3": 207.6482652633441,
    "4": 207.3841417093941,
    "5": 207.32285063811634,
    "6": 207.06900024414062,
    "7": 210.0
  },
  "max_violation": 0.0,
  "min_demand_viol": -9.321800387152024e-09,
  "norm": 2,
  "radius": 1.4736910091532227
}