{
  "junctions": {
    "1": {
      "demand_a": 0.23111898464528596,
      "demand_b": 0.10020099580287933,
      "demand_lb": 1e-06,
      "head_a": 207.82621518465402,
      "head_a_tag": "",
      "head_b": 207.82621535506001,
      "head_b_tag": "",
      "head_lb": 193.4611532898627,
      "head_ub": 226.5388467101373
    },
    "2": {
      "demand_a": 0.0885308212753877,
      "demand_b": 0.10845824143941263,
      "demand_lb": 1e-06,
      "head_a": 208.3993620394407,
      "head_a_tag": "",
      "head_b": 208.3993620394407,
      "head_b_tag": "",
      "head_lb": 197.73885171300606,
      "head_ub": 222.26114828699394
    },
    "3": {
      "demand_a": 0.12105989893667357,
      "demand_b": 0.05628693103790283,
      "demand_lb": 1e-06,
      "head_a": 208.08866165390245,
      "head_a_tag": "",
      "head_b": 208.113015662089,
      "head_b_tag": "",
      "head_lb": 195.62629393444394,
      "head_ub": 224.37370606555606
    },
    "4": {
      "demand_a": 0.1655976125269722,
      "demand_b": 0.10106276612361553,
      "demand_lb": 1e-06,
      "head_a": 207.94222951873084,
      "head_a_tag": "",
      "head_b": 207.94222951873084,
      "head_b_tag": "",
      "head_lb": 194.2896568934707,
      "head_ub": 225.7103431065293
    },
    "5": {
      "demand_a": 0.2431677560004803,
      "demand_b": 0.3641548603773117,
      "demand_lb": 1e-06,
      "head_a": 207.911632285522,
      "head_a_tag": "",
      "head_b": 207.89048302243097,
      "head_b_tag": "",
      "head_lb": 194.17031922671646,
      "head_ub": 225.82968077328354
    },
    "6": {
      "demand_a": 0.27052493138357175,
      "demand_b": 0.38983620998724966,
      "demand_lb": 1e-06,
      "head_a": 207.82621866205702,
      "head_a_tag": "",
      "head_b": 207.80891631243134,
      "head_b_tag": "",
      "head_lb": 193.36886889046428,
      "head_ub": 226.63113110953572
    }
  },
  "metadata": {
    "DEMAND_INTERVALS": false,
    "DEMAND_LB": 1e-06,
    "FIX_TOTAL_DEMAND": true,
    "GLOBAL_SOLVER": "couenne",
    "HEADLOSS_MODEL": "hw",
    "MEASUREMENT_HEADS_EQUAL_ONLY": true,
    "MEASUREMENT_SITES": [
      "1",
      "4"
    ],
    "MULTI_STARTS": 10,
    "MULTI_START_NOISE": 0.05,
    "NORM": 2,
    "PIPE_BOUNDS": true,
    "PIPE_BOUND_METHOD": "perturb",
    "PIPE_BOUND_PERTURB_BASE": "base",
    "PIPE_BOUND_PERTURB_FIX_TOTAL": true,
    "PIPE_BOUND_PERTURB_SAMPLES": 25,
    "PIPE_BOUND_PERTURB_SEED": 1,
    "PIPE_BOUND_PERTURB_SIGMA": 0.15,
    "PIPE_BOUND_POLICY": "minmax",
    "PIPE_BOUND_SAFENESS": 0.85,
    "RADIUS": true,
    "SCENARIO_SOURCE": "base",
    "SINGLE_NODE_SOLUTION": false,
    "SOLVER": "hexaly_xd",
    "USE_RESERVOIR_OUTFLOW_CONSTRAINT": false,
    "WDN_NAME": "Alperovits",
    "output_dir": "data/Alperovits-B-batch-20260401-112751/1_4",
    "timestamp": "20260401-112751"
  },
  "output_dir": "data/Alperovits-B-batch-20260401-112751/1_4",
  "pipes": {
    "1": {
      "flow_a": 1.1200000047683716,
      "flow_a_tag": "lb",
      "flow_b": 1.1200000047683716,
      "flow_b_tag": "lb",
      "flow_lb": 1.1200000047683716,
      "flow_ub": 1.1200000047683716,
      "headloss_res_a": -10.660510326434622,
      "headloss_res_b": -10.660510326434622
    },
    "2": {
      "flow_a": 0.46216288646452086,
      "flow_a_tag": "",
      "flow_b": 0.44223544001579285,
      "flow_b_tag": "lb",
      "flow_lb": 0.44223544001579285,
      "flow_ub": 0.4648970067501068,
      "headloss_res_a": -1.7770820026714085,
      "headloss_res_b": -1.6252763374079453
    },
    "3": {
      "flow_a": 0.5693062970284629,
      "flow_a_tag": "",
      "flow_b": 0.5693063233131662,
      "flow_b_tag": "",
      "flow_lb": 0.5527145266532898,
      "flow_ub": 0.5940340161323547,
      "headloss_res_a": -2.710881323886383,
      "headloss_res_b": -2.7108816164189133
    },
    "4": {
      "flow_a": 0.13220331072807312,
      "flow_a_tag": "lb",
      "flow_b": 0.17557385563850403,
      "flow_b_tag": "ub",
      "flow_lb": 0.13220331072807312,
      "flow_ub": 0.17557385563850403,
      "headloss_res_a": -0.1402389099780228,
      "headloss_res_b": -0.24956436624066408
    },
    "5": {
      "flow_a": 0.2715053737734176,
      "flow_a_tag": "",
      "flow_b": 0.29266970155104666,
      "flow_b_tag": "",
      "flow_lb": 0.2579752802848816,
      "flow_ub": 0.329729825258255,
      "headloss_res_a": -0.6045189567856182,
      "headloss_res_b": -0.7039280586729525
    },
    "6": {
      "flow_a": -0.000980442389845848,
      "flow_a_tag": "lb",
      "flow_b": 0.097166508436203,
      "flow_b_tag": "ub",
      "flow_lb": -0.000980442389845848,
      "flow_ub": 0.097166508436203,
      "headloss_res_a": 5.918515815959591e-06,
      "headloss_res_b": -0.0749853567697476
    },
    "7": {
      "flow_a": 0.3411029875278473,
      "flow_a_tag": "lb",
      "flow_b": 0.38594850897789,
      "flow_b_tag": "ub",
      "flow_lb": 0.3411029875278473,
      "flow_ub": 0.38594850897789,
      "headloss_res_a": -0.9602473329816885,
      "headloss_res_b": -1.233442068069439
    },
    "8": {
      "flow_a": 0.23013854225544012,
      "flow_a_tag": "",
      "flow_b": 0.19736750423908234,
      "flow_b_tag": "lb",
      "flow_lb": 0.19736750423908234,
      "flow_ub": 0.269355833530426,
      "headloss_res_a": -0.43227770961976264,
      "headloss_res_b": -0.31648801600812176
    }
  },
  "summary": {
    "flow_at_bounds": {
      "a_lb": 4,
      "a_ub": 0,
      "b_lb": 3,
      "b_ub": 3
    },
    "head_at_bounds": {
      "a_lb": 0,
      "a_ub": 0,
      "b_lb": 0,
      "b_ub": 0
    },
    "head_bounds_count": 6,
    "junction_count": 6,
    "min_demand_slack_a": 0.0885298212753877,
    "min_demand_slack_b": 0.05628593103790283,
    "pipe_count": 8,
    "total_demand_a": 1.1200000047683714,
    "total_demand_b": 1.1200000047683716,
    "total_demand_res_a": 0.0,
    "total_demand_res_b": 2.220446049250313e-16,
    "total_demand_target": 1.1200000047683714
  }
}