{
  "best_bound": null,
  "demands_a": {
    "1": 0.23111898464528596,
    "2": 0.0885308212753877,
    "3": 0.12105989893667357,
    "4": 0.1655976125269722,
    "5": 0.2431677560004803,
    "6": 0.27052493138357175,
    "7": -1.1200000047683714
  },
  "demands_b": {
    "1": 0.10020099580287933,
    "2": 0.10845824143941263,
    "3": 0.05628693103790283,
    "4": 0.10106276612361553,
    "5": 0.3641548603773117,
    "6": 0.38983620998724966,
    "7": -1.1200000047683716
  },
  "flows_a": {
    "1": 1.1200000047683716,
    "2": 0.46216288646452086,
    "3": 0.5693062970284629,
    "4": 0.13220331072807312,
    "5": 0.2715053737734176,
    "6": -0.000980442389845848,
    "7": 0.3411029875278473,
    "8": 0.23013854225544012
  },
  "flows_b": {
    "1": 1.1200000047683716,
    "2": 0.44223544001579285,
    "3": 0.5693063233131662,
    "4": 0.17557385563850403,
    "5": 0.29266970155104666,
    "6": 0.097166508436203,
    "7": 0.38594850897789,
    "8": 0.19736750423908234
  },
  "heads_a": {
    "1": 207.82621518465402,
    "2": 208.3993620394407,
    "3": 208.08866165390245,
    "4": 207.94222951873084,
    "5": 207.911632285522,
    "6": 207.82621866205702,
    "7": 210.0
  },
  "heads_b": {
    "1": 207.82621535506001,
    "2": 208.3993620394407,
    "3": 208.113015662089,
    "4": 207.94222951873084,
    "5": 207.89048302243097,
    "6": 207.80891631243134,
    "7": 210.0
  },
  "max_violation": 0.0,
  "min_demand_viol": 0.05628593103790283,
  "norm": 2,
  "objective": 0.05476996627518886,
  "p": 2,
  "radius": 0.23402984056566134,
  "solver_status": "HxSolutionStatus.OPTIMAL"
}