{
  "demands_a": {
    "1": 0.21343497739772804,
    "2": 0.019338683226282072,
    "3": 0.30197594580954856,
    "4": 0.12406717134952872,
    "5": 0.06827387791569212,
    "6": 0.5481795679187742,
    "7": -1.2752702236175537
  },
  "demands_b": {
    "1": 0.21343497739772804,
    "2": 0.14222962110448623,
    "3": 0.009846005218830445,
    "4": 0.12406717134952872,
    "5": 0.23751288062820602,
    "6": 0.5481795679187742,
    "7": -1.2752702236175537
  },
  "flows_a": {
    "1": 1.2752702236175537,
    "2": 0.5927622755978756,
    "3": 0.663169264793396,
    "4": 0.11209401488304138,
    "5": 0.42700807856082595,
    "6": 0.1211714893579483,
    "7": 0.2907863297883271,
    "8": 0.33460646675567635
  },
  "flows_b": {
    "1": 1.2752702236175537,
    "2": 0.46987133771967143,
    "3": 0.663169264793396,
    "4": 0.11209401488304138,
    "5": 0.42700807856082595,
    "6": 0.1211714893579483,
    "7": 0.460025332500841,
    "8": 0.33460646675567635
  },
  "heads_a": {
    "1": 207.09503173828125,
    "2": 207.96490478515625,
    "3": 207.46079653075577,
    "4": 207.35865783691406,
    "5": 207.33612060546875,
    "6": 207.06900024414062,
    "7": 210.0
  },
  "heads_b": {
    "1": 207.09503173828125,
    "2": 207.96490478515625,
    "3": 207.64815188290396,
    "4": 207.35865783691406,
    "5": 207.33612060546875,
    "6": 207.06900024414062,
    "7": 210.0
  },
  "max_violation": 0.0,
  "min_demand_viol": 0.019338683226282072,
  "radius": 0.35928251396532984
}