{
  "best_radius": 0.35928251396532984,
  "runs": [
    {
      "max_violation": 0.0,
      "min_demand_viol": 0.019338684157340857,
      "radius": 0.35928251036757014,
      "run": 0,
      "start_flows": {
        "1": 1.284562374438632,
        "2": 0.5970506353681513,
        "3": 0.6940887266650588,
        "4": 0.12042663772526642,
        "5": 0.4089821752851831,
        "6": 0.13130516007410012,
        "7": 0.3524517901884049,
        "8": 0.4416618197849019
      },
      "start_heads": {
        "1": 207.08409215508462,
        "2": 207.9297180233659,
        "3": 207.38417780788197,
        "4": 207.3274941137872,
        "5": 207.3381869044361,
        "6": 206.95274870540868,
        "7": 209.93770445263735
      },
      "success": false
    },
    {
      "max_violation": 0.0,
      "min_demand_viol": 0.01933868322628296,
      "radius": 0.35928251396532973,
      "run": 1,
      "start_flows": {
        "1": 1.2416624956487898,
        "2": 0.5764429293898509,
        "3": 0.646252586324437,
        "4": 0.13576315868632108,
        "5": 0.48789131241537254,
        "6": 0.10679867418142416,
        "7": 0.35557496145938233,
        "8": 0.3610480379541091
      },
      "start_heads": {
        "1": 207.0721454469979,
        "2": 207.9824802886609,
        "3": 207.49262239051686,
        "4": 207.3633584518021,
        "5": 207.29894564300105,
        "6": 207.0229139753277,
        "7": 210.0110097561735
      },
      "success": false
    },
    {
      "max_violation": 0.0,
      "min_demand_viol": 0.019338683226284292,
      "radius": 0.359282513965329,
      "run": 2,
      "start_flows": {
        "1": 1.2277949542070257,
        "2": 0.5931970997891307,
        "3": 0.6541063436471708,
        "4": 0.14222391110190483,
        "5": 0.4464986000685557,
        "6": 0.13099404278062193,
        "7": 0.25456035746098105,
        "8": 0.38782708994380133
      },
      "start_heads": {
        "1": 207.13409730831629,
        "2": 208.00410355865932,
        "3": 207.5221204386953,
        "4": 207.29570456030885,
        "5": 207.4118167942057,
        "6": 207.13629401532975,
        "7": 210.01322278151648
      },
      "success": false
    },
    {
      "max_violation": 0.0,
      "min_demand_viol": 0.019338683226282072,
      "radius": 0.35928251396532984,
      "run": 3,
      "start_flows": {
        "1": 1.262579722657141,
        "2": 0.6765569127095643,
        "3": 0.760080509965393,
        "4": 0.2052633753609207,
        "5": 0.5015208321799571,
        "6": 0.1310944278615737,
        "7": 0.22683585631778946,
        "8": 0.3940850649724356
      },
      "start_heads": {
        "1": 207.03582583994339,
        "2": 207.99772853191007,
        "3": 207.3830308082468,
        "4": 207.37841393992315,
        "5": 207.35761379020985,
        "6": 207.10380238033878,
        "7": 209.96691487139805
      },
      "success": false
    },
    {
      "max_violation": 0.0,
      "min_demand_viol": 0.019338683229162434,
      "radius": 0.35928251395458555,
      "run": 4,
      "start_flows": {
        "1": 1.2564541010268013,
        "2": 0.5451657831440732,
        "3": 0.7490359879994014,
        "4": 0.09038609544550684,
        "5": 0.4522141254162487,
        "6": 0.10029678005492967,
        "7": 0.36642543187200416,
        "8": 0.4603258209825317
      },
      "start_heads": {
        "1": 207.06413638604587,
        "2": 207.99657241629748,
        "3": 207.33727338740195,
        "4": 207.36125928562706,
        "5": 207.37030491500758,
        "6": 207.11919832293273,
        "7": 210.0911005681664
      },
      "success": false
    },
    {
      "max_violation": 0.0,
      "min_demand_viol": 0.01933868322628074,
      "radius": 0.3592825139653293,
      "run": 5,
      "start_flows": {
        "1": 1.2122543148832976,
        "2": 0.5705794774419555,
        "3": 0.7088200935485959,
        "4": 0.11763436255888002,
        "5": 0.5358852731255014,
        "6": 0.12265136695424916,
        "7": 0.2555920834222867,
        "8": 0.37542959636679935
      },
      "start_heads": {
        "1": 207.05730144871825,
        "2": 207.9103474792753,
        "3": 207.38356487311495,
        "4": 207.39017841145247,
        "5": 207.3651788960894,
        "6": 207.1337281851127,
        "7": 210.0844553726222
      },
      "success": false
    },
    {
      "max_violation": 0.0,
      "min_demand_viol": 0.01933868322628851,
      "radius": 0.35928251396532807,
      "run": 6,
      "start_flows": {
        "1": 1.263906477993529,
        "2": 0.6823762924749457,
        "3": 0.6404283017837649,
        "4": 0.07840746725050068,
        "5": 0.448254912521172,
        "6": 0.1647980615720995,
        "7": 0.29530226676766524,
        "8": 0.3650313304222729
      },
      "start_heads": {
        "1": 207.04131349536982,
        "2": 207.8978437994524,
        "3": 207.3773728706884,
        "4": 207.38379197940782,
        "5": 207.38560625713305,
        "6": 207.06078551450935,
        "7": 210.0436521076311
      },
      "success": false
    },
    {
      "max_violation": 0.0,
      "min_demand_viol": 0.019338683226278075,
      "radius": 0.3592825139653293,
      "run": 7,
      "start_flows": {
        "1": 1.2142561661482336,
        "2": 0.5680024737797528,
        "3": 0.6931184868198996,
        "4": 0.002674573188884838,
        "5": 0.45508412382155394,
        "6": 0.08414336550815071,
        "7": 0.29271577280578875,
        "8": 0.39052269531739864
      },
      "start_heads": {
        "1": 207.13721837139641,
        "2": 207.97501050490845,
        "3": 207.4821574782696,
        "4": 207.32073934936915,
        "5": 207.40716970658434,
        "6": 207.105304933588,
        "7": 210.05824319905554
      },
      "success": false
    },
    {
      "max_violation": 0.0,
      "min_demand_viol": 0.019338683226281406,
      "radius": 0.3592825139653279,
      "run": 8,
      "start_flows": {
        "1": 1.3176552744692558,
        "2": 0.645859812561646,
        "3": 0.665847274680039,
        "4": 0.04384293931812781,
        "5": 0.42901338894138796,
        "6": 0.0747496753197906,
        "7": 0.21611469950612736,
        "8": 0.40723041117408915
      },
      "start_heads": {
        "1": 207.1611546117696,
        "2": 207.93647731244886,
        "3": 207.3959586595337,
        "4": 207.30650778291047,
        "5": 207.3495414594542,
        "6": 207.08693384159915,
        "7": 209.9993042665738
      },
      "success": false
    },
    {
      "max_violation": 0.0,
      "min_demand_viol": 0.019338683226288955,
      "radius": 0.35928251396532773,
      "run": 9,
      "start_flows": {
        "1": 1.3303678513446036,
        "2": 0.6737691198713425,
        "3": 0.7195758759503793,
        "4": -0.003083563446234283,
        "5": 0.4971998299034097,
        "6": 0.13020640774105802,
        "7": 0.3084403555745654,
        "8": 0.4128691425152527
      },
      "start_heads": {
        "1": 207.0548451458552,
        "2": 207.9840426431698,
        "3": 207.46341959244688,
        "4": 207.34071217148713,
        "5": 207.24103884054995,
        "6": 207.06355450774527,
        "7": 210.0540081706269
      },
      "success": false
    }
  ],
  "unique_local_optima": 1
}