{
  "best_bound": null,
  "demands_a": {
    "1": 0.15881596583913837,
    "2": 0.11360011210979692,
    "3": 0.08161442950501174,
    "4": 0.08028527448286099,
    "5": 0.29547169137457013,
    "6": 0.39021253145699336,
    "7": -1.1200000047683716
  },
  "demands_b": {
    "1": 0.20000002160669506,
    "2": 0.09999996423722046,
    "3": 0.10000002384185225,
    "4": 0.11999998986720578,
    "5": 0.2699999958276583,
    "6": 0.33000000938773977,
    "7": -1.1200000047683716
  },
  "flows_a": {
    "1": 1.1200000047683716,
    "2": 0.4462218639485768,
    "3": 0.5601780287099978,
    "4": 0.16816720795047818,
    "5": 0.3117255462766586,
    "6": 0.07848698518033476,
    "7": 0.3646074344435651,
    "8": 0.23730295101947313
  },
  "flows_b": {
    "1": 1.1200000047683716,
    "2": 0.45453552708628875,
    "3": 0.5654645134448624,
    "4": 0.15276744360218714,
    "5": 0.29269707997546945,
    "6": 0.037302929412270286,
    "7": 0.3545355032444365,
    "8": 0.23730295101896534
  },
  "heads_a": {
    "1": 207.8175276620309,
    "2": 208.3993620394407,
    "3": 208.1082169311554,
    "4": 207.95571129528253,
    "5": 207.90793480487537,
    "6": 207.80587818119056,
    "7": 210.0
  },
  "heads_b": {
    "1": 207.81752766203095,
    "2": 208.3993620394407,
    "3": 208.0980912958706,
    "4": 207.9479261851134,
    "5": 207.90793480487528,
    "6": 207.8145899497896,
    "7": 210.0
  },
  "max_violation": 0.0,
  "min_demand_viol": 0.08028427448286099,
  "norm": 2.0,
  "objective": 0.008070734256774457,
  "p": 2,
  "radius": 0.08983726541238027,
  "solver_status": "HxSolutionStatus.OPTIMAL"
}