{
  "junctions": {
    "10": {
      "demand_a": 0.0033444143778888213,
      "demand_b": 0.011048651094070105,
      "demand_lb": 1e-06,
      "head_a": 98.66781294157728,
      "head_a_tag": "",
      "head_b": 98.66781294157728,
      "head_b_tag": "",
      "head_lb": 86.59928162241783,
      "head_ub": 113.40071837758217
    },
    "11": {
      "demand_a": 0.011003821194663074,
      "demand_b": 0.002176055008983893,
      "demand_lb": 1e-06,
      "head_a": 98.56325657232269,
      "head_a_tag": "",
      "head_b": 98.58313439923067,
      "head_b_tag": "",
      "head_lb": 85.54316009208108,
      "head_ub": 114.45683990791892
    },
    "12": {
      "demand_a": 0.008591067760801204,
      "demand_b": 0.013029567921097229,
      "demand_lb": 1e-06,
      "head_a": 98.46514695000033,
      "head_a_tag": "",
      "head_b": 98.46042934042094,
      "head_b_tag": "",
      "head_lb": 84.33481739251032,
      "head_ub": 115.66518260748968
    },
    "13": {
      "demand_a": 0.013798564928710478,
      "demand_b": 0.009278201218465575,
      "demand_lb": 1e-06,
      "head_a": 98.247834699189,
      "head_a_tag": "",
      "head_b": 98.247834699189,
      "head_b_tag": "",
      "head_lb": 82.05642023912475,
      "head_ub": 117.94357976087525
    },
    "14": {
      "demand_a": 0.010601642999693418,
      "demand_b": 0.006597801142994449,
      "demand_lb": 1e-06,
      "head_a": 98.01111676136226,
      "head_a_tag": "",
      "head_b": 98.0716525368988,
      "head_b_tag": "",
      "head_lb": 78.36141323779582,
      "head_ub": 121.63858676220418
    },
    "15": {
      "demand_a": 0.007460309612562348,
      "demand_b": 0.010988504149743257,
      "demand_lb": 1e-06,
      "head_a": 99.09313915634513,
      "head_a_tag": "",
      "head_b": 99.09898594996702,
      "head_b_tag": "",
      "head_lb": 91.7092797959201,
      "head_ub": 108.2907202040799
    },
    "16": {
      "demand_a": 0.006594576565576016,
      "demand_b": 0.008571356539341778,
      "demand_lb": 1e-06,
      "head_a": 98.11900059350539,
      "head_a_tag": "",
      "head_b": 98.12102149503438,
      "head_b_tag": "",
      "head_lb": 80.45195379991088,
      "head_ub": 119.54804620008912
    },
    "17": {
      "demand_a": 0.0038974075620105022,
      "demand_b": 0.006728310803165034,
      "demand_lb": 1e-06,
      "head_a": 97.94861039668363,
      "head_a_tag": "",
      "head_b": 97.91068278117076,
      "head_b_tag": "",
      "head_lb": 76.27685648606263,
      "head_ub": 123.72314351393737
    },
    "18": {
      "demand_a": 0.003454499450815251,
      "demand_b": 0.0014967249936084278,
      "demand_lb": 1e-06,
      "head_a": 99.04137650090495,
      "head_a_tag": "",
      "head_b": 99.05650904429858,
      "head_b_tag": "",
      "head_lb": 91.21616132819784,
      "head_ub": 108.78383867180216
    },
    "19": {
      "demand_a": 0.0060130329593361224,
      "demand_b": 0.0022217661754195366,
      "demand_lb": 1e-06,
      "head_a": 98.52492642475003,
      "head_a_tag": "",
      "head_b": 98.54364665311937,
      "head_b_tag": "",
      "head_lb": 85.09107641733966,
      "head_ub": 114.90892358266034
    },
    "20": {
      "demand_a": 1.1282306505988604e-06,
      "demand_b": 0.005380000020402955,
      "demand_lb": 1e-06,
      "head_a": 98.25426744305862,
      "head_a_tag": "",
      "head_b": 98.23980312370136,
      "head_b_tag": "",
      "head_lb": 81.95592940539649,
      "head_ub": 118.04407059460351
    },
    "21": {
      "demand_a": 0.01301021858672585,
      "demand_b": 0.007954756702980889,
      "demand_lb": 1e-06,
      "head_a": 98.10279651329338,
      "head_a_tag": "",
      "head_b": 98.11516428289548,
      "head_b_tag": "",
      "head_lb": 80.29368313429404,
      "head_ub": 119.70631686570596
    },
    "22": {
      "demand_a": 0.005369687022419117,
      "demand_b": 0.003959674867262618,
      "demand_lb": 1e-06,
      "head_a": 97.83508082195462,
      "head_a_tag": "",
      "head_b": 97.87470654383985,
      "head_b_tag": "",
      "head_lb": 75.36701637652837,
      "head_ub": 124.63298362347163
    },
    "23": {
      "demand_a": 0.0016345067784523286,
      "demand_b": 0.002508542000035156,
      "demand_lb": 1e-06,
      "head_a": 98.91502467128797,
      "head_a_tag": "",
      "head_b": 98.90971992769576,
      "head_b_tag": "",
      "head_lb": 89.28563267090023,
      "head_ub": 110.71436732909977
    },
    "24": {
      "demand_a": 0.003701230772154204,
      "demand_b": 0.0044464205270300945,
      "demand_lb": 1e-06,
      "head_a": 98.51817640330236,
      "head_a_tag": "",
      "head_b": 98.52773193281199,
      "head_b_tag": "",
      "head_lb": 84.91835360074052,
      "head_ub": 115.08164639925948
    },
    "25": {
      "demand_a": 0.003564636373576492,
      "demand_b": 0.002399042637591057,
      "demand_lb": 1e-06,
      "head_a": 98.22663621010877,
      "head_a_tag": "",
      "head_b": 98.22934071945696,
      "head_b_tag": "",
      "head_lb": 81.56952160812698,
      "head_ub": 118.43047839187302
    },
    "26": {
      "demand_a": 0.0013169525248688117,
      "demand_b": 0.002939358602786805,
      "demand_lb": 1e-06,
      "head_a": 98.0923236421563,
      "head_a_tag": "",
      "head_b": 98.07448083111711,
      "head_b_tag": "",
      "head_lb": 79.74597586422558,
      "head_ub": 120.25402413577442
    },
    "3": {
      "demand_a": 0.015189886202425423,
      "demand_b": 0.01124904883227787,
      "demand_lb": 1e-06,
      "head_a": 99.86548845892499,
      "head_a_tag": "",
      "head_b": 99.86548845892499,
      "head_b_tag": "",
      "head_lb": 98.86528131212901,
      "head_ub": 101.13471868787099
    },
    "4": {
      "demand_a": 1.053211247714625e-06,
      "demand_b": 0.01126908601667849,
      "demand_lb": 1e-06,
      "head_a": 99.56507077115913,
      "head_a_tag": "",
      "head_b": 99.54822485147527,
      "head_b_tag": "",
      "head_lb": 96.22023709746742,
      "head_ub": 103.77976290253258
    },
    "5": {
      "demand_a": 0.007063592837158159,
      "demand_b": 0.004201005140484052,
      "demand_lb": 1e-06,
      "head_a": 99.49334689631385,
      "head_a_tag": "",
      "head_b": 99.484625649697,
      "head_b_tag": "",
      "head_lb": 95.64820714338538,
      "head_ub": 104.35179285661462
    },
    "6": {
      "demand_a": 0.0021654167914238603,
      "demand_b": 0.004255746612435701,
      "demand_lb": 1e-06,
      "head_a": 99.0517336173361,
      "head_a_tag": "",
      "head_b": 99.02335388205044,
      "head_b_tag": "",
      "head_lb": 89.48828179556567,
      "head_ub": 110.51171820443433
    },
    "7": {
      "demand_a": 0.003972747450823166,
      "demand_b": 0.0011760797726413398,
      "demand_lb": 1e-06,
      "head_a": 98.54834785887213,
      "head_a_tag": "",
      "head_b": 98.57459540740263,
      "head_b_tag": "",
      "head_lb": 83.45901484936377,
      "head_ub": 116.54098515063623
    },
    "8": {
      "demand_a": 0.0027034140211825257,
      "demand_b": 0.00952726937586956,
      "demand_lb": 1e-06,
      "head_a": 98.25133408251573,
      "head_a_tag": "",
      "head_b": 98.21737291986989,
      "head_b_tag": "",
      "head_lb": 81.64697482475928,
      "head_ub": 118.35302517524072
    },
    "9": {
      "demand_a": 0.01254619166562522,
      "demand_b": 0.003597029725424833,
      "demand_lb": 1e-06,
      "head_a": 99.16267003255322,
      "head_a_tag": "",
      "head_b": 99.18440369373933,
      "head_b_tag": "",
      "head_lb": 92.48894338194484,
      "head_ub": 107.51105661805516
    }
  },
  "metadata": {
    "DEMAND_LB": 1e-06,
    "DEMAND_RESTRICTION_MODE": null,
    "DEVIATION_ALPHA": null,
    "FIX_TOTAL_DEMAND": true,
    "GLOBAL_SOLVER": null,
    "HEADLOSS_MODEL": "hw",
    "MEASUREMENT_HEADS_EQUAL_ONLY": true,
    "MEASUREMENT_SITES": [
      "10",
      "13"
    ],
    "MULTI_STARTS": 1,
    "MULTI_START_NOISE": 0.05,
    "MULTI_START_NOISE_REL": 0.25,
    "NORM": 2.0,