{
  "best_bound": null,
  "demands_a": {
    "10": 0.0033444143778888213,
    "11": 0.011003821194663074,
    "12": 0.008591067760801204,
    "13": 0.013798564928710478,
    "14": 0.010601642999693418,
    "15": 0.007460309612562348,
    "16": 0.006594576565576016,
    "17": 0.0038974075620105022,
    "18": 0.003454499450815251,
    "19": 0.0060130329593361224,
    "20": 1.1282306505988604e-06,
    "21": 0.01301021858672585,
    "22": 0.005369687022419117,
    "23": 0.0016345067784523286,
    "24": 0.003701230772154204,
    "25": 0.003564636373576492,
    "26": 0.0013169525248688117,
    "27": -0.1469999998807907,
    "3": 0.015189886202425423,
    "4": 1.053211247714625e-06,
    "5": 0.007063592837158159,
    "6": 0.0021654167914238603,
    "7": 0.003972747450823166,
    "8": 0.0027034140211825257,
    "9": 0.01254619166562522
  },
  "demands_b": {
    "10": 0.011048651094070105,
    "11": 0.002176055008983893,
    "12": 0.013029567921097229,
    "13": 0.009278201218465575,
    "14": 0.006597801142994449,
    "15": 0.010988504149743257,
    "16": 0.008571356539341778,
    "17": 0.006728310803165034,
    "18": 0.0014967249936084278,
    "19": 0.0022217661754195366,
    "20": 0.005380000020402955,
    "21": 0.007954756702980889,
    "22": 0.003959674867262618,
    "23": 0.002508542000035156,
    "24": 0.0044464205270300945,
    "25": 0.002399042637591057,
    "26": 0.002939358602786805,
    "27": -0.1469999998807907,
    "3": 0.01124904883227787,
    "4": 0.01126908601667849,
    "5": 0.004201005140484052,
    "6": 0.004255746612435701,
    "7": 0.0011760797726413398,
    "8": 0.00952726937586956,
    "9": 0.003597029725424833
  },
  "flows_a": {
    "1": 0.1469999998807907,
    "10": 0.012258219128855528,
    "12": 0.06470642945802545,
    "13": 0.04339194507922348,
    "14": 0.03238812388456041,
    "15": 0.023797056123759205,
    "16": 0.019579780483993073,
    "17": 0.012119470871430725,
    "18": 0.024238119555268722,
    "19": 0.0009583211197245351,
    "2": 0.1318101136783653,
    "20": 0.011502031390448276,
    "21": 0.0016565761291621101,
    "22": 0.016610585015161317,
    "23": 0.01336043117665807,
    "24": 0.004907454824872259,
    "25": 0.004406147321434634,
    "26": 0.008664971420615473,
    "27": 0.0016145015807712815,
    "28": 0.0022907044881281123,
    "29": 0.0008515200933698432,
    "3": 0.03497665885947383,
    "30": 0.0021653158885862425,
    "31": 0.007030464642163145,
    "32": 0.0049437354507802225,
    "33": 0.003669803565331843,
    "34": 0.003204371133832874,
    "4": 0.027913066022315674,
    "5": 0.019479599676536234,
    "6": 0.015506852225713068,
    "7": 0.09683240160764374,
    "8": 0.00626804955435558,
    "9": -0.0005452190756750151
  },
  "flows_b": {
    "1": 0.1469999998807907,
    "10": 0.009358610855180262,
    "12": 0.06622572439078142,
    "13": 0.038722325292025336,
    "14": 0.03654627028304144,
    "15": 0.023516702361944215,
    "16": 0.021880838992521055,
    "17": 0.010892334842777797,
    "18": 0.022468199985051545,
    "19": -0.0010803520743652023,
    "2": 0.13575095104851284,
    "20": 0.011404257255243995,
    "21": 0.0027608097121858124,
    "22": 0.017680951526699636,
    "23": 0.012025389522350927,
    "24": 0.0028329007159022175,
    "25": 0.005131714079190325,
    "26": 0.00939560984916937,
    "27": 0.0025654822829323733,
    "28": 0.0013559140583109558,
    "29": 0.001771819456081929,
    "3": 0.03277827192310705,
    "30": 0.0011642129882111025,
    "31": 0.006887067849134214,
    "32": 0.005006129605036493,
    "33": 0.003963001025756392,
    "34": 0.002795461879051516,
    "4": 0.028577266782622995,
    "5": 0.018308068189821718,
    "6": 0.017131988417180378,
    "7": 0.0917035931087273,
    "8": 0.0060134519803655756,
    "9": 0.0017538918138694432
  },
  "heads_a": {
    "10": 98.66781294157728,
    "11": 98.56325657232269,
    "12": 98.46514695000033,
    "13": 98.247834699189,
    "14": 98.01111676136226,
    "15": 99.09313915634513,
    "16": 98.11900059350539,
    "17": 97.94861039668363,
    "18": 99.04137650090495,
    "19": 98.52492642475003,
    "20": 98.25426744305862,
    "21": 98.10279651329338,
    "22": 97.83508082195462,
    "23": 98.91502467128797,
    "24": 98.51817640330236,
    "25": 98.22663621010877,
    "26": 98.0923236421563,
    "27": 100.0,
    "3": 99.86548845892499,
    "4": 99.56507077115913,
    "5": 99.49334689631385,
    "6": 99.0517336173361,
    "7": 98.54834785887213,
    "8": 98.25133408251573,
    "9": 99.16267003255322
  },
  "heads_b": {
    "10": 98.66781294157728,
    "11": 98.58313439923067,
    "12": 98.46042934042094,
    "13": 98.247834699189,
    "14": 98.0716525368988,
    "15": 99.09898594996702,
    "16": 98.12102149503438,
    "17": 97.91068278117076,
    "18": 99.05650904429858,
    "19": 98.54364665311937,
    "20": 98.23980312370136,
    "21": 98.11516428289548,
    "22": 97.87470654383985,
    "23": 98.90971992769576,
    "24": 98.52773193281199,
    "25": 98.22934071945696,
    "26": 98.07448083111711,
    "27": 100.0,
    "3": 99.86548845892499,
    "4": 99.54822485147527,
    "5": 99.484625649697,
    "6": 99.02335388205044,
    "7": 98.57459540740263,
    "8": 98.21737291986989,
    "9": 99.18440369373933
  },
  "max_violation": 0.0,
  "min_demand_viol": 5.321124771462498e-08,
  "norm": 2.0,
  "objective": 0.0005873505015814926,
  "p": 2,
  "radius": 0.024235315173966532,
  "solver_status": "HxSolutionStatus.OPTIMAL"
}