{
  "best_radius": 0.3718727039931655,
  "norm": 2,
  "runs": [
    {
      "max_violation": 0.0,
      "min_demand_viol": 0.008320745545700281,
      "radius": 0.3293546362013548,
      "run": 0,
      "start_flows": {
        "1": 1.281564743284342,
        "2": 0.49965965123780065,
        "3": 0.6951854375153862,
        "4": 0.23945923249424197,
        "5": 0.3978228018128421,
        "6": 0.02699600042905348,
        "7": 0.5431995169977156,
        "8": 0.38104265375585217
      },
      "start_heads": {
        "1": 207.08409215508462,
        "2": 207.9297180233659,
        "3": 207.53391215398676,
        "4": 207.3274941137872,
        "5": 207.26233829335857,
        "6": 206.9787070988529,
        "7": 209.93770445263735
      },
      "success": false
    },
    {
      "max_violation": 0.0,
      "min_demand_viol": -0.015758208265947427,
      "radius": 0.3718727039931655,
      "run": 1,
      "start_flows": {
        "1": 1.2386648644944998,
        "2": 0.4790519452595003,
        "3": 0.6473492971747644,
        "4": 0.25479575345529665,
        "5": 0.4767319389430315,
        "6": 0.002489514536377529,
        "7": 0.546322688268693,
        "8": 0.3004288719250594
      },
      "start_heads": {
        "1": 207.0721454469979,
        "2": 207.9824802886609,
        "3": 207.64235673662165,
        "4": 207.3633584518021,
        "5": 207.22309703192352,
        "6": 207.04887236877192,
        "7": 210.0110097561735
      },
      "success": false
    },
    {
      "max_violation": 0.0,
      "min_demand_viol": -0.007904450943213681,
      "radius": 0.3478633900507229,
      "run": 2,
      "start_flows": {
        "1": 1.2247973230527356,
        "2": 0.49580611565878013,
        "3": 0.6552030544974982,
        "4": 0.2612565058708804,
        "5": 0.43533922659621466,
        "6": 0.026684883135575314,
        "7": 0.4453080842702917,
        "8": 0.3272079239147516
      },
      "start_heads": {
        "1": 207.13409730831629,
        "2": 208.00410355865932,
        "3": 207.6718547848001,
        "4": 207.29570456030885,
        "5": 207.33596818312816,
        "6": 207.16225240877398,
        "7": 210.01322278151648
      },
      "success": false
    },
    {
      "max_violation": 0.0,
      "min_demand_viol": -0.0760418423854674,
      "radius": 0.35703132467444537,
      "run": 3,
      "start_flows": {
        "1": 1.2595820915028508,
        "2": 0.5791659285792137,
        "3": 0.7611772208157204,
        "4": 0.32429597012989625,
        "5": 0.4903614587076161,
        "6": 0.02678526821652704,
        "7": 0.41758358312710014,
        "8": 0.3334658989433859
      },
      "start_heads": {
        "1": 207.03582583994339,
        "2": 207.99772853191007,
        "3": 207.53276515435158,
        "4": 207.37841393992315,
        "5": 207.28176517913232,
        "6": 207.129760773783,
        "7": 209.96691487139805
      },
      "success": false
    },
    {
      "max_violation": 0.0,
      "min_demand_viol": -0.04356410667837779,
      "radius": 0.3377899693900542,
      "run": 4,
      "start_flows": {
        "1": 1.2534564698725112,
        "2": 0.4477747990137226,
        "3": 0.7501326988497288,
        "4": 0.2094186902144824,
        "5": 0.4410547519439077,
        "6": -0.004012379590116959,
        "7": 0.5571731586813149,
        "8": 0.399706654953482
      },
      "start_heads": {
        "1": 207.06413638604587,
        "2": 207.99657241629748,
        "3": 207.48700773350674,
        "4": 207.36125928562706,
        "5": 207.29445630393005,
        "6": 207.14515671637696,
        "7": 210.0911005681664
      },
      "success": false
    },
    {
      "max_violation": 0.0,
      "min_demand_viol": 0.02615138601847944,
      "radius": 0.33282025709282254,
      "run": 5,
      "start_flows": {
        "1": 1.2092566837290075,
        "2": 0.47318849331160484,
        "3": 0.7099168043989232,
        "4": 0.2366669573278556,
        "5": 0.5247258996531604,
        "6": 0.018342207309202524,
        "7": 0.4463398102315974,
        "8": 0.31481043033774964
      },
      "start_heads": {
        "1": 207.05730144871825,
        "2": 207.9103474792753,
        "3": 207.53329921921974,
        "4": 207.39017841145247,
        "5": 207.28933028501186,
        "6": 207.15968657855692,
        "7": 210.0844553726222
      },
      "success": false
    },
    {
      "max_violation": 0.0,
      "min_demand_viol": 0.017076882053062126,
      "radius": 0.3695537684123502,
      "run": 6,
      "start_flows": {
        "1": 1.2609088468392389,
        "2": 0.5849853083445951,
        "3": 0.6415250126340922,
        "4": 0.19744006201947625,
        "5": 0.43709553904883097,
        "6": 0.06048890192705286,
        "7": 0.486049993576976,
        "8": 0.3044121643932232
      },
      "start_heads": {
        "1": 207.04131349536982,
        "2": 207.8978437994524,
        "3": 207.52710721679318,
        "4": 207.38379197940782,
        "5": 207.30975764605552,
        "6": 207.08674390795358,
        "7": 210.0436521076311
      },
      "success": false
    },
    {
      "max_violation": 0.0,
      "min_demand_viol": -0.012852009965697297,
      "radius": 0.3011217506318968,
      "run": 7,
      "start_flows": {
        "1": 1.2112585349939435,
        "2": 0.47061148964940214,
        "3": 0.694215197670227,
        "4": 0.12170716795786041,
        "5": 0.4439247503492129,
        "6": -0.02016579413689592,
        "7": 0.48346349961509943,
        "8": 0.32990352928834893
      },
      "start_heads": {
        "1": 207.13721837139641,
        "2": 207.97501050490845,
        "3": 207.6318918243744,
        "4": 207.32073934936915,
        "5": 207.3313210955068,
        "6": 207.13126332703223,
        "7": 210.05824319905554
      },
      "success": false
    },
    {
      "max_violation": 0.0,
      "min_demand_viol": 0.08621443597421607,
      "radius": 0.2876438765405134,
      "run": 8,
      "start_flows": {
        "1": 1.3146576433149657,
        "2": 0.5484688284312954,
        "3": 0.6669439855303664,
        "4": 0.16287553408710337,
        "5": 0.41785401546904694,
        "6": -0.02955948432525604,
        "7": 0.406862426315438,
        "8": 0.34661124514503944
      },
      "start_heads": {
        "1": 207.1611546117696,
        "2": 207.93647731244886,
        "3": 207.5456930056385,
        "4": 207.30650778291047,
        "5": 207.27369284837667,
        "6": 207.11289223504338,
        "7": 209.9993042665738
      },
      "success": false
    },
    {
      "max_violation": 0.0,
      "min_demand_viol": 0.030319497648614968,
      "radius": 0.30066674362657114,
      "run": 9,
      "start_flows": {
        "1": 1.3273702201903135,
        "2": 0.5763781357409918,
        "3": 0.7206725868007067,
        "4": 0.11594903132274129,
        "5": 0.48604045643106863,
        "6": 0.025897248096011377,
        "7": 0.4991880823838761,
        "8": 0.352249976486203
      },
      "start_heads": {
        "1": 207.0548451458552,
        "2": 207.9840426431698,
        "3": 207.61315393855168,
        "4": 207.34071217148713,
        "5": 207.16519022947242,
        "6": 207.0895129011895,
        "7": 210.0540081706269
      },
      "success": false
    }
  ],
  "unique_local_optima": 10
}