{
  "demands_a": {
    "1": 0.2979393573886819,
    "2": 0.1122636220602351,
    "3": -0.01228696043260008,
    "4": -0.015758208265947427,
    "5": 0.427009470646199,
    "6": 0.4294975830979314,
    "7": -1.2386648644944998
  },
  "demands_b": {
    "1": 0.15407886642884883,
    "2": 0.09711611121892938,
    "3": 0.09460045099258424,
    "4": 0.14254602082073686,
    "5": 0.23531836532056333,
    "6": 0.21941809218454686,
    "7": -0.9430779069662095
  },
  "flows_a": {
    "1": 1.2386648644944998,
    "2": 0.4790519452595003,
    "3": 0.6473492971747644,
    "4": 0.236099436879158,
    "5": 0.4270080685615539,
    "6": 0.002489514536377529,
    "7": 0.49133890569210037,
    "8": 0.3004288719250594
  },
  "flows_b": {
    "1": 0.9430779069662094,
    "2": 0.3764016926288605,
    "3": 0.4695601031184196,
    "4": 0.10510647557675838,
    "5": 0.22190760672092438,
    "6": -0.002489514536377529,
    "7": 0.28180124163627623,
    "8": 0.1515893518924713
  },
  "heads_a": {
    "1": 207.09503173828125,
    "2": 207.96490478515625,
    "3": 207.59718322753906,
    "4": 207.35865783691406,
    "5": 207.22309703192352,
    "6": 207.04887236877192,
    "7": 210.0
  },
  "heads_b": {
    "1": 207.09503173828125,
    "2": 207.96490478515625,
    "3": 207.59718322753906,
    "4": 207.35865783691406,
    "5": 207.2330970319235,
    "6": 207.05887236877192,
    "7": 210.0
  },
  "max_violation": 0.0,
  "min_demand_viol": -0.015758208265947427,
  "norm": 2,
  "p": 4,
  "radius": 0.3718727039931655
}