{
  "demands_a": {
    "1": -1.0759157098583216e-07,
    "2": -2.079943489885494e-06,
    "3": -3.9899179227198545e-07,
    "4": -2.267256098753556e-06,
    "5": -3.7809337303240653e-06,
    "6": -1.2752615889008716
  },
  "demands_b": {
    "1": -2.8398821138064426e-06,
    "2": -1.2752544188446593,
    "3": -4.595775503907828e-06,
    "4": -4.231780983120321e-06,
    "5": -2.7832869783581646e-06,
    "6": -1.354047315160688e-06
  },
  "flows_a": {
    "1": 1.2752702236175537,
    "2": 0.5199151111679479,
    "3": 0.7553530325061161,
    "4": -0.008222733332893462,
    "5": 0.7635734985829108,
    "6": 0.5116880903179608,
    "7": 0.5199147121761556,
    "8": 0.5116881979095318
  },
  "flows_b": {
    "1": 1.2752702236175537,
    "2": -8.470358881432972e-06,
    "3": 2.4275131775786416e-05,
    "4": 1.3104500740689485e-05,
    "5": 6.93885005197661e-06,
    "6": -5.584802736815922e-06,
    "7": -1.30661343853408e-05,
    "8": -2.7449206230094797e-06
  },
  "heads_a": {
    "1": 206.7900010893922,
    "2": 207.96490478515625,
    "3": 207.57708712984035,
    "4": 207.17840114099118,
    "5": 207.17852241498915,
    "6": 206.3257971511996,
    "7": 210.0
  },
  "heads_b": {
    "1": 207.96490478593097,
    "2": 207.96490478515625,
    "3": 207.9649047856937,
    "4": 207.96490478566975,
    "5": 207.96490478581185,
    "6": 207.96490478591096,
    "7": 210.0
  },
  "max_violation": 1.3258090972358115e-09,
  "min_demand_viol": -1.2752615889008716,
  "radius": 1.8034847364204623
}