{
  "junctions": {
    "1": {
      "demand_a": 0.13321638584894122,
      "demand_b": 0.24684263581688062,
      "demand_lb": 1e-06,
      "head_a": 207.83958749800175,
      "head_a_tag": "",
      "head_b": 207.80633097657153,
      "head_b_tag": "",
      "head_lb": 193.62708714484413,
      "head_ub": 226.37291285515587
    },
    "2": {
      "demand_a": 0.11204588215903333,
      "demand_b": 0.10242128118488569,
      "demand_lb": 1e-06,
      "head_a": 208.3993620394407,
      "head_a_tag": "",
      "head_b": 208.3993620394407,
      "head_b_tag": "",
      "head_lb": 197.73885171300606,
      "head_ub": 222.26114828699394
    },
    "3": {
      "demand_a": 0.09715058054051051,
      "demand_b": 0.09715058054051812,
      "demand_lb": 1e-06,
      "head_a": 208.10232070007126,
      "head_a_tag": "",
      "head_b": 208.10232070007126,
      "head_b_tag": "",
      "head_lb": 195.6583771104362,
      "head_ub": 224.3416228895638
    },
    "4": {
      "demand_a": 0.09687830592881796,
      "demand_b": 0.12636354871040545,
      "demand_lb": 1e-06,
      "head_a": 207.96054344456988,
      "head_a_tag": "",
      "head_b": 207.94639417687682,
      "head_b_tag": "",
      "head_lb": 194.40450298777,
      "head_ub": 225.59549701223
    },
    "5": {
      "demand_a": 0.31039210705460957,
      "demand_b": 0.23388072225241135,
      "demand_lb": 1e-06,
      "head_a": 207.91276695316589,
      "head_a_tag": "",
      "head_b": 207.91276695316589,
      "head_b_tag": "",
      "head_lb": 194.28361303052068,
      "head_ub": 225.71638696947932
    },
    "6": {
      "demand_a": 0.3703167432364589,
      "demand_b": 0.3133412362632703,
      "demand_lb": 1e-06,
      "head_a": 207.8279380167851,
      "head_a_tag": "",
      "head_b": 207.8059532436061,
      "head_b_tag": "",
      "head_lb": 193.56687411412554,
      "head_ub": 226.43312588587446
    }
  },
  "metadata": {
    "DEMAND_INTERVALS": false,
    "DEMAND_LB": 1e-06,
    "FIX_TOTAL_DEMAND": true,
    "GLOBAL_SOLVER": "couenne",
    "HEADLOSS_MODEL": "hw",
    "MEASUREMENT_HEADS_EQUAL_ONLY": true,
    "MEASUREMENT_SITES": [
      "3",
      "5"
    ],
    "MULTI_STARTS": 10,
    "MULTI_START_NOISE": 0.05,
    "NORM": 2,
    "PIPE_BOUNDS": true,
    "PIPE_BOUND_METHOD": "perturb",
    "PIPE_BOUND_PERTURB_BASE": "base",
    "PIPE_BOUND_PERTURB_FIX_TOTAL": true,
    "PIPE_BOUND_PERTURB_SAMPLES": 25,
    "PIPE_BOUND_PERTURB_SEED": 1,
    "PIPE_BOUND_PERTURB_SIGMA": 0.1,
    "PIPE_BOUND_POLICY": "minmax",
    "PIPE_BOUND_SAFENESS": 0.85,
    "RADIUS": true,
    "SCENARIO_SOURCE": "base",
    "SINGLE_NODE_SOLUTION": false,
    "SOLVER": "hexaly_xd",
    "USE_RESERVOIR_OUTFLOW_CONSTRAINT": false,
    "WDN_NAME": "Alperovits",
    "output_dir": "data/Alperovits-B-batch-20260401-112946/3_5",
    "timestamp": "20260401-112946"
  },
  "output_dir": "data/Alperovits-B-batch-20260401-112946/3_5",
  "pipes": {
    "1": {
      "flow_a": 1.1200000047683716,
      "flow_a_tag": "lb",
      "flow_b": 1.1200000047683716,
      "flow_b_tag": "lb",
      "flow_lb": 1.1200000047683716,
      "flow_ub": 1.1200000047683716,
      "headloss_res_a": -10.660510326434622,
      "headloss_res_b": -10.660510326434622
    },
    "2": {
      "flow_a": 0.45107884991368735,
      "flow_a_tag": "",
      "flow_b": 0.45107884991368774,
      "flow_b_tag": "",
      "flow_lb": 0.44622185826301575,
      "flow_ub": 0.4613533318042755,
      "headloss_res_a": -1.6917994791316708,
      "headloss_res_b": -1.6917994791316742
    },
    "3": {
      "flow_a": 0.5568752726956508,
      "flow_a_tag": "lb",
      "flow_b": 0.5664998736697981,
      "flow_b_tag": "",
      "flow_lb": 0.5568748712539673,
      "flow_ub": 0.5840606689453125,
      "headloss_res_a": -2.5923560807426314,
      "headloss_res_b": -2.6838892064544324
    },
    "4": {
      "flow_a": 0.1681672098365445,
      "flow_a_tag": "ub",
      "flow_b": 0.13911865092872713,
      "flow_b_tag": "lb",
      "flow_lb": 0.13911864161491394,
      "flow_ub": 0.16816721856594086,
      "headloss_res_a": -0.22864877257600963,
      "headloss_res_b": -0.15554867720497917
    },
    "5": {
      "flow_a": 0.29182975693028834,
      "flow_a_tag": "",
      "flow_b": 0.30101767403066554,
      "flow_b_tag": "",
      "flow_lb": 0.27015259861946106,
      "flow_ub": 0.3175203204154968,
      "headloss_res_a": -0.6998370679955599,
      "headloss_res_b": -0.7452436538419587
    },
    "6": {
      "flow_a": 0.07848698630617054,
      "flow_a_tag": "ub",
      "flow_b": 0.012323562232604805,
      "flow_b_tag": "lb",
      "flow_lb": 0.012323553673923016,
      "flow_ub": 0.07848699390888214,
      "headloss_res_a": -0.04856353783678056,
      "headloss_res_b": -0.001106724030980453
    },
    "7": {
      "flow_a": 0.35392826937317684,
      "flow_a_tag": "",
      "flow_b": 0.3539282693731696,
      "flow_b_tag": "",
      "flow_lb": 0.3455483019351959,
      "flow_ub": 0.3750304579734802,
      "headloss_res_a": -1.034852680746554,
      "headloss_res_b": -1.034852680746504
    },
    "8": {
      "flow_a": 0.21170337215511176,
      "flow_a_tag": "lb",
      "flow_b": 0.25916619804948543,
      "flow_b_tag": "ub",
      "flow_lb": 0.211703360080719,
      "flow_ub": 0.2591662108898163,
      "headloss_res_a": -0.364897741597389,
      "headloss_res_b": -0.5500898440273618
    }
  },
  "summary": {
    "flow_at_bounds": {
      "a_lb": 3,
      "a_ub": 2,
      "b_lb": 3,
      "b_ub": 1
    },
    "head_at_bounds": {
      "a_lb": 0,
      "a_ub": 0,
      "b_lb": 0,
      "b_ub": 0
    },
    "head_bounds_count": 6,
    "junction_count": 6,
    "min_demand_slack_a": 0.09687730592881796,
    "min_demand_slack_b": 0.09714958054051812,
    "pipe_count": 8,
    "total_demand_a": 1.1200000047683716,
    "total_demand_b": 1.1200000047683716,
    "total_demand_res_a": 0.0,
    "total_demand_res_b": 0.0,
    "total_demand_target": 1.1200000047683716
  }
}