{
  "best_bound": null,
  "demands_a": {
    "1": 0.13321638584894122,
    "2": 0.11204588215903333,
    "3": 0.09715058054051051,
    "4": 0.09687830592881796,
    "5": 0.31039210705460957,
    "6": 0.3703167432364589,
    "7": -1.1200000047683716
  },
  "demands_b": {
    "1": 0.24684263581688062,
    "2": 0.10242128118488569,
    "3": 0.09715058054051812,
    "4": 0.12636354871040545,
    "5": 0.23388072225241135,
    "6": 0.3133412362632703,
    "7": -1.1200000047683716
  },
  "flows_a": {
    "1": 1.1200000047683716,
    "2": 0.45107884991368735,
    "3": 0.5568752726956508,
    "4": 0.1681672098365445,
    "5": 0.29182975693028834,
    "6": 0.07848698630617054,
    "7": 0.35392826937317684,
    "8": 0.21170337215511176
  },
  "flows_b": {
    "1": 1.1200000047683716,
    "2": 0.45107884991368774,
    "3": 0.5664998736697981,
    "4": 0.13911865092872713,
    "5": 0.30101767403066554,
    "6": 0.012323562232604805,
    "7": 0.3539282693731696,
    "8": 0.25916619804948543
  },
  "heads_a": {
    "1": 207.83958749800175,
    "2": 208.3993620394407,
    "3": 208.10232070007126,
    "4": 207.96054344456988,
    "5": 207.91276695316589,
    "6": 207.8279380167851,
    "7": 210.0
  },
  "heads_b": {
    "1": 207.80633097657153,
    "2": 208.3993620394407,
    "3": 208.10232070007126,
    "4": 207.94639417687682,
    "5": 207.91276695316589,
    "6": 207.8059532436061,
    "7": 210.0
  },
  "max_violation": 0.0,
  "min_demand_viol": 0.09687730592881796,
  "norm": 2,
  "objective": 0.02297313756677928,
  "p": 2,
  "radius": 0.151568920187416,
  "solver_status": "HxSolutionStatus.OPTIMAL"
}