{
  "C_bounds": {
    "1": 0.1469999998807907,
    "10": 0.012258429080247879,
    "12": 0.06819149851799011,
    "13": 0.04339205101132393,
    "14": 0.036546360701322556,
    "15": 0.0253466609865427,
    "16": 0.021880963817238808,
    "17": 0.012119743973016739,
    "18": 0.0242382250726223,
    "19": 0.0009584242361597717,
    "2": 0.13575111329555511,
    "20": 0.01219487376511097,
    "21": 0.0027609041426330805,
    "22": 0.018035778775811195,
    "23": 0.013360799290239811,
    "24": 0.004907622467726469,
    "25": 0.005730261094868183,
    "26": 0.009396543726325035,
    "27": 0.002565749455243349,
    "28": 0.002290925709530711,
    "29": 0.0017719792667776346,
    "3": 0.034976936876773834,
    "30": 0.002165556885302067,
    "31": 0.007337804883718491,
    "32": 0.0051883067935705185,
    "33": 0.004002048168331385,
    "34": 0.0034489629324525595,
    "4": 0.029331523925065994,
    "5": 0.01947973668575287,
    "6": 0.017132271081209183,
    "7": 0.09683247655630112,
    "8": 0.006386611610651016,
    "9": 0.0017539766849949956
  },
  "c_bounds": {
    "1": 0.1469999998807907,
    "10": 0.00935843214392662,
    "12": 0.06458673626184464,
    "13": 0.03872222080826759,
    "14": 0.03238803148269653,
    "15": 0.022317856550216675,
    "16": 0.019579660147428513,
    "17": 0.010892082937061787,
    "18": 0.022468090057373047,
    "19": -0.0010804412886500359,
    "2": 0.12948453426361084,
    "20": 0.01095106266438961,
    "21": 0.0016564683755859733,
    "22": 0.01633397862315178,
    "23": 0.012025102972984314,
    "24": 0.0028327186591923237,
    "25": 0.004046392627060413,
    "26": 0.008664440363645554,
    "27": 0.0016141808591783047,
    "28": 0.0013557099737226963,
    "29": 0.0008513344218954444,
    "3": 0.032778169959783554,
    "30": 0.0011639413423836231,
    "31": 0.006886043585836887,
    "32": 0.004668246954679489,
    "33": 0.0034525066148489714,
    "34": 0.0027845827862620354,
    "4": 0.02775627188384533,
    "5": 0.018307918682694435,
    "6": 0.01550655160099268,
    "7": 0.09170354157686234,
    "8": 0.005937539506703615,
    "9": -0.0005453255726024508
  }
}