{
  "best_bound": null,
  "demands_a": {
    "1": 0.2205816917926351,
    "2": 0.09361507878142472,
    "3": 0.11338070408144924,
    "4": 0.15017502362094043,
    "5": 0.25176170741331466,
    "6": 0.29048579907860744,
    "7": -1.1200000047683716
  },
  "demands_b": {
    "1": 0.1332164619598951,
    "2": 0.10632108208515745,
    "3": 0.07119256275009894,
    "4": 0.10745888258412134,
    "5": 0.3314942122471708,
    "6": 0.3703168031419279,
    "7": -1.1200000047683714
  },
  "flows_a": {
    "1": 1.1200000047683716,
    "2": 0.4589290151061567,
    "3": 0.5674559108807902,
    "4": 0.13911864874711494,
    "5": 0.2781622385127348,
    "6": 0.012323560565872648,
    "7": 0.34554831102470746,
    "8": 0.23290525235850773
  },
  "flows_b": {
    "1": 1.1200000047683716,
    "2": 0.4462230118024239,
    "3": 0.5674559108807902,
    "4": 0.1681672118251195,
    "5": 0.2918298164715493,
    "6": 0.07848698667037857,
    "7": 0.37503044905232497,
    "8": 0.21170344863027366
  },
  "heads_a": {
    "1": 207.82402142080056,
    "2": 208.3993620394407,
    "3": 208.0926759859611,
    "4": 207.94497741737425,
    "5": 207.91135019463917,
    "6": 207.82364368792886,
    "7": 210.0
  },
  "heads_b": {
    "1": 207.8240214208006,
    "2": 208.3993620394407,
    "3": 208.1082155440573,
    "4": 207.94497741737425,
    "5": 207.89720092492325,
    "6": 207.81237193948326,
    "7": 210.0
  },
  "max_violation": 0.0,
  "min_demand_viol": 0.07119156275009894,
  "norm": 2,
  "objective": 0.024128895414592136,
  "p": 2,
  "radius": 0.15533478494719763,
  "solver_status": "HxSolutionStatus.OPTIMAL"
}