{
  "demands_a": {
    "1": 0.29188397009052836,
    "2": 0.10583560638583367,
    "3": 0.027419120662539598,
    "4": 0.0006275826623289849,
    "5": 0.3819344013404439,
    "6": 0.4675695322731203,
    "7": -1.2752702134147946
  },
  "demands_b": {
    "1": 0.3574695808140939,
    "2": 0.10583560638583367,
    "3": 0.028199356883008897,
    "4": 0.005096417827925137,
    "5": 0.3787343099560724,
    "6": 0.39993494154786086,
    "7": -1.2752702134147949
  },
  "flows_a": {
    "1": 1.2752702134147949,
    "2": 0.5062653422355652,
    "3": 0.663169264793396,
    "4": 0.23559995116864163,
    "5": 0.4269417309624253,
    "6": 0.040627801310694996,
    "7": 0.4788462215730256,
    "8": 0.33251177140122334
  },
  "flows_b": {
    "1": 1.2752702134147949,
    "2": 0.5062653422355652,
    "3": 0.663169264793396,
    "4": 0.23429378791350258,
    "5": 0.4237790590519682,
    "6": -0.023844117504107355,
    "7": 0.4780659853525563,
    "8": 0.33362546330998655
  },
  "heads_a": {
    "1": 207.09503173828125,
    "2": 207.96490478515625,
    "3": 207.59718322753906,
    "4": 207.35865783691406,
    "5": 207.259097557297,
    "6": 207.09210526310878,
    "7": 210.0
  },
  "heads_b": {
    "1": 207.09503173828125,
    "2": 207.96490478515625,
    "3": 207.59718322753906,
    "4": 207.35865783691406,
    "5": 207.26019841918335,
    "6": 207.09603973869645,
    "7": 210.0
  },
  "max_violation": 3.256342884228047e-08,
  "min_demand_viol": 0.0006275826623289849,
  "norm": 2,
  "p": 4,
  "radius": 0.09437547370859528
}