{
  "junctions": {
    "10": {
      "demand_a": 0.011773949100670755,
      "demand_b": 0.0038898123895699244,
      "demand_lb": 1e-06,
      "head_a": 98.65936490493416,
      "head_a_tag": "",
      "head_b": 98.65936490493415,
      "head_b_tag": "",
      "head_lb": 86.59928162241783,
      "head_ub": 113.40071837758217
    },
    "11": {
      "demand_a": 0.0021915284816354103,
      "demand_b": 0.01098798229609161,
      "demand_lb": 1e-06,
      "head_a": 98.5746492231885,
      "head_a_tag": "",
      "head_b": 98.55485029290215,
      "head_b_tag": "",
      "head_lb": 85.54316009208108,
      "head_ub": 114.45683990791892
    },
    "12": {
      "demand_a": 0.014061319311451822,
      "demand_b": 0.008098961375563023,
      "demand_lb": 1e-06,
      "head_a": 98.45198336146157,
      "head_a_tag": "",
      "head_b": 98.45670431004845,
      "head_b_tag": "",
      "head_lb": 84.33481739251032,
      "head_ub": 115.66518260748968
    },
    "13": {
      "demand_a": 0.007473026429702538,
      "demand_b": 0.01482414488117848,
      "demand_lb": 1e-06,
      "head_a": 98.25644069698178,
      "head_a_tag": "",
      "head_b": 98.230884631064,
      "head_b_tag": "",
      "head_lb": 82.05642023912475,
      "head_ub": 117.94357976087525
    },
    "14": {
      "demand_a": 0.006620863557836939,
      "demand_b": 0.010575399093628951,
      "demand_lb": 1e-06,
      "head_a": 98.08001022444104,
      "head_a_tag": "",
      "head_b": 97.99459084002196,
      "head_b_tag": "",
      "head_lb": 78.36141323779582,
      "head_ub": 121.63858676220418
    },
    "15": {
      "demand_a": 0.01095567999026866,
      "demand_b": 0.0074933172994164545,
      "demand_lb": 1e-06,
      "head_a": 99.09908180477898,
      "head_a_tag": "",
      "head_b": 99.09327489222974,
      "head_b_tag": "",
      "head_lb": 91.7092797959201,
      "head_ub": 108.2907202040799
    },
    "16": {
      "demand_a": 0.00933643605267243,
      "demand_b": 0.006066881323428895,
      "demand_lb": 1e-06,
      "head_a": 98.11308589289554,
      "head_a_tag": "",
      "head_b": 98.11308589289554,
      "head_b_tag": "",
      "head_lb": 80.45195379991088,
      "head_ub": 119.54804620008912
    },
    "17": {
      "demand_a": 0.006420546777290809,
      "demand_b": 0.004107364460090022,
      "demand_lb": 1e-06,
      "head_a": 97.91980316261213,
      "head_a_tag": "",
      "head_b": 97.93125013912459,
      "head_b_tag": "",
      "head_lb": 76.27685648606263,
      "head_ub": 123.72314351393737
    },
    "18": {
      "demand_a": 0.0015699773352722806,
      "demand_b": 0.003385818596917294,
      "demand_lb": 1e-06,
      "head_a": 99.0564403394201,
      "head_a_tag": "",
      "head_b": 99.04169400773642,
      "head_b_tag": "",
      "head_lb": 91.21616132819784,
      "head_ub": 108.78383867180216
    },
    "19": {
      "demand_a": 0.0028097354170646786,
      "demand_b": 0.005686241319017068,
      "demand_lb": 1e-06,
      "head_a": 98.53509680793894,
      "head_a_tag": "",
      "head_b": 98.5165853514431,
      "head_b_tag": "",
      "head_lb": 85.09107641733966,
      "head_ub": 114.90892358266034
    },
    "20": {
      "demand_a": 0.003945317044567569,
      "demand_b": 0.0008617039166329901,
      "demand_lb": 1e-06,
      "head_a": 98.24850233210051,
      "head_a_tag": "",
      "head_b": 98.23722087128179,
      "head_b_tag": "",
      "head_lb": 81.95592940539649,
      "head_ub": 118.04407059460351
    },
    "21": {
      "demand_a": 0.009420513409119006,
      "demand_b": 0.012251842003071108,
      "demand_lb": 1e-06,
      "head_a": 98.10716932156248,
      "head_a_tag": "",
      "head_b": 98.09697476477665,
      "head_b_tag": "",
      "head_lb": 80.29368313429404,
      "head_ub": 119.70631686570596
    },
    "22": {
      "demand_a": 0.0040308021848945805,
      "demand_b": 0.005405213767714843,
      "demand_lb": 1e-06,
      "head_a": 97.88007220340445,
      "head_a_tag": "",
      "head_b": 97.81994089130325,
      "head_b_tag": "",
      "head_lb": 75.36701637652837,
      "head_ub": 124.63298362347163
    },
    "23": {
      "demand_a": 0.002365037439137915,
      "demand_b": 0.0016072274985577941,
      "demand_lb": 1e-06,
      "head_a": 98.91110868689158,
      "head_a_tag": "",
      "head_b": 98.9141057253805,
      "head_b_tag": "",
      "head_lb": 89.28563267090023,
      "head_ub": 110.71436732909977
    },
    "24": {
      "demand_a": 0.004661419864910628,
      "demand_b": 0.0037322909560345485,
      "demand_lb": 1e-06,
      "head_a": 98.5195110122456,
      "head_a_tag": "",
      "head_b": 98.50959636506427,
      "head_b_tag": "",
      "head_lb": 84.91835360074052,
      "head_ub": 115.08164639925948
    },
    "25": {
      "demand_a": 0.0022560828021141654,
      "demand_b": 0.0037676188606460903,
      "demand_lb": 1e-06,
      "head_a": 98.23754714423659,
      "head_a_tag": "",
      "head_b": 98.21008684099375,
      "head_b_tag": "",
      "head_lb": 81.56952160812698,
      "head_ub": 118.43047839187302
    },
    "26": {
      "demand_a": 0.0025894821480286737,
      "demand_b": 0.0011296538757847399,
      "demand_lb": 1e-06,
      "head_a": 98.08077650889962,
      "head_a_tag": "",
      "head_b": 98.08594833935481,
      "head_b_tag": "",
      "head_lb": 79.74597586422558,
      "head_ub": 120.25402413577442
    },
    "3": {
      "demand_a": 0.011261739426898287,
      "demand_b": 0.015225903644868949,
      "demand_lb": 1e-06,
      "head_a": 99.86548845892499,
      "head_a_tag": "",
      "head_b": 99.86548845892499,
      "head_b_tag": "",
      "head_lb": 98.86528131212901,
      "head_ub": 101.13471868787099
    },
    "4": {
      "demand_a": 0.01124290157962711,
      "demand_b": 5.2461207937504195e-06,
      "demand_lb": 1e-06,
      "head_a": 99.54827977811095,
      "head_a_tag": "",
      "head_b": 99.56522278391108,
      "head_b_tag": "",
      "head_lb": 96.22023709746742,
      "head_ub": 103.77976290253258
    },
    "5": {
      "demand_a": 0.004521820661525015,
      "demand_b": 0.006421815959209438,
      "demand_lb": 1e-06,
      "head_a": 99.48464762785432,
      "head_a_tag": "",
      "head_b": 99.49362710669432,
      "head_b_tag": "",
      "head_lb": 95.64820714338538,
      "head_ub": 104.35179285661462
    },
    "6": {
      "demand_a": 0.003760550285979162,
      "demand_b": 0.002879848943020784,
      "demand_lb": 1e-06,
      "head_a": 99.03264879703033,
      "head_a_tag": "",
      "head_b": 99.03403376666411,
      "head_b_tag": "",
      "head_lb": 89.48828179556567,
      "head_ub": 110.51171820443433
    },
    "7": {
      "demand_a": 0.0012145279807164004,
      "demand_b": 0.003933861215538537,
      "demand_lb": 1e-06,
      "head_a": 98.58283084368398,
      "head_a_tag": "",
      "head_b": 98.53181552068533,
      "head_b_tag": "",
      "head_lb": 83.45901484936377,
      "head_ub": 116.54098515063623
    },
    "8": {
      "demand_a": 0.00948951795720803,
      "demand_b": 0.0027403661094877723,
      "demand_lb": 1e-06,
      "head_a": 98.22619208921252,
      "head_a_tag": "",
      "head_b": 98.23428795576046,
      "head_b_tag": "",
      "head_lb": 81.64697482475928,
      "head_ub": 118.35302517524072
    },
    "9": {
      "demand_a": 0.0030272246421978455,
      "demand_b": 0.011921483974527622,
      "demand_lb": 1e-06,
      "head_a": 99.1844268357532,
      "head_a_tag": "",
      "head_b": 99.16287160964661,
      "head_b_tag": "",
      "head_lb": 92.48894338194484,
      "head_ub": 107.51105661805516
    }
  },
  "metadata": {
    "DEMAND_LB": 1e-06,
    "DEMAND_RESTRICTION_MODE": null,
    "DEVIATION_ALPHA": null,
    "FIX_TOTAL_DEMAND": true,
    "GLOBAL_SOLVER": null,
    "HEADLOSS_MODEL": "hw",
    "MEASUREMENT_HEADS_EQUAL_ONLY": true,
    "MEASUREMENT_SITES": [
      "10",
      "16"
    ],
    "MULTI_STARTS": 1,
    "MULTI_START_NOISE": 0.05,
    "MULTI_START_NOISE_REL": 0.25,
    "NORM": 2.0,