{
  "best_bound": null,
  "demands_a": {
    "10": 0.011773949100670755,
    "11": 0.0021915284816354103,
    "12": 0.014061319311451822,
    "13": 0.007473026429702538,
    "14": 0.006620863557836939,
    "15": 0.01095567999026866,
    "16": 0.00933643605267243,
    "17": 0.006420546777290809,
    "18": 0.0015699773352722806,
    "19": 0.0028097354170646786,
    "20": 0.003945317044567569,
    "21": 0.009420513409119006,
    "22": 0.0040308021848945805,
    "23": 0.002365037439137915,
    "24": 0.004661419864910628,
    "25": 0.0022560828021141654,
    "26": 0.0025894821480286737,
    "27": -0.14699999988079068,
    "3": 0.011261739426898287,
    "4": 0.01124290157962711,
    "5": 0.004521820661525015,
    "6": 0.003760550285979162,
    "7": 0.0012145279807164004,
    "8": 0.00948951795720803,
    "9": 0.0030272246421978455
  },
  "demands_b": {
    "10": 0.0038898123895699244,
    "11": 0.01098798229609161,
    "12": 0.008098961375563023,
    "13": 0.01482414488117848,
    "14": 0.010575399093628951,
    "15": 0.0074933172994164545,
    "16": 0.006066881323428895,
    "17": 0.004107364460090022,
    "18": 0.003385818596917294,
    "19": 0.005686241319017068,
    "20": 0.0008617039166329901,
    "21": 0.012251842003071108,
    "22": 0.005405213767714843,
    "23": 0.0016072274985577941,
    "24": 0.0037322909560345485,
    "25": 0.0037676188606460903,
    "26": 0.0011296538757847399,
    "27": -0.14699999988079068,
    "3": 0.015225903644868949,
    "4": 5.2461207937504195e-06,
    "5": 0.006421815959209438,
    "6": 0.002879848943020784,
    "7": 0.003933861215538537,
    "8": 0.0027403661094877723,
    "9": 0.011921483974527622
  },
  "flows_a": {
    "1": 0.1469999998807907,
    "10": 0.00937460233322313,
    "12": 0.06680991464096106,
    "13": 0.0387314946318996,
    "14": 0.03653996615026419,
    "15": 0.022478646838812368,
    "16": 0.021870779618483712,
    "17": 0.010915099628215052,
    "18": 0.02247814546660461,
    "19": -0.0010735638644089798,
    "2": 0.13573826045389242,
    "20": 0.0121848027404579,
    "21": 0.002753738775386192,
    "22": 0.01713169575886822,
    "23": 0.012869909852651167,
    "24": 0.0028483666877854694,
    "25": 0.004895128942044723,
    "26": 0.009345122292942772,
    "27": 0.0025367142906717113,
    "28": 0.0013900327260584653,
    "29": 0.0014026341892729073,
    "3": 0.03278743997262269,
    "30": 0.0012283209401401061,
    "31": 0.006980084853804857,
    "32": 0.004855379279565941,
    "33": 0.003989329203510241,
    "34": 0.002802481244754474,
    "4": 0.028265619311097678,
    "5": 0.01833139446690461,
    "6": 0.01711686648618821,
    "7": 0.09170791890164262,
    "8": 0.006173674558213906,
    "9": 0.001747253804242952
  },
  "flows_b": {
    "1": 0.1469999998807907,
    "10": 0.012243878305044292,
    "12": 0.06531468786575742,
    "13": 0.043382586946307984,
    "14": 0.032394604650216374,
    "15": 0.02429564327465335,
    "16": 0.019589789518994837,
    "17": 0.012096472219578382,
    "18": 0.024228320673442973,
    "19": 0.0009505313062578084,
    "2": 0.13177409623592176,
    "20": 0.010959115779716507,
    "21": 0.001668479211415341,
    "22": 0.016896963008074646,
    "23": 0.012816373033490678,
    "24": 0.0048922344562876115,
    "25": 0.0045812312949088645,
    "26": 0.008710653622661088,
    "27": 0.0016451163463512594,
    "28": 0.0022683547516931684,
    "29": 0.0008755341917983162,
    "3": 0.03494288875584811,
    "30": 0.0021423460462341825,
    "31": 0.007103426124103294,
    "32": 0.005016251514420005,
    "33": 0.0035169874054670836,
    "34": 0.0032628677214806604,
    "4": 0.028521072796638673,
    "5": 0.01945519171005443,
    "6": 0.015521330494515892,
    "7": 0.09682596135927989,
    "8": 0.006186032143563461,
    "9": -0.0005370860799838285
  },
  "heads_a": {
    "10": 98.65936490493416,
    "11": 98.5746492231885,
    "12": 98.45198336146157,
    "13": 98.25644069698178,
    "14": 98.08001022444104,
    "15": 99.09908180477898,
    "16": 98.11308589289554,
    "17": 97.91980316261213,
    "18": 99.0564403394201,
    "19": 98.53509680793894,
    "20": 98.24850233210051,
    "21": 98.10716932156248,
    "22": 97.88007220340445,
    "23": 98.91110868689158,
    "24": 98.5195110122456,
    "25": 98.23754714423659,
    "26": 98.08077650889962,
    "27": 100.0,
    "3": 99.86548845892499,
    "4": 99.54827977811095,
    "5": 99.48464762785432,
    "6": 99.03264879703033,
    "7": 98.58283084368398,
    "8": 98.22619208921252,
    "9": 99.1844268357532
  },
  "heads_b": {
    "10": 98.65936490493415,
    "11": 98.55485029290215,
    "12": 98.45670431004845,
    "13": 98.230884631064,
    "14": 97.99459084002196,
    "15": 99.09327489222974,
    "16": 98.11308589289554,
    "17": 97.93125013912459,
    "18": 99.04169400773642,
    "19": 98.5165853514431,
    "20": 98.23722087128179,
    "21": 98.09697476477665,
    "22": 97.81994089130325,
    "23": 98.9141057253805,
    "24": 98.50959636506427,
    "25": 98.21008684099375,
    "26": 98.08594833935481,
    "27": 100.0,
    "3": 99.86548845892499,
    "4": 99.56522278391108,
    "5": 99.49362710669432,
    "6": 99.03403376666411,
    "7": 98.53181552068533,
    "8": 98.23428795576046,
    "9": 99.16287160964661
  },
  "max_violation": 0.0,
  "min_demand_viol": 4.24612079375042e-06,
  "norm": 2.0,
  "objective": 0.0005880708221171658,
  "p": 2,
  "radius": 0.024250171589437586,
  "solver_status": "HxSolutionStatus.OPTIMAL"
}