{
  "junctions": {
    "1": {
      "demand_a": 0.14618151937391777,
      "demand_b": 0.20000002160668198,
      "demand_lb": 1e-06,
      "head_a": 207.82623943019604,
      "head_a_tag": "",
      "head_b": 207.81752766203104,
      "head_b_tag": "",
      "head_lb": 193.62708714484413,
      "head_ub": 226.37291285515587
    },
    "2": {
      "demand_a": 0.11360010526797049,
      "demand_b": 0.09999996423721624,
      "demand_lb": 1e-06,
      "head_a": 208.3993620394407,
      "head_a_tag": "",
      "head_b": 208.3993620394407,
      "head_b_tag": "",
      "head_lb": 197.73885171300606,
      "head_ub": 222.26114828699394
    },
    "3": {
      "demand_a": 0.08161444774673038,
      "demand_b": 0.10000002384185969,
      "demand_lb": 1e-06,
      "head_a": 208.10821692109604,
      "head_a_tag": "",
      "head_b": 208.09809129587055,
      "head_b_tag": "",
      "head_lb": 195.6583771104362,
      "head_ub": 224.3416228895638
    },
    "4": {
      "demand_a": 0.09020655270863082,
      "demand_b": 0.11999998986721044,
      "demand_lb": 1e-06,
      "head_a": 207.95571129738985,
      "head_a_tag": "",
      "head_b": 207.94792618511343,
      "head_b_tag": "",
      "head_lb": 194.40450298777,
      "head_ub": 225.59549701223
    },
    "5": {
      "demand_a": 0.30810613365114525,
      "demand_b": 0.2699999958276752,
      "demand_lb": 1e-06,
      "head_a": 207.90793480487523,
      "head_a_tag": "",
      "head_b": 207.9079348048752,
      "head_b_tag": "",
      "head_lb": 194.28361303052068,
      "head_ub": 225.71638696947932
    },
    "6": {
      "demand_a": 0.3802912460199769,
      "demand_b": 0.3300000093877281,
      "demand_lb": 1e-06,
      "head_a": 207.81458994978968,
      "head_a_tag": "",
      "head_b": 207.81458994978968,
      "head_b_tag": "",
      "head_lb": 193.56687411412554,
      "head_ub": 226.43312588587446
    }
  },
  "metadata": {
    "DEMAND_LB": 1e-06,
    "DEMAND_RESTRICTION_MODE": null,
    "DEVIATION_ALPHA": null,
    "FIX_TOTAL_DEMAND": true,
    "GLOBAL_SOLVER": null,
    "HEADLOSS_MODEL": "hw",
    "MEASUREMENT_HEADS_EQUAL_ONLY": true,
    "MEASUREMENT_SITES": [
      "5",
      "6"
    ],
    "MULTI_STARTS": 1,
    "MULTI_START_NOISE": 0.05,
    "MULTI_START_NOISE_REL": 0.25,
    "NORM": 2.0,
    "OUTPUT_DIR": "data/Alperovits/4e13e1d6",
    "PIPE_BOUNDS": true,
    "RADIUS_TO_FIXED": null,
    "SCENARIO": "base",
    "SCENARIO_FILE": "scenario/Alperovits/base.json",
    "SOLVER": "Hexaly_xd",
    "USE_RESERVOIR_OUTFLOW_CONSTRAINT": false,
    "WDN": "Alperovits",
    "WDN_NAME": "Alperovits",
    "output_dir": "data/Alperovits/4e13e1d6/5_6",
    "timestamp": "20260421-175340"
  },
  "output_dir": "data/Alperovits/4e13e1d6/5_6",
  "pipes": {
    "1": {
      "flow_a": 1.1200000047683716,
      "flow_a_tag": "lb",
      "flow_b": 1.1200000047683716,
      "flow_b_tag": "lb",
      "flow_lb": 1.1200000047683716,
      "flow_ub": 1.1200000047683716,
      "headloss_res_a": -10.660510326434622,
      "headloss_res_b": -10.660510326434622
    },
    "2": {
      "flow_a": 0.44622187222736825,
      "flow_a_tag": "lb",
      "flow_b": 0.4545355270863144,
      "flow_b_tag": "",
      "flow_lb": 0.44622185826301575,
      "flow_ub": 0.4613533318042755,
      "headloss_res_a": -1.6550967181005523,
      "headloss_res_b": -1.7181683698300394
    },
    "3": {
      "flow_a": 0.5601780272730329,
      "flow_a_tag": "",
      "flow_b": 0.565464513444841,
      "flow_b_tag": "",
      "flow_lb": 0.5568748712539673,
      "flow_ub": 0.5840606689453125,
      "headloss_res_a": -2.62358555872244,
      "headloss_res_b": -2.6739655752426716
    },
    "4": {
      "flow_a": 0.16816721195651385,
      "flow_a_tag": "ub",
      "flow_b": 0.15276744360218952,
      "flow_b_tag": "",
      "flow_lb": 0.13911864161491394,
      "flow_ub": 0.16816721856594086,
      "headloss_res_a": -0.22864877843478415,
      "headloss_res_b": -0.18812512959316982
    },
    "5": {
      "flow_a": 0.30180426260788823,
      "flow_a_tag": "",
      "flow_b": 0.2926970799754411,
      "flow_b_tag": "",
      "flow_lb": 0.27015259861946106,
      "flow_ub": 0.3175203204154968,
      "headloss_res_a": -0.7491980478442831,
      "headloss_res_b": -0.7040616800891962
    },
    "6": {
      "flow_a": 0.07848698341208867,
      "flow_a_tag": "ub",
      "flow_b": 0.03730292941228703,
      "flow_b_tag": "",
      "flow_lb": 0.012323553673923016,
      "flow_ub": 0.07848699390888214,
      "headloss_res_a": -0.04856353420653794,
      "headloss_res_b": -0.010663605073571397
    },
    "7": {
      "flow_a": 0.3646074244806379,
      "flow_a_tag": "",
      "flow_b": 0.3545355032444547,
      "flow_b_tag": "",
      "flow_lb": 0.3455483019351959,
      "flow_ub": 0.3750304579734802,
      "headloss_res_a": -1.0991276054226924,
      "headloss_res_b": -1.0384549631037452
    },
    "8": {
      "flow_a": 0.22466850278600645,
      "flow_a_tag": "",
      "flow_b": 0.237302951018969,
      "flow_b_tag": "",
      "flow_lb": 0.211703360080719,
      "flow_ub": 0.2591662108898163,
      "headloss_res_a": -0.41168228214310093,
      "headloss_res_b": -0.4600219416144564
    }
  },
  "summary": {
    "flow_at_bounds": {
      "a_lb": 2,
      "a_ub": 2,
      "b_lb": 1,
      "b_ub": 0
    },
    "head_at_bounds": {
      "a_lb": 0,
      "a_ub": 0,
      "b_lb": 0,
      "b_ub": 0
    },
    "head_bounds_count": 6,
    "junction_count": 6,
    "min_demand_slack_a": 0.08161344774673038,
    "min_demand_slack_b": 0.09999896423721624,
    "pipe_count": 8,
    "total_demand_a": 1.1200000047683716,
    "total_demand_b": 1.1200000047683718,
    "total_demand_res_a": 0.0,
    "total_demand_res_b": 2.220446049250313e-16,
    "total_demand_target": 1.1200000047683716
  }
}