{
  "best_bound": null,
  "demands_a": {
    "1": 0.14618151937391777,
    "2": 0.11360010526797049,
    "3": 0.08161444774673038,
    "4": 0.09020655270863082,
    "5": 0.30810613365114525,
    "6": 0.3802912460199769,
    "7": -1.1200000047683716
  },
  "demands_b": {
    "1": 0.20000002160668198,
    "2": 0.09999996423721624,
    "3": 0.10000002384185969,
    "4": 0.11999998986721044,
    "5": 0.2699999958276752,
    "6": 0.3300000093877281,
    "7": -1.1200000047683718
  },
  "flows_a": {
    "1": 1.1200000047683716,
    "2": 0.44622187222736825,
    "3": 0.5601780272730329,
    "4": 0.16816721195651385,
    "5": 0.30180426260788823,
    "6": 0.07848698341208867,
    "7": 0.3646074244806379,
    "8": 0.22466850278600645
  },
  "flows_b": {
    "1": 1.1200000047683716,
    "2": 0.4545355270863144,
    "3": 0.565464513444841,
    "4": 0.15276744360218952,
    "5": 0.2926970799754411,
    "6": 0.03730292941228703,
    "7": 0.3545355032444547,
    "8": 0.237302951018969
  },
  "heads_a": {
    "1": 207.82623943019604,
    "2": 208.3993620394407,
    "3": 208.10821692109604,
    "4": 207.95571129738985,
    "5": 207.90793480487523,
    "6": 207.81458994978968,
    "7": 210.0
  },
  "heads_b": {
    "1": 207.81752766203104,
    "2": 208.3993620394407,
    "3": 208.09809129587055,
    "4": 207.94792618511343,
    "5": 207.9079348048752,
    "6": 207.81458994978968,
    "7": 210.0
  },
  "max_violation": 0.0,
  "min_demand_viol": 0.08161344774673038,
  "norm": 2.0,
  "objective": 0.008288359546528611,
  "p": 2,
  "radius": 0.09104042808845207,
  "solver_status": "HxSolutionStatus.OPTIMAL"
}