{
  "demands_a": {
    "1": 0.0688242195767019,
    "2": 9.106583434004278e-06,
    "3": 0.06847447602291812,
    "4": 0.11074231659283007,
    "5": 0.5192772003521082,
    "6": 0.5079429044895616,
    "7": -1.275270223617554
  },
  "demands_b": {
    "1": 0.37476321600526763,
    "2": 3.5979467294389167e-06,
    "3": 0.17070882646925867,
    "4": 0.24541581153256847,
    "5": 0.1706896709142524,
    "6": 0.3136891007494772,
    "7": -1.2752702236175537
  },
  "flows_a": {
    "1": 1.2752702236175537,
    "2": 0.5598124945680477,
    "3": 0.7154486224660721,
    "4": 0.23609485098272665,
    "5": 0.36861145489051544,
    "6": 0.13933144959904611,
    "7": 0.4913380185451296,
    "8": 0.20815566917574801
  },
  "flows_b": {
    "1": 1.2752702236175537,
    "2": 0.5708949551997323,
    "3": 0.7043716704710921,
    "4": 0.10510887761240535,
    "5": 0.35384698132611825,
    "6": -0.04015788057664102,
    "7": 0.40018612873047366,
    "8": 0.33460533542862664
  },
  "heads_a": {
    "1": 207.09503173828125,
    "2": 207.96490478515625,
    "3": 207.51528245652565,
    "4": 207.25930622073247,
    "5": 207.15932723051174,
    "6": 207.06061287588008,
    "7": 210.0
  },
  "heads_b": {
    "1": 207.09503173828125,
    "2": 207.96490478515625,
    "3": 207.49730413596268,
    "4": 207.28098597903502,
    "5": 207.26117004660904,
    "6": 207.0978909065399,
    "7": 210.0
  },
  "max_violation": 4.135213005351801e-09,
  "min_demand_viol": 3.5979467294389167e-06,
  "radius": 0.5305047484835655
}