{
  "best_radius": 0.5305047484835655,
  "runs": [
    {
      "max_violation": 4.135213005351801e-09,
      "min_demand_viol": 3.5979467294389167e-06,
      "radius": 0.5305047484835655,
      "run": 0,
      "start_flows": {
        "1": 1.2815567346722234,
        "2": 0.531706924594236,
        "3": 0.7288343024245341,
        "4": 0.17539209893394092,
        "5": 0.34453300171507845,
        "6": 0.04260819358653327,
        "7": 0.5203828497749322,
        "8": 0.36383503327416405
      },
      "start_heads": {
        "1": 207.08409215508462,
        "2": 207.9297180233659,
        "3": 207.4858848306846,
        "4": 207.26442155016346,
        "5": 207.24572558256614,
        "6": 206.9777135098815,
        "7": 209.93770445263735
      },
      "success": true
    },
    {
      "max_violation": 6.0172416216364155e-09,
      "min_demand_viol": 9.879354082809044e-06,
      "radius": 0.5304844275359086,
      "run": 1,
      "start_flows": {
        "1": 1.2386568558823812,
        "2": 0.5110992186159355,
        "3": 0.6809981620839123,
        "4": 0.1907286198949956,
        "5": 0.4234421388452679,
        "6": 0.01810170769385732,
        "7": 0.5235060210459096,
        "8": 0.2832212514433713
      },
      "start_heads": {
        "1": 207.0721454469979,
        "2": 207.9824802886609,
        "3": 207.59432941331949,
        "4": 207.30028588817837,
        "5": 207.2064843211311,
        "6": 207.04787877980053,
        "7": 210.0110097561735
      },
      "success": true
    },
    {
      "max_violation": 5.2599646860329585e-09,
      "min_demand_viol": 8.826426351138394e-06,
      "radius": 0.5304830816767764,
      "run": 2,
      "start_flows": {
        "1": 1.224789314440617,
        "2": 0.5278533890152154,
        "3": 0.688851919406646,
        "4": 0.19718937231057934,
        "5": 0.38204942649845103,
        "6": 0.042297076293055104,
        "7": 0.4224914170475083,
        "8": 0.3100003034330635
      },
      "start_heads": {
        "1": 207.13409730831629,
        "2": 208.00410355865932,
        "3": 207.62382746149794,
        "4": 207.23263199668511,
        "5": 207.31935547233573,
        "6": 207.16125881980258,
        "7": 210.01322278151648
      },
      "success": true
    },
    {
      "max_violation": 5.122339871710402e-09,
      "min_demand_viol": 2.718461453943277e-06,
      "radius": 0.5304949791723955,
      "run": 3,
      "start_flows": {
        "1": 1.2595740828907322,
        "2": 0.611213201935649,
        "3": 0.7948260857248682,
        "4": 0.2602288365695952,
        "5": 0.4370716586098525,
        "6": 0.04239746137400684,
        "7": 0.39476691590431673,
        "8": 0.3162582784616978
      },
      "start_heads": {
        "1": 207.03582583994339,
        "2": 207.99772853191007,
        "3": 207.48473783104942,
        "4": 207.31534137629941,
        "5": 207.2651524683399,
        "6": 207.1287671848116,
        "7": 209.96691487139805
      },
      "success": true
    },
    {
      "max_violation": 5.55000412294504e-09,
      "min_demand_viol": 8.512834312579542e-06,
      "radius": 0.5304837893389297,
      "run": 4,
      "start_flows": {
        "1": 1.2534484612603927,
        "2": 0.4798220723701579,
        "3": 0.7837815637588766,
        "4": 0.14535155665418134,
        "5": 0.38776495184614407,
        "6": 0.011599813567362833,
        "7": 0.5343564914585315,
        "8": 0.3824990344717939
      },
      "start_heads": {
        "1": 207.06413638604587,
        "2": 207.99657241629748,
        "3": 207.43898041020458,
        "4": 207.29818672200332,
        "5": 207.27784359313762,
        "6": 207.14416312740556,
        "7": 210.0911005681664
      },
      "success": true
    },
    {
      "max_violation": 7.92404100669053e-09,
      "min_demand_viol": 7.435316620174603e-07,
      "radius": 0.5304957842766154,
      "run": 5,
      "start_flows": {
        "1": 1.209248675116889,
        "2": 0.5052357666680402,
        "3": 0.7435656693080711,
        "4": 0.17259982376755453,
        "5": 0.4714360995553967,
        "6": 0.033954400466682313,
        "7": 0.423523143008814,
        "8": 0.2976028098560615
      },
      "start_heads": {
        "1": 207.05730144871825,
        "2": 207.9103474792753,
        "3": 207.48527189591758,
        "4": 207.32710584782873,
        "5": 207.27271757421943,
        "6": 207.15869298958552,
        "7": 210.0844553726222
      },
      "success": true
    },
    {
      "max_violation": 5.179714795966461e-09,
      "min_demand_viol": 1.6334546256935312e-05,
      "radius": 0.5303040111052209,
      "run": 6,
      "start_flows": {
        "1": 1.2609008382271203,
        "2": 0.6170325817010305,
        "3": 0.6751738775432401,
        "4": 0.1333729284591752,
        "5": 0.38380573895106734,
        "6": 0.07610109508453265,
        "7": 0.46323332635419256,
        "8": 0.2872045439115351
      },
      "start_heads": {
        "1": 207.04131349536982,
        "2": 207.8978437994524,
        "3": 207.47907989349102,
        "4": 207.32071941578408,
        "5": 207.2931449352631,
        "6": 207.08575031898218,
        "7": 210.0436521076311
      },
      "success": true
    },
    {
      "max_violation": 7.761957548924059e-09,
      "min_demand_viol": 2.226682507799893e-05,
      "radius": 0.5303146181908206,
      "run": 7,
      "start_flows": {
        "1": 1.211250526381825,
        "2": 0.5026587630058375,
        "3": 0.7278640625793749,
        "4": 0.05764003439755935,
        "5": 0.3906349502514493,
        "6": -0.004553600979416126,
        "7": 0.460646832392316,
        "8": 0.3126959088066608
      },
      "start_heads": {
        "1": 207.13721837139641,
        "2": 207.97501050490845,
        "3": 207.58386450107224,
        "4": 207.2576667857454,
        "5": 207.31470838471438,
        "6": 207.13026973806083,
        "7": 210.05824319905554
      },
      "success": true
    },
    {
      "max_violation": 3.080478558868671e-09,
      "min_demand_viol": 8.986792329190862e-06,
      "radius": 0.5304876418726738,
      "run": 8,
      "start_flows": {
        "1": 1.3146496347028471,
        "2": 0.5805161017877307,
        "3": 0.7005928504395142,
        "4": 0.09880840052680233,
        "5": 0.3645642153712833,
        "6": -0.013947291167776252,
        "7": 0.3840457590926546,
        "8": 0.3294036246633513
      },
      "start_heads": {
        "1": 207.1611546117696,
        "2": 207.93647731244886,
        "3": 207.49766568233633,
        "4": 207.24343521928674,
        "5": 207.25708013758424,
        "6": 207.11189864607198,
        "7": 209.9993042665738
      },
      "success": true
    },
    {
      "max_violation": 5.619946105706042e-09,
      "min_demand_viol": 9.173335443701802e-06,
      "radius": 0.5304611446529295,
      "run": 9,
      "start_flows": {
        "1": 1.327362211578195,
        "2": 0.6084254090974273,
        "3": 0.7543214517098545,
        "4": 0.05188189776244023,
        "5": 0.432750656333305,
        "6": 0.04150944125349117,
        "7": 0.47637141516109266,
        "8": 0.3350423560045149
      },
      "start_heads": {
        "1": 207.0548451458552,
        "2": 207.9840426431698,
        "3": 207.5651266152495,
        "4": 207.2776396078634,
        "5": 207.14857751867999,
        "6": 207.0885193122181,
        "7": 210.0540081706269
      },
      "success": true
    }
  ],
  "unique_local_optima": 9
}