{
  "junctions": {
    "10": {
      "demand_a": 0.011877757358380273,
      "demand_b": 0.0029029509556687677,
      "demand_lb": 1e-06,
      "head_a": 98.65995798578238,
      "head_a_tag": "",
      "head_b": 98.67867958612476,
      "head_b_tag": "",
      "head_lb": 86.59928162241783,
      "head_ub": 113.40071837758217
    },
    "11": {
      "demand_a": 0.0021760355755966188,
      "demand_b": 0.01100383953415051,
      "demand_lb": 1e-06,
      "head_a": 98.57527944043038,
      "head_a_tag": "",
      "head_b": 98.574123225837,
      "head_b_tag": "",
      "head_lb": 85.54316009208108,
      "head_ub": 114.45683990791892
    },
    "12": {
      "demand_a": 0.014227468695612432,
      "demand_b": 0.007148501277322982,
      "demand_lb": 1e-06,
      "head_a": 98.45257425616856,
      "head_a_tag": "",
      "head_b": 98.47601371767233,
      "head_b_tag": "",
      "head_lb": 84.33481739251032,
      "head_ub": 115.66518260748968
    },
    "13": {
      "demand_a": 0.00729028181267307,
      "demand_b": 0.015791811840173586,
      "demand_lb": 1e-06,
      "head_a": 98.25959867153412,
      "head_a_tag": "",
      "head_b": 98.23367657274163,
      "head_b_tag": "",
      "head_lb": 82.05642023912475,
      "head_ub": 117.94357976087525
    },
    "14": {
      "demand_a": 0.00705593382755397,
      "demand_b": 0.00972171816026172,
      "demand_lb": 1e-06,
      "head_a": 98.08341761896068,
      "head_a_tag": "",
      "head_b": 97.99695689144471,
      "head_b_tag": "",
      "head_lb": 78.36141323779582,
      "head_ub": 121.63858676220418
    },
    "15": {
      "demand_a": 0.01098849387687478,
      "demand_b": 0.007460303176591422,
      "demand_lb": 1e-06,
      "head_a": 99.09898574688673,
      "head_a_tag": "",
      "head_b": 99.10234979216285,
      "head_b_tag": "",
      "head_lb": 91.7092797959201,
      "head_ub": 108.2907202040799
    },
    "16": {
      "demand_a": 0.007328872215550171,
      "demand_b": 0.008118202114842932,
      "demand_lb": 1e-06,
      "head_a": 98.11603715356365,
      "head_a_tag": "",
      "head_b": 98.11603715356362,
      "head_b_tag": "",
      "head_lb": 80.45195379991088,
      "head_ub": 119.54804620008912
    },
    "17": {
      "demand_a": 0.004183967985918127,
      "demand_b": 0.007102353553597462,
      "demand_lb": 1e-06,
      "head_a": 97.9683922699868,
      "head_a_tag": "",
      "head_b": 97.8593614637103,
      "head_b_tag": "",
      "head_lb": 76.27685648606263,
      "head_ub": 123.72314351393737
    },
    "18": {
      "demand_a": 0.0014963693354959826,
      "demand_b": 0.003454475415231974,
      "demand_lb": 1e-06,
      "head_a": 99.05650869075819,
      "head_a_tag": "",
      "head_b": 99.05058713356465,
      "head_b_tag": "",
      "head_lb": 91.21616132819784,
      "head_ub": 108.78383867180216
    },
    "19": {
      "demand_a": 0.0028477450963606474,
      "demand_b": 0.005200519971698448,
      "demand_lb": 1e-06,
      "head_a": 98.53579237461497,
      "head_a_tag": "",
      "head_b": 98.53579237461496,
      "head_b_tag": "",
      "head_lb": 85.09107641733966,
      "head_ub": 114.90892358266034
    },
    "20": {
      "demand_a": 0.002484563400750312,
      "demand_b": 0.002647311849159383,
      "demand_lb": 1e-06,
      "head_a": 98.2515667303709,
      "head_a_tag": "",
      "head_b": 98.24010648757513,
      "head_b_tag": "",
      "head_lb": 81.95592940539649,
      "head_ub": 118.04407059460351
    },
    "21": {
      "demand_a": 0.013328053509748713,
      "demand_b": 0.007629446624513982,
      "demand_lb": 1e-06,
      "head_a": 98.10008921856112,
      "head_a_tag": "",
      "head_b": 98.11017991326075,
      "head_b_tag": "",
      "head_lb": 80.29368313429404,
      "head_ub": 119.70631686570596
    },
    "22": {
      "demand_a": 0.0052151719400735635,
      "demand_b": 0.004293078699927614,
      "demand_lb": 1e-06,
      "head_a": 97.85486691748004,
      "head_a_tag": "",
      "head_b": 97.82338236742994,
      "head_b_tag": "",
      "head_lb": 75.36701637652837,
      "head_ub": 124.63298362347163
    },
    "23": {
      "demand_a": 0.0024329427809448656,
      "demand_b": 0.0016503773838701863,
      "demand_lb": 1e-06,
      "head_a": 98.90970867870759,
      "head_a_tag": "",
      "head_b": 98.92423464178397,
      "head_b_tag": "",
      "head_lb": 89.28563267090023,
      "head_ub": 110.71436732909977
    },
    "24": {
      "demand_a": 0.004544530050232154,
      "demand_b": 0.003591847841774059,
      "demand_lb": 1e-06,
      "head_a": 98.51987977566577,
      "head_a_tag": "",
      "head_b": 98.52904132671188,
      "head_b_tag": "",
      "head_lb": 84.91835360074052,
      "head_ub": 115.08164639925948
    },
    "25": {
      "demand_a": 0.0036038922867810204,
      "demand_b": 0.002554945470682082,
      "demand_lb": 1e-06,
      "head_a": 98.22394761587347,
      "head_a_tag": "",
      "head_b": 98.22718853605123,
      "head_b_tag": "",
      "head_lb": 81.56952160812698,
      "head_ub": 118.43047839187302
    },
    "26": {
      "demand_a": 0.0014717038764267025,
      "demand_b": 0.002644663504973897,
      "demand_lb": 1e-06,
      "head_a": 98.08961627730626,
      "head_a_tag": "",
      "head_b": 98.0695048729927,
      "head_b_tag": "",
      "head_lb": 79.74597586422558,
      "head_ub": 120.25402413577442
    },
    "3": {
      "demand_a": 0.011249016136324258,
      "demand_b": 0.017387577343177557,
      "demand_lb": 1e-06,
      "head_a": 99.86548845892499,
      "head_a_tag": "",
      "head_b": 99.86548845892499,
      "head_b_tag": "",
      "head_lb": 98.86528131212901,
      "head_ub": 101.13471868787099
    },
    "4": {
      "demand_a": 0.011269071710267017,
      "demand_b": 1.0424017056753776e-06,
      "demand_lb": 1e-06,
      "head_a": 99.54822470995244,
      "head_a_tag": "",
      "head_b": 99.57428133329543,
      "head_b_tag": "",
      "head_lb": 96.22023709746742,
      "head_ub": 103.77976290253258
    },
    "5": {
      "demand_a": 0.005021736724229675,
      "demand_b": 0.003447759365207633,
      "demand_lb": 1e-06,
      "head_a": 99.48462533213112,
      "head_a_tag": "",
      "head_b": 99.51067957657425,
      "head_b_tag": "",
      "head_lb": 95.64820714338538,
      "head_ub": 104.35179285661462
    },
    "6": {
      "demand_a": 0.0028750516624046554,
      "demand_b": 0.004138000000612308,
      "demand_lb": 1e-06,
      "head_a": 99.04758609712208,
      "head_a_tag": "",
      "head_b": 99.02661639296012,
      "head_b_tag": "",
      "head_lb": 89.48828179556567,
      "head_ub": 110.51171820443433
    },
    "7": {
      "demand_a": 0.0014487512973714901,
      "demand_b": 0.003742858882422354,
      "demand_lb": 1e-06,
      "head_a": 98.5863650471119,
      "head_a_tag": "",
      "head_b": 98.5341845374272,
      "head_b_tag": "",
      "head_lb": 83.45901484936377,
      "head_ub": 116.54098515063623
    },
    "8": {
      "demand_a": 0.009527403909624923,
      "demand_b": 0.0027032075579191493,
      "demand_lb": 1e-06,
      "head_a": 98.22913744468721,
      "head_a_tag": "",
      "head_b": 98.23717604221956,
      "head_b_tag": "",
      "head_lb": 81.64697482475928,
      "head_ub": 118.35302517524072
    },
    "9": {
      "demand_a": 0.003055184815595288,
      "demand_b": 0.012663206955305026,
      "demand_lb": 1e-06,
      "head_a": 99.1844035668117,
      "head_a_tag": "",
      "head_b": 99.17188062851135,
      "head_b_tag": "",
      "head_lb": 92.48894338194484,
      "head_ub": 107.51105661805516
    }
  },
  "metadata": {
    "DEMAND_LB": 1e-06,
    "DEMAND_RESTRICTION_MODE": null,
    "DEVIATION_ALPHA": null,
    "FIX_TOTAL_DEMAND": true,
    "GLOBAL_SOLVER": null,
    "HEADLOSS_MODEL": "hw",
    "MEASUREMENT_HEADS_EQUAL_ONLY": true,
    "MEASUREMENT_SITES": [
      "16",
      "19"
    ],
    "MULTI_STARTS": 1,
    "MULTI_START_NOISE": 0.05,
    "MULTI_START_NOISE_REL": 0.25,
    "NORM": 2.0,