{
  "best_bound": null,
  "demands_a": {
    "10": 0.012475074056296963,
    "11": 0.0021760041657425053,
    "12": 0.01422633375834164,
    "13": 0.007303269253968573,
    "14": 0.007055971341761079,
    "15": 0.010988500146058268,
    "16": 0.007275125326371869,
    "17": 0.0041839425653256955,
    "18": 0.0014964036217947514,
    "19": 0.002847144766752331,
    "20": 0.003419241819573574,
    "21": 0.01336982188264229,
    "22": 0.005215134088212167,
    "23": 0.0023337363393521986,
    "24": 0.004801814310604349,
    "25": 0.002265796186794986,
    "26": 0.001717802247904941,
    "27": -0.14699999988079065,
    "3": 0.011249058268251538,
    "4": 0.011269080216481098,
    "5": 0.004248095583999054,
    "6": 0.004031820400373209,
    "7": 0.0011760632293061658,
    "8": 0.009527319726204195,
    "9": 0.002347446578677262
  },
  "demands_b": {
    "10": 0.003223083916890135,
    "11": 0.01100387534022211,
    "12": 0.008574685681168894,
    "13": 0.014365697896023913,
    "14": 0.009721690450757716,
    "15": 0.007460296451601435,
    "16": 0.008118291516430934,
    "17": 0.007102375431199624,
    "18": 0.0034544357089617683,
    "19": 0.006003813475526858,
    "20": 0.0010725215375138129,
    "21": 0.007629541995300731,
    "22": 0.004293061865424424,
    "23": 0.0016506902139377657,
    "24": 0.003682614597900667,
    "25": 0.0034409266321890845,
    "26": 0.0024388528034944286,
    "27": -0.14699999988079074,
    "3": 0.015189850351914086,
    "4": 1.0562025652138818e-06,
    "5": 0.007111535229707384,
    "6": 0.002119969325987469,
    "7": 0.003972766490390167,
    "8": 0.0027033230268541913,
    "9": 0.012665043738827902
  },
  "flows_a": {
    "1": 0.1469999998807907,
    "10": 0.009358591596108657,
    "12": 0.06747528756100672,
    "13": 0.03872228569194058,
    "14": 0.03654628152619808,
    "15": 0.022319947767856438,
    "16": 0.021880855226478105,
    "17": 0.010892355080419837,
    "18": 0.02246819756679188,
    "19": -0.0010803429195023187,
    "2": 0.13575094161253917,
    "20": 0.01218244733426754,
    "21": 0.0023026202543475777,
    "22": 0.01705563135697936,
    "23": 0.01336063947307698,
    "24": 0.004907322007895671,
    "25": 0.004046577230435009,
    "26": 0.009395951458625085,
    "27": 0.002565421443060186,
    "28": 0.0013560929838311272,
    "29": 0.0008515623678953527,
    "3": 0.03277827202989598,
    "30": 0.0021652549194568914,
    "31": 0.007062215119272887,
    "32": 0.004825822251728723,
    "33": 0.0039161190487648646,
    "34": 0.003049879168755276,
    "4": 0.028530176445896924,
    "5": 0.018308086291501012,
    "6": 0.017132023062194846,
    "7": 0.09170358936616209,
    "8": 0.006190269754022704,
    "9": 0.0017538882601180047
  },
  "flows_b": {
    "1": 0.1469999998807907,
    "10": 0.012258269463481353,
    "12": 0.0645875983446108,
    "13": 0.04339198720807035,
    "14": 0.03238811186784824,
    "15": 0.023813426186679348,
    "16": 0.019579768771098283,
    "17": 0.012119472319496848,
    "18": 0.024238118945459443,
    "19": 0.0009582611762874676,
    "2": 0.13181014952887662,
    "20": 0.010951216676487638,
    "21": 0.0025365790127236366,
    "22": 0.016619788783198444,
    "23": 0.012298443461632003,
    "24": 0.0028329251600567045,
    "25": 0.005730072297376228,
    "26": 0.00866503661053508,
    "27": 0.0016145166867341432,
    "28": 0.0022905626077651597,
    "29": 0.0017717543290117475,
    "3": 0.03497668247177444,
    "30": 0.0011642758789002397,
    "31": 0.007014346396597314,
    "32": 0.00494624848543079,
    "33": 0.003795884461006865,
    "34": 0.003128785986524184,
    "4": 0.027865147242067057,
    "5": 0.019479586190270445,
    "6": 0.015506819699880279,
    "7": 0.09683241085453698,
    "8": 0.006265591725809141,
    "9": -0.000545227209544734
  },
  "heads_a": {
    "10": 98.64961631272165,
    "11": 98.56493793075143,
    "12": 98.44223280202934,
    "13": 98.24923918772681,
    "14": 98.0730576954366,
    "15": 99.09898590094178,
    "16": 98.10593570112896,
    "17": 97.95803581146738,
    "18": 99.05650884914336,
    "19": 98.52545004902198,
    "20": 98.24120773813618,
    "21": 98.08973243416371,
    "22": 97.84451217743378,
    "23": 98.90970985018353,
    "24": 98.5095360281208,
    "25": 98.23074277908269,
    "26": 98.07925860861813,
    "27": 100.0,
    "3": 99.86548845892499,
    "4": 99.5482248923194,
    "5": 99.4846256901586,
    "6": 99.02476064517845,
    "7": 98.57600134892695,
    "8": 98.21877752279043,
    "9": 99.18440376208213
  },
  "heads_b": {
    "10": 98.66949448801115,
    "11": 98.56493793075143,
    "12": 98.46682837584245,
    "13": 98.24923918772681,
    "14": 98.01251951953009,
    "15": 99.09313901088277,
    "16": 98.13159764903718,
    "17": 97.87492131389355,
    "18": 99.04137634400344,
    "19": 98.5266079778503,
    "20": 98.25567118470022,
    "21": 98.12574034337483,
    "22": 97.83894150283605,
    "23": 98.91502275815468,
    "24": 98.51985783964437,
    "25": 98.22804312677624,
    "26": 98.08505966705388,
    "27": 100.0,
    "3": 99.86548845892499,
    "4": 99.56507061983035,
    "5": 99.49334665530694,
    "6": 99.05313640349044,
    "7": 98.54975129055609,
    "8": 98.25273866770065,
    "9": 99.16266981005772
  },
  "max_violation": 0.0,
  "min_demand_viol": 5.620256521388183e-08,
  "norm": 2.0,
  "objective": 0.0006460526533384614,
  "p": 2,
  "radius": 0.025417565842119134,
  "solver_status": "HxSolutionStatus.OPTIMAL"
}