{
  "best_bound": null,
  "demands_a": {
    "1": 0.22811900329907803,
    "2": 0.11009825900678938,
    "3": 0.10043403780439347,
    "4": 0.11830821063499852,
    "5": 0.2430688946793732,
    "6": 0.319971599343739,
    "7": -1.1200000047683716
  },
  "demands_b": {
    "1": 0.15946829883383892,
    "2": 0.10019157550451041,
    "3": 0.08501730829425608,
    "4": 0.11456599753705698,
    "5": 0.30657875037807614,
    "6": 0.35417807422063313,
    "7": -1.1200000047683716
  },
  "flows_a": {
    "1": 1.1200000047683716,
    "2": 0.4495623020995497,
    "3": 0.5603394436620325,
    "4": 0.14461098868634417,
    "5": 0.29742024434068975,
    "6": 0.02255135500304922,
    "7": 0.34912826429515625,
    "8": 0.25067035830212725
  },
  "flows_b": {
    "1": 1.1200000047683716,
    "2": 0.45164364241034316,
    "3": 0.568164786853518,
    "4": 0.16210308459525194,
    "5": 0.2914957047212091,
    "6": 0.06268236949942402,
    "7": 0.3666263341160871,
    "8": 0.22215066833326294
  },
  "heads_a": {
    "1": 207.8192828213146,
    "2": 208.3993620394407,
    "3": 208.10416758306647,
    "4": 207.95547451232585,
    "5": 207.91934732675188,
    "6": 207.81812613109688,
    "7": 210.0
  },
  "heads_b": {
    "1": 207.8192828213146,
    "2": 208.3993620394407,
    "3": 208.101631532575,
    "4": 207.9439256173502,
    "5": 207.89929069541384,
    "6": 207.81160116944187,
    "7": 210.0
  },
  "max_violation": 0.0,
  "min_demand_viol": 0.08501630829425608,
  "norm": 2,
  "objective": 0.010266326003620733,
  "p": 1,
  "radius": 0.10132287996114565,
  "solver_status": "HxSolutionStatus.OPTIMAL"
}