{
  "junctions": {
    "1": {
      "demand_a": 0.13321638286516502,
      "demand_b": 0.24684264112566517,
      "demand_lb": 1e-06,
      "head_a": 207.8204215027469,
      "head_a_tag": "",
      "head_b": 207.82042150274694,
      "head_b_tag": "",
      "head_lb": 193.62708714484413,
      "head_ub": 226.37291285515587
    },
    "2": {
      "demand_a": 0.10092717991086575,
      "demand_b": 0.11683477030742262,
      "demand_lb": 1e-06,
      "head_a": 208.3993620394407,
      "head_a_tag": "",
      "head_b": 208.3993620394407,
      "head_b_tag": "",
      "head_lb": 197.73885171300606,
      "head_ub": 222.26114828699394
    },
    "3": {
      "demand_a": 0.074163333008687,
      "demand_b": 0.10070140324582166,
      "demand_lb": 1e-06,
      "head_a": 208.10461557324894,
      "head_a_tag": "",
      "head_b": 208.10818327487138,
      "head_b_tag": "",
      "head_lb": 195.6583771104362,
      "head_ub": 224.3416228895638
    },
    "4": {
      "demand_a": 0.1098820823213098,
      "demand_b": 0.11677918891862293,
      "demand_lb": 1e-06,
      "head_a": 207.9413774465771,
      "head_a_tag": "",
      "head_b": 207.96048470628398,
      "head_b_tag": "",
      "head_lb": 194.40450298777,
      "head_ub": 225.59549701223
    },
    "5": {
      "demand_a": 0.3314942869855452,
      "demand_b": 0.22550076305829037,
      "demand_lb": 1e-06,
      "head_a": 207.89360095585357,
      "head_a_tag": "",
      "head_b": 207.9268574820535,
      "head_b_tag": "",
      "head_lb": 194.28361303052068,
      "head_ub": 225.71638696947932
    },
    "6": {
      "demand_a": 0.37031673967679885,
      "demand_b": 0.31334123811254877,
      "demand_lb": 1e-06,
      "head_a": 207.80877202159326,
      "head_a_tag": "",
      "head_b": 207.8200437698808,
      "head_b_tag": "",
      "head_lb": 193.56687411412554,
      "head_ub": 226.43312588587446
    }
  },
  "metadata": {
    "DEMAND_INTERVALS": false,
    "DEMAND_LB": 1e-06,
    "FIX_TOTAL_DEMAND": true,
    "GLOBAL_SOLVER": "couenne",
    "HEADLOSS_MODEL": "hw",
    "MEASUREMENT_HEADS_EQUAL_ONLY": true,
    "MEASUREMENT_SITES": [
      "1"
    ],
    "MULTI_STARTS": 10,
    "MULTI_START_NOISE": 0.05,
    "NORM": 2,
    "PIPE_BOUNDS": true,
    "PIPE_BOUND_METHOD": "perturb",
    "PIPE_BOUND_PERTURB_BASE": "base",
    "PIPE_BOUND_PERTURB_FIX_TOTAL": true,
    "PIPE_BOUND_PERTURB_SAMPLES": 25,
    "PIPE_BOUND_PERTURB_SEED": 1,
    "PIPE_BOUND_PERTURB_SIGMA": 0.1,
    "PIPE_BOUND_POLICY": "minmax",
    "PIPE_BOUND_SAFENESS": 0.85,
    "RADIUS": true,
    "SCENARIO_SOURCE": "base",
    "SINGLE_NODE_SOLUTION": false,
    "SOLVER": "hexaly_xd",
    "USE_RESERVOIR_OUTFLOW_CONSTRAINT": false,
    "WDN_NAME": "Alperovits",
    "output_dir": "data/Alperovits-B-batch-20260401-112356/1",
    "timestamp": "20260401-112356"
  },
  "output_dir": "data/Alperovits-B-batch-20260401-112356/1",
  "pipes": {
    "1": {
      "flow_a": 1.1200000047683716,
      "flow_a_tag": "lb",
      "flow_b": 1.1200000047683716,
      "flow_b_tag": "lb",
      "flow_lb": 1.1200000047683716,
      "flow_ub": 1.1200000047683716,
      "headloss_res_a": -10.660510326434622,
      "headloss_res_b": -10.660510326434622
    },
    "2": {
      "flow_a": 0.4491937803924901,
      "flow_a_tag": "",
      "flow_b": 0.44624971580983236,
      "flow_b_tag": "",
      "flow_lb": 0.44622185826301575,
      "flow_ub": 0.4613533318042755,
      "headloss_res_a": -1.6775062572865551,
      "headloss_res_b": -1.655305964656988
    },
    "3": {
      "flow_a": 0.5698790444650158,
      "flow_a_tag": "",
      "flow_b": 0.5569155186511165,
      "flow_b_tag": "",
      "flow_lb": 0.5568748712539673,
      "flow_ub": 0.5840606689453125,
      "headloss_res_a": -2.7164067836080847,
      "headloss_res_b": -2.5927354905852193
    },
    "4": {
      "flow_a": 0.1681672085419235,
      "flow_a_tag": "ub",
      "flow_b": 0.13911865208760707,
      "flow_b_tag": "lb",
      "flow_lb": 0.13911864161491394,
      "flow_ub": 0.16816721856594086,
      "headloss_res_a": -0.22864876900040926,
      "headloss_res_b": -0.1555486798371595
    },
    "5": {
      "flow_a": 0.2918297536017825,
      "flow_a_tag": "",
      "flow_b": 0.30101767764488657,
      "flow_b_tag": "",
      "flow_lb": 0.27015259861946106,
      "flow_ub": 0.3175203204154968,
      "headloss_res_a": -0.6998370518074082,
      "headloss_res_b": -0.7452436719777689
    },
    "6": {
      "flow_a": 0.07848698607501635,
      "flow_a_tag": "ub",
      "flow_b": 0.012323560467662201,
      "flow_b_tag": "lb",
      "flow_lb": 0.012323553673923016,
      "flow_ub": 0.07848699390888214,
      "headloss_res_a": -0.048563537545093016,
      "headloss_res_b": -0.0011067237050872238
    },
    "7": {
      "flow_a": 0.3750304473838031,
      "flow_a_tag": "ub",
      "flow_b": 0.3455483125640107,
      "flow_b_tag": "lb",
      "flow_lb": 0.3455483019351959,
      "flow_ub": 0.3750304579734802,
      "headloss_res_a": -1.1637493848821334,
      "headloss_res_b": -0.9857865145869642
    },
    "8": {
      "flow_a": 0.21170336894018135,
      "flow_a_tag": "lb",
      "flow_b": 0.25916620159332737,
      "flow_b_tag": "ub",
      "flow_lb": 0.211703360080719,
      "flow_ub": 0.2591662108898163,
      "headloss_res_a": -0.36489773034957207,
      "headloss_res_b": -0.5500898592698485
    }
  },
  "summary": {
    "flow_at_bounds": {
      "a_lb": 2,
      "a_ub": 3,
      "b_lb": 4,
      "b_ub": 1
    },
    "head_at_bounds": {
      "a_lb": 0,
      "a_ub": 0,
      "b_lb": 0,
      "b_ub": 0
    },
    "head_bounds_count": 6,
    "junction_count": 6,
    "min_demand_slack_a": 0.07416233300868699,
    "min_demand_slack_b": 0.10070040324582166,
    "pipe_count": 8,
    "total_demand_a": 1.1200000047683716,
    "total_demand_b": 1.1200000047683716,
    "total_demand_res_a": 0.0,
    "total_demand_res_b": 0.0,
    "total_demand_target": 1.1200000047683716
  }
}