{
  "junctions": {
    "1": {
      "demand_a": 0.17438144217044965,
      "demand_b": 0.19999995841881982,
      "demand_lb": 1e-06,
      "head_a": 207.81752873186073,
      "head_a_tag": "",
      "head_b": 207.8175278568468,
      "head_b_tag": "",
      "head_lb": 193.62708714484413,
      "head_ub": 226.37291285515587
    },
    "2": {
      "demand_a": 0.09661147526749181,
      "demand_b": 0.0999999790744468,
      "demand_lb": 1e-06,
      "head_a": 208.3993620394407,
      "head_a_tag": "",
      "head_b": 208.3993620394407,
      "head_b_tag": "",
      "head_lb": 197.73885171300606,
      "head_ub": 222.26114828699394
    },
    "3": {
      "demand_a": 0.0765383210952092,
      "demand_b": 0.10000002200642022,
      "demand_lb": 1e-06,
      "head_a": 208.10172291576575,
      "head_a_tag": "",
      "head_b": 208.09809132363867,
      "head_b_tag": "",
      "head_lb": 195.6583771104362,
      "head_ub": 224.3416228895638
    },
    "4": {
      "demand_a": 0.1223339935644327,
      "demand_b": 0.12000000084141371,
      "demand_lb": 1e-06,
      "head_a": 207.93848477699612,
      "head_a_tag": "",
      "head_b": 207.9479261811257,
      "head_b_tag": "",
      "head_lb": 194.40450298777,
      "head_ub": 225.59549701223
    },
    "5": {
      "demand_a": 0.3314943164587021,
      "demand_b": 0.2699999805005122,
      "demand_lb": 1e-06,
      "head_a": 207.89070828733546,
      "head_a_tag": "",
      "head_b": 207.90793485406792,
      "head_b_tag": "",
      "head_lb": 194.28361303052068,
      "head_ub": 225.71638696947932
    },
    "6": {
      "demand_a": 0.31864045621208614,
      "demand_b": 0.33000006392675885,
      "demand_lb": 1e-06,
      "head_a": 207.81458903560815,
      "head_a_tag": "",
      "head_b": 207.81458989442697,
      "head_b_tag": "",
      "head_lb": 193.56687411412554,
      "head_ub": 226.43312588587446
    }
  },
  "metadata": {
    "DEMAND_LB": 1e-06,
    "DEMAND_RESTRICTION_MODE": null,
    "DEVIATION_ALPHA": null,
    "FIX_TOTAL_DEMAND": true,
    "GLOBAL_SOLVER": null,
    "HEADLOSS_MODEL": "hw",
    "MEASUREMENT_HEADS_EQUAL_ONLY": true,
    "MEASUREMENT_SITES": [
      "1",
      "6"
    ],
    "MULTI_STARTS": 1,
    "MULTI_START_NOISE": 0.05,
    "MULTI_START_NOISE_REL": 0.25,
    "NORM": 2.0,
    "OUTPUT_DIR": "data/Alperovits/4e13e1d6",
    "PIPE_BOUNDS": true,
    "RADIUS_TO_FIXED": null,
    "SCENARIO": "base",
    "SCENARIO_FILE": "scenario/Alperovits/base.json",
    "SOLVER": "Hexaly_xd",
    "USE_RESERVOIR_OUTFLOW_CONSTRAINT": false,
    "WDN": "Alperovits",
    "WDN_NAME": "Alperovits",
    "output_dir": "data/Alperovits/4e13e1d6/1_6",
    "timestamp": "20260421-175340"
  },
  "output_dir": "data/Alperovits/4e13e1d6/1_6",
  "pipes": {
    "1": {
      "flow_a": 1.1200000047683716,
      "flow_a_tag": "lb",
      "flow_b": 1.1200000047683716,
      "flow_b_tag": "lb",
      "flow_lb": 1.1200000047683716,
      "flow_ub": 1.1200000047683716,
      "headloss_res_a": -10.660510326434622,
      "headloss_res_b": -10.660510326434622
    },
    "2": {
      "flow_a": 0.4515687790686894,
      "flow_a_tag": "",
      "flow_b": 0.45453550778487833,
      "flow_b_tag": "",
      "flow_lb": 0.44622185826301575,
      "flow_ub": 0.4613533318042755,
      "headloss_res_a": -1.6955243105210704,
      "headloss_res_b": -1.7181682260908917
    },
    "3": {
      "flow_a": 0.5718197504321904,
      "flow_a_tag": "",
      "flow_b": 0.5654645179090465,
      "flow_b_tag": "",
      "flow_lb": 0.5568748712539673,
      "flow_ub": 0.5840606689453125,
      "headloss_res_a": -2.7351715171125597,
      "headloss_res_b": -2.673965620603511
    },
    "4": {
      "flow_a": 0.16816721856594086,
      "flow_a_tag": "ub",
      "flow_b": 0.15276743740338128,
      "flow_b_tag": "",
      "flow_lb": 0.13911864161491394,
      "flow_ub": 0.16816721856594086,
      "headloss_res_a": -0.22864880301727453,
      "headloss_res_b": -0.18812516426116876
    },
    "5": {
      "flow_a": 0.2813185383018168,
      "flow_a_tag": "",
      "flow_b": 0.2926970796642515,
      "flow_b_tag": "",
      "flow_lb": 0.27015259861946106,
      "flow_ub": 0.3175203204154968,
      "headloss_res_a": -0.6496603319644345,
      "headloss_res_b": -0.7040616269336193
    },
    "6": {
      "flow_a": 0.03732191791026934,
      "flow_a_tag": "",
      "flow_b": 0.03730298426250731,
      "flow_b_tag": "",
      "flow_lb": 0.012323553673923016,
      "flow_ub": 0.07848699390888214,
      "headloss_res_a": -0.010675471680752538,
      "headloss_res_b": -0.010663394893890286
    },
    "7": {
      "flow_a": 0.3750304579734802,
      "flow_a_tag": "ub",
      "flow_b": 0.3545354857784581,
      "flow_b_tag": "",
      "flow_lb": 0.3455483019351959,
      "flow_ub": 0.3750304579734802,
      "headloss_res_a": -1.1637494514852067,
      "headloss_res_b": -1.0384548634746102
    },
    "8": {
      "flow_a": 0.211703360080719,
      "flow_a_tag": "lb",
      "flow_b": 0.23730294268132712,
      "flow_b_tag": "",
      "flow_lb": 0.211703360080719,
      "flow_ub": 0.2591662108898163,
      "headloss_res_a": -0.36489759131578947,
      "headloss_res_b": -0.46002204855882645
    }
  },
  "summary": {
    "flow_at_bounds": {
      "a_lb": 2,
      "a_ub": 2,
      "b_lb": 1,
      "b_ub": 0
    },
    "head_at_bounds": {
      "a_lb": 0,
      "a_ub": 0,
      "b_lb": 0,
      "b_ub": 0
    },
    "head_bounds_count": 6,
    "junction_count": 6,
    "min_demand_slack_a": 0.0765373210952092,
    "min_demand_slack_b": 0.0999989790744468,
    "pipe_count": 8,
    "total_demand_a": 1.1200000047683716,
    "total_demand_b": 1.1200000047683716,
    "total_demand_res_a": 0.0,
    "total_demand_res_b": 0.0,
    "total_demand_target": 1.1200000047683716
  }
}