{
  "junctions": {
    "1": {
      "demand_a": 0.17238485410409513,
      "demand_b": 0.13832038330130367,
      "demand_lb": 1e-06,
      "head_a": 207.7606566952074,
      "head_a_tag": "",
      "head_b": 207.82389046668635,
      "head_b_tag": "",
      "head_lb": 192.50486793246043,
      "head_ub": 227.49513206753957
    },
    "2": {
      "demand_a": 1.184407366405793e-06,
      "demand_b": 0.1624354322648387,
      "demand_lb": 1e-06,
      "head_a": 208.3993620394407,
      "head_a_tag": "",
      "head_b": 208.3993620394407,
      "head_b_tag": "",
      "head_lb": 197.73885171300606,
      "head_ub": 222.26114828699394
    },
    "3": {
      "demand_a": 0.03262544372953652,
      "demand_b": 0.10499503908440794,
      "demand_lb": 1e-06,
      "head_a": 208.06966938396994,
      "head_a_tag": "",
      "head_b": 208.13401743877154,
      "head_b_tag": "",
      "head_lb": 195.4480958089859,
      "head_ub": 224.5519041910141
    },
    "4": {
      "demand_a": 0.29132389779913626,
      "demand_b": 0.04931691095311308,
      "demand_lb": 1e-06,
      "head_a": 207.8269807577648,
      "head_a_tag": "",
      "head_b": 207.99453883329105,
      "head_b_tag": "",
      "head_lb": 193.65759424996153,
      "head_ub": 226.34240575003847
    },
    "5": {
      "demand_a": 0.5056276959686772,
      "demand_b": 0.1008370538901055,
      "demand_lb": 1e-06,
      "head_a": 207.78050116885353,
      "head_a_tag": "",
      "head_b": 207.97726275804655,
      "head_b_tag": "",
      "head_lb": 193.51611954073178,
      "head_ub": 226.48388045926822
    },
    "6": {
      "demand_a": 0.11803692875956004,
      "demand_b": 0.5640951852746027,
      "demand_lb": 1e-06,
      "head_a": 207.76952613861508,
      "head_a_tag": "",
      "head_b": 207.77116501383222,
      "head_b_tag": "",
      "head_lb": 192.19739489998213,
      "head_ub": 227.80260510001787
    }
  },
  "metadata": {
    "DEMAND_INTERVALS": false,
    "DEMAND_LB": 1e-06,
    "FIX_TOTAL_DEMAND": true,
    "GLOBAL_SOLVER": "couenne",
    "HEADLOSS_MODEL": "hw",
    "MEASUREMENT_HEADS_EQUAL_ONLY": true,
    "MEASUREMENT_SITES": [
      "2"
    ],
    "MULTI_STARTS": 10,
    "MULTI_START_NOISE": 0.05,
    "NORM": 2,
    "PIPE_BOUNDS": true,
    "PIPE_BOUND_METHOD": "perturb",
    "PIPE_BOUND_PERTURB_BASE": "base",
    "PIPE_BOUND_PERTURB_FIX_TOTAL": true,
    "PIPE_BOUND_PERTURB_SAMPLES": 25,
    "PIPE_BOUND_PERTURB_SEED": 1,
    "PIPE_BOUND_PERTURB_SIGMA": 0.4,
    "PIPE_BOUND_POLICY": "minmax",
    "PIPE_BOUND_SAFENESS": 0.85,
    "RADIUS": true,
    "SCENARIO_SOURCE": "base",
    "SINGLE_NODE_SOLUTION": false,
    "SOLVER": "hexaly_xd",
    "USE_RESERVOIR_OUTFLOW_CONSTRAINT": false,
    "WDN_NAME": "Alperovits",
    "output_dir": "data/Alperovits-B-batch-20260401-112551/2",
    "timestamp": "20260401-112551"
  },
  "output_dir": "data/Alperovits-B-batch-20260401-112551/2",
  "pipes": {
    "1": {
      "flow_a": 1.1200000047683716,
      "flow_a_tag": "lb",
      "flow_b": 1.1200000047683716,
      "flow_b_tag": "lb",
      "flow_lb": 1.1200000047683716,
      "flow_ub": 1.1200000047683716,
      "headloss_res_a": -10.660510326434622,
      "headloss_res_b": -10.660510326434622
    },
    "2": {
      "flow_a": 0.4772087429358939,
      "flow_a_tag": "",
      "flow_b": 0.42441526500776117,
      "flow_b_tag": "",
      "flow_lb": 0.41987699270248413,
      "flow_ub": 0.4841075539588928,
      "headloss_res_a": -1.8962392749159966,
      "headloss_res_b": -1.4953218444215812
    },
    "3": {
      "flow_a": 0.6427900774251113,
      "flow_a_tag": "",
      "flow_b": 0.5331493074957717,
      "flow_b_tag": "lb",
      "flow_lb": 0.5331490635871887,
      "flow_ub": 0.6461739540100098,
      "headloss_res_a": -3.466242738102747,
      "headloss_res_b": -2.3735641548809228
    },
    "4": {
      "flow_a": 0.16568674596106706,
      "flow_a_tag": "",
      "flow_b": 0.09709683014473053,
      "flow_b_tag": "lb",
      "flow_lb": 0.09709644317626953,
      "flow_ub": 0.20990444719791412,
      "headloss_res_a": -0.22185127755192707,
      "headloss_res_b": -0.07487601696657259
    },
    "5": {
      "flow_a": 0.18577943366490796,
      "flow_a_tag": "lb",
      "flow_b": 0.3867355663979281,
      "flow_b_tag": "ub",
      "flow_lb": 0.18577921390533447,
      "flow_ub": 0.3867356777191162,
      "headloss_res_a": -0.27990287727789404,
      "headloss_res_b": -1.2385452259862697
    },
    "6": {
      "flow_a": -0.06774250490534792,
      "flow_a_tag": "lb",
      "flow_b": 0.1773596188766746,
      "flow_b_tag": "ub",
      "flow_lb": -0.0677427425980568,
      "flow_ub": 0.17736011743545532,
      "headloss_res_a": 0.035986252483951486,
      "headloss_res_b": -0.2547458510149755
    },
    "7": {
      "flow_a": 0.44458329920635736,
      "flow_a_tag": "ub",
      "flow_b": 0.31942022592335323,
      "flow_b_tag": "lb",
      "flow_lb": 0.3194199204444885,
      "flow_ub": 0.4445835053920746,
      "headloss_res_a": -1.6428062611422254,
      "headloss_res_b": -0.8405317749355088
    },
    "8": {
      "flow_a": 0.10464234919874721,
      "flow_a_tag": "lb",
      "flow_b": 0.31568000217797826,
      "flow_b_tag": "",
      "flow_lb": 0.10464206337928772,
      "flow_ub": 0.32164889574050903,
      "headloss_res_a": -0.08718664330034,
      "headloss_res_b": -0.8206956221554925
    }
  },
  "summary": {
    "flow_at_bounds": {
      "a_lb": 4,
      "a_ub": 1,
      "b_lb": 4,
      "b_ub": 2
    },
    "head_at_bounds": {
      "a_lb": 0,
      "a_ub": 0,
      "b_lb": 0,
      "b_ub": 0
    },
    "head_bounds_count": 6,
    "junction_count": 6,
    "min_demand_slack_a": 1.8440736640579307e-07,
    "min_demand_slack_b": 0.04931591095311308,
    "pipe_count": 8,
    "total_demand_a": 1.1200000047683716,
    "total_demand_b": 1.1200000047683716,
    "total_demand_res_a": 0.0,
    "total_demand_res_b": 0.0,
    "total_demand_target": 1.1200000047683716
  }
}