{
  "demands_a": {
    "1": 0.37477357957497626,
    "2": 0.011131263328273633,
    "3": 0.31658078301713294,
    "4": 0.2068044993474636,
    "5": 0.05230123664020847,
    "6": 0.3136787995415361,
    "7": -1.275270161449591
  },
  "demands_b": {
    "1": 0.012250045893565764,
    "2": 0.262295418813943,
    "3": 9.91854899379252e-07,
    "4": 9.93894047507382e-07,
    "5": 0.5219277572259149,
    "6": 0.47879495376722025,
    "7": -1.2752701614495907
  },
  "flows_a": {
    "1": 1.275270161449591,
    "2": 0.5983820168179244,
    "3": 0.665756881303393,
    "4": 0.10510646695968946,
    "5": 0.35384591499624,
    "6": -0.04016711545470389,
    "7": 0.2818012338007914,
    "8": 0.3346064641202724
  },
  "flows_b": {
    "1": 1.275270161449591,
    "2": 0.43741864830703053,
    "3": 0.5755560943286173,
    "4": 0.23609944421421683,
    "5": 0.33945565622035295,
    "6": 0.13933929754686733,
    "7": 0.43741765645213115,
    "8": 0.1515893434404331
  },
  "heads_a": {
    "1": 207.16796332901438,
    "2": 207.96490498357338,
    "3": 207.45119292259471,
    "4": 207.35391778208265,
    "5": 207.3341027585956,
    "6": 207.17082381282046,
    "7": 210.0
  },
  "heads_b": {
    "1": 207.37418086387908,
    "2": 207.96490498357338,
    "3": 207.6903955432867,
    "4": 207.50826272582898,
    "5": 207.4082798452503,
    "6": 207.33975812377938,
    "7": 210.0
  },
  "max_violation": 0.0,
  "min_demand_viol": 0.011131263328273633,
  "norm": 2,
  "p": 0,
  "radius": 0.7650553004440579
}