{
  "best_radius": 0.7650553004440579,
  "norm": 2,
  "runs": [
    {
      "max_violation": 0.0,
      "min_demand_viol": 0.011131263328294061,
      "radius": 0.7650553004440356,
      "run": 0,
      "start_flows": {
        "1": 1.2815567346722234,
        "2": 0.5185667786089019,
        "3": 0.7008354616494944,
        "4": 0.16925908224639175,
        "5": 0.2870949788533797,
        "6": 0.07144293194639931,
        "7": 0.49245750612647243,
        "8": 0.29467911385364576
      },
      "start_heads": {
        "1": 207.1983336197496,
        "2": 207.9297180233659,
        "3": 207.5059338864493,
        "4": 207.31712913168823,
        "5": 207.30210908233522,
        "6": 207.08797294061407,
        "7": 209.93770445263735
      },
      "success": true
    },
    {
      "max_violation": 0.0,
      "min_demand_viol": 0.01113126332829717,
      "radius": 0.7650553004440354,
      "run": 1,
      "start_flows": {
        "1": 1.2386568558823812,
        "2": 0.4979590726306015,
        "3": 0.6529993213088726,
        "4": 0.18459560320744642,
        "5": 0.36600411598356913,
        "6": 0.04693644605372335,
        "7": 0.4955806773974499,
        "8": 0.21406533202285294
      },
      "start_heads": {
        "1": 207.18638691166288,
        "2": 207.9824802886609,
        "3": 207.6143784690842,
        "4": 207.35299346970314,
        "5": 207.26286782090017,
        "6": 207.15813821053308,
        "7": 210.0110097561735
      },
      "success": true
    },
    {
      "max_violation": 0.0,
      "min_demand_viol": 0.011131263328302499,
      "radius": 0.7650553004440204,
      "run": 2,
      "start_flows": {
        "1": 1.224789314440617,
        "2": 0.5147132430298813,
        "3": 0.6608530786316064,
        "4": 0.19105635562303017,
        "5": 0.3246114036367523,
        "6": 0.07113181465292114,
        "7": 0.3945660733990486,
        "8": 0.24084438401254515
      },
      "start_heads": {
        "1": 207.24833877298127,
        "2": 208.00410355865932,
        "3": 207.64387651726264,
        "4": 207.28533957820989,
        "5": 207.3757389721048,
        "6": 207.27151825053514,
        "7": 210.01322278151648
      },
      "success": true
    },
    {
      "max_violation": 0.0,
      "min_demand_viol": 0.011131263328273633,
      "radius": 0.7650553004440579,
      "run": 3,
      "start_flows": {
        "1": 1.2595740828907322,
        "2": 0.5980730559503149,
        "3": 0.7668272449498286,
        "4": 0.25409581988204605,
        "5": 0.37963363574815373,
        "6": 0.07123219973387286,
        "7": 0.366841572255857,
        "8": 0.24710235904117947
      },
      "start_heads": {
        "1": 207.15006730460837,
        "2": 207.99772853191007,
        "3": 207.50478688681412,
        "4": 207.3680489578242,
        "5": 207.32153596810898,
        "6": 207.23902661554416,
        "7": 209.96691487139805
      },
      "success": true
    },
    {
      "max_violation": 0.0,
      "min_demand_viol": 0.011131263328292285,
      "radius": 0.7650553004440331,
      "run": 4,
      "start_flows": {
        "1": 1.2534484612603927,
        "2": 0.4666819263848238,
        "3": 0.755782722983837,
        "4": 0.13921853996663217,
        "5": 0.3303269289844453,
        "6": 0.04043455192722886,
        "7": 0.5064311478100717,
        "8": 0.3133431150512756
      },
      "start_heads": {
        "1": 207.17837785071086,
        "2": 207.99657241629748,
        "3": 207.45902946596928,
        "4": 207.3508943035281,
        "5": 207.3342270929067,
        "6": 207.25442255813812,
        "7": 210.0911005681664
      },
      "success": true
    },
    {
      "max_violation": 0.0,
      "min_demand_viol": 0.01113126332827985,
      "radius": 0.7650553004440463,
      "run": 5,
      "start_flows": {
        "1": 1.209248675116889,
        "2": 0.49209562068270607,
        "3": 0.7155668285330314,
        "4": 0.16646680708000536,
        "5": 0.413998076693698,
        "6": 0.06278913882654835,
        "7": 0.3955977993603542,
        "8": 0.22844689043554323
      },
      "start_heads": {
        "1": 207.17154291338323,
        "2": 207.9103474792753,
        "3": 207.50532095168228,
        "4": 207.3798134293535,
        "5": 207.3291010739885,
        "6": 207.26895242031807,
        "7": 210.0844553726222
      },
      "success": true
    },
    {
      "max_violation": 0.0,
      "min_demand_viol": 0.011131263328294727,
      "radius": 0.765055300444033,
      "run": 6,
      "start_flows": {
        "1": 1.2609008382271203,
        "2": 0.6038924357156963,
        "3": 0.6471750367682004,
        "4": 0.12723991177162602,
        "5": 0.3263677160893686,
        "6": 0.10493583344439869,
        "7": 0.4353079827057328,
        "8": 0.2180486244910168
      },
      "start_heads": {
        "1": 207.1555549600348,
        "2": 207.8978437994524,
        "3": 207.49912894925572,
        "4": 207.37342699730885,
        "5": 207.34952843503217,
        "6": 207.19600974971473,
        "7": 210.0436521076311
      },
      "success": true
    },
    {
      "max_violation": 0.0,
      "min_demand_viol": 0.011131263328284735,
      "radius": 0.7650553004440456,
      "run": 7,
      "start_flows": {
        "1": 1.211250526381825,
        "2": 0.48951861702050337,
        "3": 0.6998652218043352,
        "4": 0.05150701771001018,
        "5": 0.33319692738975054,
        "6": 0.024281137380449905,
        "7": 0.4327214887438563,
        "8": 0.24353998938614246
      },
      "start_heads": {
        "1": 207.2514598360614,
        "2": 207.97501050490845,
        "3": 207.60391355683694,
        "4": 207.31037436727019,
        "5": 207.37109188448346,
        "6": 207.2405291687934,
        "7": 210.05824319905554
      },
      "success": true
    },
    {
      "max_violation": 0.0,
      "min_demand_viol": 0.011131263328284513,
      "radius": 0.7650553004440461,
      "run": 8,
      "start_flows": {
        "1": 1.3146496347028471,
        "2": 0.5673759558023966,
        "3": 0.6725940096644746,
        "4": 0.09267538383925315,
        "5": 0.30712619250958456,
        "6": 0.01488744719208978,
        "7": 0.3561204154441949,
        "8": 0.260247705242833
      },
      "start_heads": {
        "1": 207.2753960764346,
        "2": 207.93647731244886,
        "3": 207.51771473810103,
        "4": 207.2961428008115,
        "5": 207.31346363735332,
        "6": 207.22215807680453,
        "7": 209.9993042665738
      },
      "success": true
    },
    {
      "max_violation": 0.0,
      "min_demand_viol": 0.011131263328296725,
      "radius": 0.7650553004440271,
      "run": 9,
      "start_flows": {
        "1": 1.327362211578195,
        "2": 0.5952852631120931,
        "3": 0.7263226109348149,
        "4": 0.04574888107489106,
        "5": 0.37531263347160626,
        "6": 0.0703441796133572,
        "7": 0.44844607151263294,
        "8": 0.2658864365839966
      },
      "start_heads": {
        "1": 207.1690866105202,
        "2": 207.9840426431698,
        "3": 207.5851756710142,
        "4": 207.33034718938816,
        "5": 207.20496101844907,
        "6": 207.19877874295065,
        "7": 210.0540081706269
      },
      "success": true
    }
  ],
  "unique_local_optima": 1
}