{
  "C_bounds": {
    "1": 1.372590160369873,
    "2": 0.5656656563282013,
    "3": 0.7074386894702911,
    "4": 0.2131690114736557,
    "5": 0.3844153583049774,
    "6": 0.11711730435490607,
    "7": 0.45784190893173216,
    "8": 0.31774891912937164
  },
  "c_bounds": {
    "1": 0.982968670129776,
    "2": 0.3976923793554306,
    "3": 0.48964579701423644,
    "4": 0.11417777836322783,
    "5": 0.23416727483272554,
    "6": -0.02963807880878449,
    "7": 0.3002543389797211,
    "8": 0.16648077815771103
  }
}