{
  "junctions": {
    "1": {
      "demand_a": 0.10020100696349371,
      "demand_b": 0.27033626725224735,
      "demand_lb": 1e-06,
      "head_a": 207.82621545110908,
      "head_a_tag": "",
      "head_b": 207.79390391628684,
      "head_b_tag": "",
      "head_lb": 193.4611532898627,
      "head_ub": 226.5388467101373
    },
    "2": {
      "demand_a": 0.10845824021880546,
      "demand_b": 0.0835057425098753,
      "demand_lb": 1e-06,
      "head_a": 208.3993620394407,
      "head_a_tag": "",
      "head_b": 208.3993620394407,
      "head_b_tag": "",
      "head_lb": 197.73885171300606,
      "head_ub": 222.26114828699394
    },
    "3": {
      "demand_a": 0.05628695002555878,
      "demand_b": 0.12379400054808049,
      "demand_lb": 1e-06,
      "head_a": 208.11301564904704,
      "head_a_tag": "",
      "head_b": 208.08524896519862,
      "head_b_tag": "",
      "head_lb": 195.62629393444394,
      "head_ub": 224.37370606555606
    },
    "4": {
      "demand_a": 0.1010628027044208,
      "demand_b": 0.13324202448354044,
      "demand_lb": 1e-06,
      "head_a": 207.9422295135293,
      "head_a_tag": "",
      "head_b": 207.93881682285902,
      "head_b_tag": "",
      "head_lb": 194.2896568934707,
      "head_ub": 225.7103431065293
    },
    "5": {
      "demand_a": 0.36415484091418404,
      "demand_b": 0.20395048501684543,
      "demand_lb": 1e-06,
      "head_a": 207.8904830180508,
      "head_a_tag": "",
      "head_b": 207.908219589211,
      "head_b_tag": "",
      "head_lb": 194.17031922671646,
      "head_ub": 225.82968077328354
    },
    "6": {
      "demand_a": 0.3898361639419087,
      "demand_b": 0.30517148495778257,
      "demand_lb": 1e-06,
      "head_a": 207.80891641014048,
      "head_a_tag": "",
      "head_b": 207.79390739366167,
      "head_b_tag": "",
      "head_lb": 193.36886889046428,
      "head_ub": 226.63113110953572
    }
  },
  "metadata": {
    "DEMAND_INTERVALS": false,
    "DEMAND_LB": 1e-06,
    "FIX_TOTAL_DEMAND": true,
    "GLOBAL_SOLVER": "couenne",
    "HEADLOSS_MODEL": "hw",
    "MEASUREMENT_HEADS_EQUAL_ONLY": true,
    "MEASUREMENT_SITES": [
      "2"
    ],
    "MULTI_STARTS": 10,
    "MULTI_START_NOISE": 0.05,
    "NORM": 2,
    "PIPE_BOUNDS": true,
    "PIPE_BOUND_METHOD": "perturb",
    "PIPE_BOUND_PERTURB_BASE": "base",
    "PIPE_BOUND_PERTURB_FIX_TOTAL": true,
    "PIPE_BOUND_PERTURB_SAMPLES": 25,
    "PIPE_BOUND_PERTURB_SEED": 1,
    "PIPE_BOUND_PERTURB_SIGMA": 0.15,
    "PIPE_BOUND_POLICY": "minmax",
    "PIPE_BOUND_SAFENESS": 0.85,
    "RADIUS": true,
    "SCENARIO_SOURCE": "base",
    "SINGLE_NODE_SOLUTION": false,
    "SOLVER": "hexaly_xd",
    "USE_RESERVOIR_OUTFLOW_CONSTRAINT": false,
    "WDN_NAME": "Alperovits",
    "output_dir": "data/Alperovits-B-batch-20260401-112751/2",
    "timestamp": "20260401-112751"
  },
  "output_dir": "data/Alperovits-B-batch-20260401-112751/2",
  "pipes": {
    "1": {
      "flow_a": 1.1200000047683716,
      "flow_a_tag": "lb",
      "flow_b": 1.1200000047683716,
      "flow_b_tag": "lb",
      "flow_lb": 1.1200000047683716,
      "flow_ub": 1.1200000047683716,
      "headloss_res_a": -10.660510326434622,
      "headloss_res_b": -10.660510326434622
    },
    "2": {
      "flow_a": 0.4422354508924136,
      "flow_a_tag": "lb",
      "flow_b": 0.4648969959909126,
      "flow_b_tag": "ub",
      "flow_lb": 0.44223544001579285,
      "flow_ub": 0.4648970067501068,
      "headloss_res_a": -1.6252764183973305,
      "headloss_res_b": -1.7984446065374677
    },
    "3": {
      "flow_a": 0.5693063136571525,
      "flow_a_tag": "",
      "flow_b": 0.5715972662675837,
      "flow_b_tag": "",
      "flow_lb": 0.5527145266532898,
      "flow_ub": 0.5940340161323547,
      "headloss_res_a": -2.710881503751894,
      "headloss_res_b": -2.733017003494837
    },
    "4": {
      "flow_a": 0.17557385041298024,
      "flow_a_tag": "ub",
      "flow_b": 0.13220331641175687,
      "flow_b_tag": "lb",
      "flow_lb": 0.13220331072807312,
      "flow_ub": 0.17557385563850403,
      "headloss_res_a": -0.24956434912647046,
      "headloss_res_b": -0.14023892422802325
    },
    "5": {
      "flow_a": 0.2926696605397514,
      "flow_a_tag": "",
      "flow_b": 0.30615192537228636,
      "flow_b_tag": "",
      "flow_lb": 0.2579752802848816,
      "flow_ub": 0.329729825258255,
      "headloss_res_a": -0.7039279269413399,
      "headloss_res_b": -0.7712458444665123
    },
    "6": {
      "flow_a": 0.0971665034021573,
      "flow_a_tag": "ub",
      "flow_b": -0.0009804404145038138,
      "flow_b_tag": "lb",
      "flow_lb": -0.000980442389845848,
      "flow_ub": 0.097166508436203,
      "headloss_res_a": -0.07498534886760902,
      "headloss_res_b": 5.91850612113877e-06
    },
    "7": {
      "flow_a": 0.38594850086685484,
      "flow_a_tag": "ub",
      "flow_b": 0.3411029954428321,
      "flow_b_tag": "lb",
      "flow_lb": 0.3411029875278473,
      "flow_ub": 0.38594850897789,
      "headloss_res_a": -1.233442015534125,
      "headloss_res_b": -0.9602473781534782
    },
    "8": {
      "flow_a": 0.197367510365651,
      "flow_a_tag": "lb",
      "flow_b": 0.26935582683774356,
      "flow_b_tag": "ub",
      "flow_lb": 0.19736750423908234,
      "flow_ub": 0.269355833530426,
      "headloss_res_a": -0.31648814007576764,
      "headloss_res_b": -0.5948502286883136
    }
  },
  "summary": {
    "flow_at_bounds": {
      "a_lb": 3,
      "a_ub": 3,
      "b_lb": 4,
      "b_ub": 2
    },
    "head_at_bounds": {
      "a_lb": 0,
      "a_ub": 0,
      "b_lb": 0,
      "b_ub": 0
    },
    "head_bounds_count": 6,
    "junction_count": 6,
    "min_demand_slack_a": 0.05628595002555878,
    "min_demand_slack_b": 0.0835047425098753,
    "pipe_count": 8,
    "total_demand_a": 1.1200000047683714,
    "total_demand_b": 1.1200000047683716,
    "total_demand_res_a": 0.0,
    "total_demand_res_b": 2.220446049250313e-16,
    "total_demand_target": 1.1200000047683714
  }
}