{
  "best_bound": null,
  "demands_a": {
    "1": 0.10020100696349371,
    "2": 0.10845824021880546,
    "3": 0.05628695002555878,
    "4": 0.1010628027044208,
    "5": 0.36415484091418404,
    "6": 0.3898361639419087,
    "7": -1.1200000047683714
  },
  "demands_b": {
    "1": 0.27033626725224735,
    "2": 0.0835057425098753,
    "3": 0.12379400054808049,
    "4": 0.13324202448354044,
    "5": 0.20395048501684543,
    "6": 0.30517148495778257,
    "7": -1.1200000047683716
  },
  "flows_a": {
    "1": 1.1200000047683716,
    "2": 0.4422354508924136,
    "3": 0.5693063136571525,
    "4": 0.17557385041298024,
    "5": 0.2926696605397514,
    "6": 0.0971665034021573,
    "7": 0.38594850086685484,
    "8": 0.197367510365651
  },
  "flows_b": {
    "1": 1.1200000047683716,
    "2": 0.4648969959909126,
    "3": 0.5715972662675837,
    "4": 0.13220331641175687,
    "5": 0.30615192537228636,
    "6": -0.0009804404145038138,
    "7": 0.3411029954428321,
    "8": 0.26935582683774356
  },
  "heads_a": {
    "1": 207.82621545110908,
    "2": 208.3993620394407,
    "3": 208.11301564904704,
    "4": 207.9422295135293,
    "5": 207.8904830180508,
    "6": 207.80891641014048,
    "7": 210.0
  },
  "heads_b": {
    "1": 207.79390391628684,
    "2": 208.3993620394407,
    "3": 208.08524896519862,
    "4": 207.93881682285902,
    "5": 207.908219589211,
    "6": 207.79390739366167,
    "7": 210.0
  },
  "max_violation": 0.0,
  "min_demand_viol": 0.05628595002555878,
  "norm": 2,
  "objective": 0.06799488163596243,
  "p": 1,
  "radius": 0.2607582820083812,
  "solver_status": "HxSolutionStatus.OPTIMAL"
}