{
  "demands_a": {
    "1": 0.21343497739772804,
    "2": 0.01326427504195582,
    "3": 0.3014177174890759,
    "4": 0.13731633226822015,
    "5": 0.06165735350179935,
    "6": 0.5481795679187742,
    "7": -1.2752702236175535
  },
  "demands_b": {
    "1": 0.21343497739772804,
    "2": 0.13529811841275885,
    "3": 0.009837722506245261,
    "4": 0.13799037747219856,
    "5": 0.23052945990984858,
    "6": 0.5481795679187742,
    "7": -1.2752702236175535
  },
  "flows_a": {
    "1": 1.2752702236175537,
    "2": 0.5925750721673821,
    "3": 0.6694308764082156,
    "4": 0.10510646557916947,
    "5": 0.42700807856082595,
    "6": 0.1211714893579483,
    "7": 0.2911573546783062,
    "8": 0.33460646675567635
  },
  "flows_b": {
    "1": 1.2752702236175537,
    "2": 0.46986718359260077,
    "3": 0.670104921612194,
    "4": 0.10510646557916947,
    "5": 0.42700807856082595,
    "6": 0.1211714893579483,
    "7": 0.4600294610863555,
    "8": 0.33460646675567635
  },
  "heads_a": {
    "1": 207.09503173828125,
    "2": 207.96490478515625,
    "3": 207.46111489075872,
    "4": 207.34715548193816,
    "5": 207.33612060546875,
    "6": 207.06900024414062,
    "7": 210.0
  },
  "heads_b": {
    "1": 207.09503173828125,
    "2": 207.96490478515625,
    "3": 207.64815748369742,
    "4": 207.34591084085338,
    "5": 207.33612060546875,
    "6": 207.06900024414062,
    "7": 210.0
  },
  "max_violation": 0.0,
  "min_demand_viol": 0.01326427504195582,
  "radius": 0.3583704718048987
}