{
  "best_radius": 0.3583704718048987,
  "runs": [
    {
      "max_violation": 0.0,
      "min_demand_viol": 0.009837722506255808,
      "radius": 0.35837047180484677,
      "run": 0,
      "start_flows": {
        "1": 1.2837626195476521,
        "2": 0.4352284477239412,
        "3": 0.6829196038594987,
        "4": 0.18738591272535876,
        "5": 0.4235394149210783,
        "6": 0.12874561197957868,
        "7": 0.5588150502840981,
        "8": 0.43839920152598233
      },
      "start_heads": {
        "1": 207.08409215508462,
        "2": 207.9297180233659,
        "3": 207.62826805272883,
        "4": 207.35066522246518,
        "5": 207.3381869044361,
        "6": 206.95274870540868,
        "7": 209.93770445263735
      },
      "success": false
    },
    {
      "max_violation": 0.0,
      "min_demand_viol": 0.009837722506255753,
      "radius": 0.3583704718048519,
      "run": 1,
      "start_flows": {
        "1": 1.24086274075781,
        "2": 0.4146207417456408,
        "3": 0.6350834635188769,
        "4": 0.20272243368641343,
        "5": 0.5024485520512677,
        "6": 0.10423912608690274,
        "7": 0.5619382215550754,
        "8": 0.35778541969518957
      },
      "start_heads": {
        "1": 207.0721454469979,
        "2": 207.9824802886609,
        "3": 207.73671263536372,
        "4": 207.38652956048008,
        "5": 207.29894564300105,
        "6": 207.0229139753277,
        "7": 210.0110097561735
      },
      "success": false
    },
    {
      "max_violation": 0.0,
      "min_demand_viol": 0.0867970028014513,
      "radius": 0.002716916958995626,
      "run": 2,
      "start_flows": {
        "1": 1.2269951993160457,
        "2": 0.43137491214492063,
        "3": 0.6429372208416106,
        "4": 0.20918318610199718,
        "5": 0.4610558397044509,
        "6": 0.12843449468610052,
        "7": 0.46092361755667416,
        "8": 0.3845644716848817
      },
      "start_heads": {
        "1": 207.13409730831629,
        "2": 208.00410355865932,
        "3": 207.76621068354217,
        "4": 207.31887566898683,
        "5": 207.4118167942057,
        "6": 207.13629401532975,
        "7": 210.01322278151648
      },
      "success": false
    },
    {
      "max_violation": 0.0,
      "min_demand_viol": 0.01326427504195582,
      "radius": 0.3583704718048987,
      "run": 3,
      "start_flows": {
        "1": 1.261779967766161,
        "2": 0.5147347250653542,
        "3": 0.7489113871598329,
        "4": 0.27222265036101306,
        "5": 0.5160780718158524,
        "6": 0.12853487976705225,
        "7": 0.4331991164134826,
        "8": 0.39082244671351607
      },
      "start_heads": {
        "1": 207.03582583994339,
        "2": 207.99772853191007,
        "3": 207.62712105309365,
        "4": 207.40158504860113,
        "5": 207.35761379020985,
        "6": 207.10380238033878,
        "7": 209.96691487139805
      },
      "success": false
    },
    {
      "max_violation": 0.0,
      "min_demand_viol": 0.009837722506259416,
      "radius": 0.3583704718048355,
      "run": 4,
      "start_flows": {
        "1": 1.2556543461358214,
        "2": 0.3833435954998631,
        "3": 0.7378668651938413,
        "4": 0.15734537044559918,
        "5": 0.46677136505214395,
        "6": 0.09773723196040825,
        "7": 0.5727886919676972,
        "8": 0.45706320272361217
      },
      "start_heads": {
        "1": 207.06413638604587,
        "2": 207.99657241629748,
        "3": 207.5813636322488,
        "4": 207.38443039430504,
        "5": 207.37030491500758,
        "6": 207.11919832293273,
        "7": 210.0911005681664
      },
      "success": false
    },
    {
      "max_violation": 0.0,
      "min_demand_viol": 0.009837722506256363,
      "radius": 0.3583704718048502,
      "run": 5,
      "start_flows": {
        "1": 1.2114545599923177,
        "2": 0.40875728979774534,
        "3": 0.6976509707430357,
        "4": 0.18459363755897237,
        "5": 0.5504425127613967,
        "6": 0.12009181885972772,
        "7": 0.46195534351797984,
        "8": 0.3721669781078798
      },
      "start_heads": {
        "1": 207.05730144871825,
        "2": 207.9103474792753,
        "3": 207.6276551179618,
        "4": 207.41334952013045,
        "5": 207.3651788960894,
        "6": 207.1337281851127,
        "7": 210.0844553726222
      },
      "success": false
    },
    {
      "max_violation": 0.0,
      "min_demand_viol": 0.009837722506259916,
      "radius": 0.35837047180482196,
      "run": 6,
      "start_flows": {
        "1": 1.263106723102549,
        "2": 0.5205541048307356,
        "3": 0.6292591789782047,
        "4": 0.14536674225059304,
        "5": 0.4628121521570672,
        "6": 0.16223851347757806,
        "7": 0.5016655268633584,
        "8": 0.3617687121633534
      },
      "start_heads": {
        "1": 207.04131349536982,
        "2": 207.8978437994524,
        "3": 207.62146311553525,
        "4": 207.4069630880858,
        "5": 207.38560625713305,
        "6": 207.06078551450935,
        "7": 210.0436521076311
      },
      "success": false
    },
    {
      "max_violation": 0.0,
      "min_demand_viol": 0.009840467815446785,
      "radius": 0.35836542087866874,
      "run": 7,
      "start_flows": {
        "1": 1.2134564112572537,
        "2": 0.4061802861355427,
        "3": 0.6819493640143395,
        "4": 0.0696338481889772,
        "5": 0.46964136345744917,
        "6": 0.08158381741362929,
        "7": 0.49907903290148187,
        "8": 0.3872600770584791
      },
      "start_heads": {
        "1": 207.13721837139641,
        "2": 207.97501050490845,
        "3": 207.72624772311647,
        "4": 207.34391045804713,
        "5": 207.40716970658434,
        "6": 207.105304933588,
        "7": 210.05824319905554
      },
      "success": false
    },
    {
      "max_violation": 0.0,
      "min_demand_viol": 0.009837722506262636,
      "radius": 0.3583704718048166,
      "run": 8,
      "start_flows": {
        "1": 1.3168555195782758,
        "2": 0.48403762491743585,
        "3": 0.6546781518744789,
        "4": 0.11080221431822017,
        "5": 0.4435706285772832,
        "6": 0.07219012722526916,
        "7": 0.42247795960182044,
        "8": 0.4039677929151696
      },
      "start_heads": {
        "1": 207.1611546117696,
        "2": 207.93647731244886,
        "3": 207.64004890438056,
        "4": 207.32967889158846,
        "5": 207.3495414594542,
        "6": 207.08693384159915,
        "7": 209.9993042665738
      },
      "success": false
    },
    {
      "max_violation": 0.0,
      "min_demand_viol": 0.009840514536871348,
      "radius": 0.3583647782966045,
      "run": 9,
      "start_flows": {
        "1": 1.3295680964536236,
        "2": 0.5119469322271324,
        "3": 0.7084067531448192,
        "4": 0.06387571155385807,
        "5": 0.5117570695393049,
        "6": 0.12764685964653658,
        "7": 0.5148036156702586,
        "8": 0.40960652425633315
      },
      "start_heads": {
        "1": 207.0548451458552,
        "2": 207.9840426431698,
        "3": 207.70750983729374,
        "4": 207.3638832801651,
        "5": 207.24103884054995,
        "6": 207.06355450774527,
        "7": 210.0540081706269
      },
      "success": false
    }
  ],
  "unique_local_optima": 3
}