{
  "demands_a": {
    "1": -0.269964212789452,
    "2": -0.04343866657519646,
    "3": -0.07920482868643774,
    "4": -0.15494023126757528,
    "5": -0.3028971446689576,
    "6": -0.4248251396299347
  },
  "demands_b": {
    "1": -0.269964212789452,
    "2": -0.04343866657519646,
    "3": -0.07920482868643774,
    "4": -0.15494023126757528,
    "5": -0.3028971446689576,
    "6": -0.4248251396299347
  },
  "flows_a": {
    "1": 1.2752702236175537,
    "2": 0.5354258944719108,
    "3": 0.6964056625704466,
    "4": 0.16638900572011456,
    "5": 0.3750764255827567,
    "6": 0.04974871404717795,
    "7": 0.45622106578547306,
    "8": 0.31971292683662994
  },
  "flows_b": {
    "1": 1.2752702236175537,
    "2": 0.5354258944719108,
    "3": 0.6964056625704466,
    "4": 0.16638900572011456,
    "5": 0.3750764255827567,
    "6": 0.04974871404717795,
    "7": 0.45622106578547306,
    "8": 0.31971292683662994
  },
  "heads_a": {
    "1": 207.09503173828125,
    "2": 207.96490478515625,
    "3": 207.55360220149277,
    "4": 207.29636790158958,
    "5": 207.24671038817542,
    "6": 207.0906437857314,
    "7": 210.0
  },
  "heads_b": {
    "1": 207.09503173828125,
    "2": 207.96490478515625,
    "3": 207.55360220149277,
    "4": 207.29636790158958,
    "5": 207.24671038817542,
    "6": 207.0906437857314,
    "7": 210.0
  },
  "max_violation": 3.352873534367973e-14,
  "min_demand_viol": -0.4248251396299347,
  "radius": 0.0
}