{
  "best_bound": null,
  "demands_a": {
    "1": 0.13321878417028454,
    "2": 0.10631938043019562,
    "3": 0.07119553353835656,
    "4": 0.10746034874523352,
    "5": 0.33149016994372893,
    "6": 0.3703157879405724,
    "7": -1.1200000047683716
  },
  "demands_b": {
    "1": 0.20000002160668787,
    "2": 0.09999996423721047,
    "3": 0.1000000238418568,
    "4": 0.11999998986721094,
    "5": 0.2699999958276736,
    "6": 0.3300000093877321,
    "7": -1.1200000047683718
  },
  "flows_a": {
    "1": 1.1200000047683716,
    "2": 0.44622436164779133,
    "3": 0.5674562626903846,
    "4": 0.16816611011620458,
    "5": 0.2918298038289465,
    "6": 0.0784859841116259,
    "7": 0.3750288281094348,
    "8": 0.21170476828191045
  },
  "flows_b": {
    "1": 1.1200000047683716,
    "2": 0.4545355270863185,
    "3": 0.5654645134448427,
    "4": 0.1527674436021908,
    "5": 0.292697079975441,
    "6": 0.0373029294122911,
    "7": 0.3545355032444617,
    "8": 0.23730295101897897
  },
  "heads_a": {
    "1": 207.824020634241,
    "2": 208.3993620394407,
    "3": 208.10821391299314,
    "4": 207.94497689571662,
    "5": 207.89720098306472,
    "6": 207.81237142852908,
    "7": 210.0
  },
  "heads_b": {
    "1": 207.817527662031,
    "2": 208.3993620394407,
    "3": 208.09809129587055,
    "4": 207.9479261851134,
    "5": 207.9079348048752,
    "6": 207.81458994978965,
    "7": 210.0
  },
  "max_violation": 0.0,
  "min_demand_viol": 0.07119453353835656,
  "norm": 2.0,
  "objective": 0.010893013468814324,
  "p": 1,
  "radius": 0.10436960030973734,
  "solver_status": "HxSolutionStatus.OPTIMAL"
}