{
  "best_bound": null,
  "demands_a": {
    "1": 0.26450008052045915,
    "2": 0.08350597575096463,
    "3": 0.12379395309939212,
    "4": 0.13846444969167387,
    "5": 0.20978666523702633,
    "6": 0.29994888046885554,
    "7": -1.1200000047683716
  },
  "demands_b": {
    "1": 0.10020102301268335,
    "2": 0.06737854258342368,
    "3": 0.07894843779962063,
    "4": 0.11948099746151686,
    "5": 0.36415482912042874,
    "6": 0.3898361747906983,
    "7": -1.1200000047683714
  },
  "flows_a": {
    "1": 1.1200000047683716,
    "2": 0.4648969437982346,
    "3": 0.5715970852191724,
    "4": 0.1322033172973121,
    "5": 0.3009293182301864,
    "6": -0.0009804377613309087,
    "7": 0.3411029906988425,
    "8": 0.26351964275912826
  },
  "flows_b": {
    "1": 1.1200000047683716,
    "2": 0.4648969437982432,
    "3": 0.5877245183867047,
    "4": 0.17557384951557833,
    "5": 0.2926696714096095,
    "6": 0.09716650338108884,
    "7": 0.38594850599862257,
    "8": 0.1973675263937722
  },
  "heads_a": {
    "1": 207.7984494511746,
    "2": 208.3993620394407,
    "3": 208.085249664259,
    "4": 207.93881752685857,
    "5": 207.90822029283066,
    "6": 207.79845292853273,
    "7": 210.0
  },
  "heads_b": {
    "1": 207.79844945117458,
    "2": 208.3993620394407,
    "3": 208.085249664259,
    "4": 207.91446352277129,
    "5": 207.86271702778237,
    "6": 207.7811504102127,
    "7": 210.0
  },
  "max_violation": 0.0,
  "min_demand_viol": 0.06737754258342368,
  "norm": 2,
  "objective": 0.06153502180082818,
  "p": 2,
  "radius": 0.24806253606868606,
  "solver_status": "HxSolutionStatus.OPTIMAL"
}