{
  "junctions": {
    "1": {
      "demand_a": 0.24684263870393947,
      "demand_b": 0.133216383262864,
      "demand_lb": 1e-06,
      "head_a": 207.8049153722526,
      "head_a_tag": "",
      "head_b": 207.8240226311557,
      "head_b_tag": "",
      "head_lb": 193.62708714484413,
      "head_ub": 226.37291285515587
    },
    "2": {
      "demand_a": 0.09361673296342299,
      "demand_b": 0.10632276043848021,
      "demand_lb": 1e-06,
      "head_a": 208.3993620394407,
      "head_a_tag": "",
      "head_b": 208.3993620394407,
      "head_b_tag": "",
      "head_lb": 197.73885171300606,
      "head_ub": 222.26114828699394
    },
    "3": {
      "demand_a": 0.11337981033605476,
      "demand_b": 0.07119164232467434,
      "demand_lb": 1e-06,
      "head_a": 208.0926771411525,
      "head_a_tag": "",
      "head_b": 208.10821670499996,
      "head_b_tag": "",
      "head_lb": 195.6583771104362,
      "head_ub": 224.3416228895638
    },
    "4": {
      "demand_a": 0.12731882251915616,
      "demand_b": 0.10745818924874678,
      "demand_lb": 1e-06,
      "head_a": 207.94497857528276,
      "head_a_tag": "",
      "head_b": 207.94497857528276,
      "head_b_tag": "",
      "head_lb": 194.40450298777,
      "head_ub": 225.59549701223
    },
    "5": {
      "demand_a": 0.22550076081336934,
      "demand_b": 0.331494289313892,
      "demand_lb": 1e-06,
      "head_a": 207.91135135107774,
      "head_a_tag": "",
      "head_b": 207.89720208458894,
      "head_b_tag": "",
      "head_lb": 194.28361303052068,
      "head_ub": 225.71638696947932
    },
    "6": {
      "demand_a": 0.31334123943242875,
      "demand_b": 0.3703167401797144,
      "demand_lb": 1e-06,
      "head_a": 207.80453763928577,
      "head_a_tag": "",
      "head_b": 207.8123731499714,
      "head_b_tag": "",
      "head_lb": 193.56687411412554,
      "head_ub": 226.43312588587446
    }
  },
  "metadata": {
    "DEMAND_INTERVALS": false,
    "DEMAND_LB": 1e-06,
    "FIX_TOTAL_DEMAND": true,
    "GLOBAL_SOLVER": "couenne",
    "HEADLOSS_MODEL": "hw",
    "MEASUREMENT_HEADS_EQUAL_ONLY": true,
    "MEASUREMENT_SITES": [
      "2",
      "4"
    ],
    "MULTI_STARTS": 10,
    "MULTI_START_NOISE": 0.05,
    "NORM": 2,
    "PIPE_BOUNDS": true,
    "PIPE_BOUND_METHOD": "perturb",
    "PIPE_BOUND_PERTURB_BASE": "base",
    "PIPE_BOUND_PERTURB_FIX_TOTAL": true,
    "PIPE_BOUND_PERTURB_SAMPLES": 25,
    "PIPE_BOUND_PERTURB_SEED": 1,
    "PIPE_BOUND_PERTURB_SIGMA": 0.1,
    "PIPE_BOUND_POLICY": "minmax",
    "PIPE_BOUND_SAFENESS": 0.85,
    "RADIUS": true,
    "SCENARIO_SOURCE": "base",
    "SINGLE_NODE_SOLUTION": false,
    "SOLVER": "hexaly_xd",
    "USE_RESERVOIR_OUTFLOW_CONSTRAINT": false,
    "WDN_NAME": "Alperovits",
    "output_dir": "data/Alperovits-B-batch-20260401-112946/2_4",
    "timestamp": "20260401-112946"
  },
  "output_dir": "data/Alperovits-B-batch-20260401-112946/2_4",
  "pipes": {
    "1": {
      "flow_a": 1.1200000047683716,
      "flow_a_tag": "lb",
      "flow_b": 1.1200000047683716,
      "flow_b_tag": "lb",
      "flow_lb": 1.1200000047683716,
      "flow_ub": 1.1200000047683716,
      "headloss_res_a": -10.660510326434622,
      "headloss_res_b": -10.660510326434622
    },
    "2": {
      "flow_a": 0.45892812007797995,
      "flow_a_tag": "",
      "flow_b": 0.4462220926029261,
      "flow_b_tag": "lb",
      "flow_lb": 0.44622185826301575,
      "flow_ub": 0.4613533318042755,
      "headloss_res_a": -1.7519741915730394,
      "headloss_res_b": -1.655098424385522
    },
    "3": {
      "flow_a": 0.5674551517269686,
      "flow_a_tag": "",
      "flow_b": 0.5674551517269654,
      "flow_b_tag": "",
      "flow_lb": 0.5568748712539673,
      "flow_ub": 0.5840606689453125,
      "headloss_res_a": -2.6930617705291358,
      "headloss_res_b": -2.6930617705291002
    },
    "4": {
      "flow_a": 0.13911865203293153,
      "flow_a_tag": "lb",
      "flow_b": 0.1681672084871843,
      "flow_b_tag": "ub",
      "flow_lb": 0.13911864161491394,
      "flow_ub": 0.16816721856594086,
      "headloss_res_a": -0.1555486797139279,
      "headloss_res_b": -0.22864876885015462
    },
    "5": {
      "flow_a": 0.30101767717488087,
      "flow_a_tag": "",
      "flow_b": 0.2918297539910343,
      "flow_b_tag": "",
      "flow_lb": 0.27015259861946106,
      "flow_ub": 0.3175203204154968,
      "headloss_res_a": -0.7452436696181471,
      "headloss_res_b": -0.6998370537005527
    },
    "6": {
      "flow_a": 0.012323562257547877,
      "flow_a_tag": "lb",
      "flow_b": 0.07848698618868014,
      "flow_b_tag": "ub",
      "flow_lb": 0.012323553673923016,
      "flow_ub": 0.07848699390888214,
      "headloss_res_a": -0.0011067240355969149,
      "headloss_res_b": -0.04856353768882535
    },
    "7": {
      "flow_a": 0.3455483097419252,
      "flow_a_tag": "lb",
      "flow_b": 0.37503045027825177,
      "flow_b_tag": "ub",
      "flow_lb": 0.3455483019351959,
      "flow_ub": 0.3750304579734802,
      "headloss_res_a": -0.9857864982665241,
      "headloss_res_b": -1.1637494030870674
    },
    "8": {
      "flow_a": 0.25916620096148735,
      "flow_a_tag": "ub",
      "flow_b": 0.21170336945154414,
      "flow_b_tag": "lb",
      "flow_lb": 0.211703360080719,
      "flow_ub": 0.2591662108898163,
      "headloss_res_a": -0.5500898565500719,
      "headloss_res_b": -0.36489773213932974
    }
  },
  "summary": {
    "flow_at_bounds": {
      "a_lb": 4,
      "a_ub": 1,
      "b_lb": 3,
      "b_ub": 3
    },
    "head_at_bounds": {
      "a_lb": 0,
      "a_ub": 0,
      "b_lb": 0,
      "b_ub": 0
    },
    "head_bounds_count": 6,
    "junction_count": 6,
    "min_demand_slack_a": 0.09361573296342299,
    "min_demand_slack_b": 0.07119064232467434,
    "pipe_count": 8,
    "total_demand_a": 1.1200000047683714,
    "total_demand_b": 1.1200000047683718,
    "total_demand_res_a": 0.0,
    "total_demand_res_b": 4.440892098500626e-16,
    "total_demand_target": 1.1200000047683714
  }
}