{
  "best_bound": null,
  "demands_a": {
    "1": 0.24684263870393947,
    "2": 0.09361673296342299,
    "3": 0.11337981033605476,
    "4": 0.12731882251915616,
    "5": 0.22550076081336934,
    "6": 0.31334123943242875,
    "7": -1.1200000047683714
  },
  "demands_b": {
    "1": 0.133216383262864,
    "2": 0.10632276043848021,
    "3": 0.07119164232467434,
    "4": 0.10745818924874678,
    "5": 0.331494289313892,
    "6": 0.3703167401797144,
    "7": -1.1200000047683718
  },
  "flows_a": {
    "1": 1.1200000047683716,
    "2": 0.45892812007797995,
    "3": 0.5674551517269686,
    "4": 0.13911865203293153,
    "5": 0.30101767717488087,
    "6": 0.012323562257547877,
    "7": 0.3455483097419252,
    "8": 0.25916620096148735
  },
  "flows_b": {
    "1": 1.1200000047683716,
    "2": 0.4462220926029261,
    "3": 0.5674551517269654,
    "4": 0.1681672084871843,
    "5": 0.2918297539910343,
    "6": 0.07848698618868014,
    "7": 0.37503045027825177,
    "8": 0.21170336945154414
  },
  "heads_a": {
    "1": 207.8049153722526,
    "2": 208.3993620394407,
    "3": 208.0926771411525,
    "4": 207.94497857528276,
    "5": 207.91135135107774,
    "6": 207.80453763928577,
    "7": 210.0
  },
  "heads_b": {
    "1": 207.8240226311557,
    "2": 208.3993620394407,
    "3": 208.10821670499996,
    "4": 207.94497857528276,
    "5": 207.89720208458894,
    "6": 207.8123731499714,
    "7": 210.0
  },
  "max_violation": 0.0,
  "min_demand_viol": 0.07119064232467434,
  "norm": 2,
  "objective": 0.029727491103210654,
  "p": 2,
  "radius": 0.1724166207278482,
  "solver_status": "HxSolutionStatus.OPTIMAL"
}