{
  "junctions": {
    "1": {
      "demand_a": 0.17238480618035482,
      "demand_b": 0.13831986398417348,
      "demand_lb": 1e-06,
      "head_a": 207.80117951262525,
      "head_a_tag": "",
      "head_b": 207.80117951262525,
      "head_b_tag": "",
      "head_lb": 192.50486793246043,
      "head_ub": 227.49513206753957
    },
    "2": {
      "demand_a": 0.05761203736131604,
      "demand_b": 0.12724425667006012,
      "demand_lb": 1e-06,
      "head_a": 208.3993620394407,
      "head_a_tag": "",
      "head_b": 208.3993620394407,
      "head_b_tag": "",
      "head_lb": 197.73885171300606,
      "head_ub": 222.26114828699394
    },
    "3": {
      "demand_a": 1.0229199573497105e-06,
      "demand_b": 0.12423912180680052,
      "demand_lb": 1e-06,
      "head_a": 208.11019234713098,
      "head_a_tag": "",
      "head_b": 208.1113061835017,
      "head_b_tag": "",
      "head_lb": 195.4480958089859,
      "head_ub": 224.5519041910141
    },
    "4": {
      "demand_a": 0.26633741746263984,
      "demand_b": 0.0652645788644689,
      "demand_lb": 1e-06,
      "head_a": 207.86750350797666,
      "head_a_tag": "",
      "head_b": 207.97182772687856,
      "head_b_tag": "",
      "head_lb": 193.65759424996153,
      "head_ub": 226.34240575003847
    },
    "5": {
      "demand_a": 0.5056282437992937,
      "demand_b": 0.1008363982065339,
      "demand_lb": 1e-06,
      "head_a": 207.8210238870162,
      "head_a_tag": "",
      "head_b": 207.95455177759968,
      "head_b_tag": "",
      "head_lb": 193.51611954073178,
      "head_ub": 226.48388045926822
    },
    "6": {
      "demand_a": 0.11803647704480989,
      "demand_b": 0.5640957852363346,
      "demand_lb": 1e-06,
      "head_a": 207.81004901301515,
      "head_a_tag": "",
      "head_b": 207.7484537896402,
      "head_b_tag": "",
      "head_lb": 192.19739489998213,
      "head_ub": 227.80260510001787
    }
  },
  "metadata": {
    "DEMAND_INTERVALS": false,
    "DEMAND_LB": 1e-06,
    "FIX_TOTAL_DEMAND": true,
    "GLOBAL_SOLVER": "couenne",
    "HEADLOSS_MODEL": "hw",
    "MEASUREMENT_HEADS_EQUAL_ONLY": true,
    "MEASUREMENT_SITES": [
      "1"
    ],
    "MULTI_STARTS": 10,
    "MULTI_START_NOISE": 0.05,
    "NORM": 2,
    "PIPE_BOUNDS": true,
    "PIPE_BOUND_METHOD": "perturb",
    "PIPE_BOUND_PERTURB_BASE": "base",
    "PIPE_BOUND_PERTURB_FIX_TOTAL": true,
    "PIPE_BOUND_PERTURB_SAMPLES": 25,
    "PIPE_BOUND_PERTURB_SEED": 1,
    "PIPE_BOUND_PERTURB_SIGMA": 0.4,
    "PIPE_BOUND_POLICY": "minmax",
    "PIPE_BOUND_SAFENESS": 0.85,
    "RADIUS": true,
    "SCENARIO_SOURCE": "base",
    "SINGLE_NODE_SOLUTION": false,
    "SOLVER": "hexaly_xd",
    "USE_RESERVOIR_OUTFLOW_CONSTRAINT": false,
    "WDN_NAME": "Alperovits",
    "output_dir": "data/Alperovits-B-batch-20260401-112551/1",
    "timestamp": "20260401-112551"
  },
  "output_dir": "data/Alperovits-B-batch-20260401-112551/1",
  "pipes": {
    "1": {
      "flow_a": 1.1200000047683716,
      "flow_a_tag": "lb",
      "flow_b": 1.1200000047683716,
      "flow_b_tag": "lb",
      "flow_lb": 1.1200000047683716,
      "flow_ub": 1.1200000047683716,
      "headloss_res_a": -10.660510326434622,
      "headloss_res_b": -10.660510326434622
    },
    "2": {
      "flow_a": 0.4445845255093088,
      "flow_a_tag": "",
      "flow_b": 0.443659044903309,
      "flow_b_tag": "",
      "flow_lb": 0.41987699270248413,
      "flow_ub": 0.4841075539588928,
      "headloss_res_a": -1.642815441970818,
      "headloss_res_b": -1.6358941190532021
    },
    "3": {
      "flow_a": 0.6178034418977467,
      "flow_a_tag": "",
      "flow_b": 0.5490967031950025,
      "flow_b_tag": "",
      "flow_lb": 0.5331490635871887,
      "flow_ub": 0.6461739540100098,
      "headloss_res_a": -3.1988879908317798,
      "headloss_res_b": -2.5195514081656367
    },
    "4": {
      "flow_a": 0.16568680762062338,
      "flow_a_tag": "",
      "flow_b": 0.09709644782872778,
      "flow_b_tag": "lb",
      "flow_lb": 0.09709644317626953,
      "flow_ub": 0.20990444719791412,
      "headloss_res_a": -0.22185144521894584,
      "headloss_res_b": -0.07487541724113836
    },
    "5": {
      "flow_a": 0.18577921681448348,
      "flow_a_tag": "lb",
      "flow_b": 0.3867356765018058,
      "flow_b_tag": "ub",
      "flow_lb": 0.18577921390533447,
      "flow_ub": 0.3867356777191162,
      "headloss_res_a": -0.2799022139077326,
      "headloss_res_b": -1.2385459406255372
    },
    "6": {
      "flow_a": -0.06774273976967359,
      "flow_a_tag": "lb",
      "flow_b": 0.17736010873452887,
      "flow_b_tag": "ub",
      "flow_lb": -0.0677427425980568,
      "flow_ub": 0.17736011743545532,
      "headloss_res_a": 0.0359865065330892,
      "headloss_res_b": -0.25474727932524094
    },
    "7": {
      "flow_a": 0.4445835025893515,
      "flow_a_tag": "ub",
      "flow_b": 0.31941992309650846,
      "flow_b_tag": "lb",
      "flow_lb": 0.3194199204444885,
      "flow_ub": 0.4445835053920746,
      "headloss_res_a": -1.6428077837803943,
      "headloss_res_b": -0.840530158801389
    },
    "8": {
      "flow_a": 0.10464206641068123,
      "flow_a_tag": "lb",
      "flow_b": 0.31567997271870235,
      "flow_b_tag": "",
      "flow_lb": 0.10464206337928772,
      "flow_ub": 0.32164889574050903,
      "headloss_res_a": -0.0871861640692631,
      "headloss_res_b": -0.820695466741131
    }
  },
  "summary": {
    "flow_at_bounds": {
      "a_lb": 4,
      "a_ub": 1,
      "b_lb": 3,
      "b_ub": 2
    },
    "head_at_bounds": {
      "a_lb": 0,
      "a_ub": 0,
      "b_lb": 0,
      "b_ub": 0
    },
    "head_bounds_count": 6,
    "junction_count": 6,
    "min_demand_slack_a": 2.2919957349710574e-08,
    "min_demand_slack_b": 0.0652635788644689,
    "pipe_count": 8,
    "total_demand_a": 1.1200000047683716,
    "total_demand_b": 1.1200000047683716,
    "total_demand_res_a": 0.0,
    "total_demand_res_b": 0.0,
    "total_demand_target": 1.1200000047683716
  }
}