{
  "best_bound": null,
  "demands_a": {
    "1": 0.17238480618035482,
    "2": 0.05761203736131604,
    "3": 1.0229199573497105e-06,
    "4": 0.26633741746263984,
    "5": 0.5056282437992937,
    "6": 0.11803647704480989,
    "7": -1.1200000047683716
  },
  "demands_b": {
    "1": 0.13831986398417348,
    "2": 0.12724425667006012,
    "3": 0.12423912180680052,
    "4": 0.0652645788644689,
    "5": 0.1008363982065339,
    "6": 0.5640957852363346,
    "7": -1.1200000047683716
  },
  "flows_a": {
    "1": 1.1200000047683716,
    "2": 0.4445845255093088,
    "3": 0.6178034418977467,
    "4": 0.16568680762062338,
    "5": 0.18577921681448348,
    "6": -0.06774273976967359,
    "7": 0.4445835025893515,
    "8": 0.10464206641068123
  },
  "flows_b": {
    "1": 1.1200000047683716,
    "2": 0.443659044903309,
    "3": 0.5490967031950025,
    "4": 0.09709644782872778,
    "5": 0.3867356765018058,
    "6": 0.17736010873452887,
    "7": 0.31941992309650846,
    "8": 0.31567997271870235
  },
  "heads_a": {
    "1": 207.80117951262525,
    "2": 208.3993620394407,
    "3": 208.11019234713098,
    "4": 207.86750350797666,
    "5": 207.8210238870162,
    "6": 207.81004901301515,
    "7": 210.0
  },
  "heads_b": {
    "1": 207.80117951262525,
    "2": 208.3993620394407,
    "3": 208.1113061835017,
    "4": 207.97182772687856,
    "5": 207.95455177759968,
    "6": 207.7484537896402,
    "7": 210.0
  },
  "max_violation": 0.0,
  "min_demand_viol": 2.2919957349710574e-08,
  "norm": 2,
  "objective": 0.4246998025723277,
  "p": 1,
  "radius": 0.6516899589316439,
  "solver_status": "HxSolutionStatus.OPTIMAL"
}