{
  "best_bound": null,
  "demands_a": {
    "1": 0.1332163828371309,
    "2": 0.10592702893031314,
    "3": 0.07140969470309017,
    "4": 0.10763587131060381,
    "5": 0.3314942869963385,
    "6": 0.37031673999089515,
    "7": -1.1200000047683716
  },
  "demands_b": {
    "1": 0.24684263913917875,
    "2": 0.11648667583747074,
    "3": 0.10089182873652325,
    "4": 0.11693685805649495,
    "5": 0.22550076301535737,
    "6": 0.3133412399833465,
    "7": -1.1200000047683716
  },
  "flows_a": {
    "1": 1.1200000047683716,
    "2": 0.4464401416762795,
    "3": 0.567632834161779,
    "4": 0.16816720896801554,
    "5": 0.2918297538831597,
    "6": 0.07848698610773545,
    "7": 0.3750304469731893,
    "8": 0.21170336894486635
  },
  "flows_b": {
    "1": 1.1200000047683716,
    "2": 0.44644014167629287,
    "3": 0.557073187254608,
    "4": 0.13911865166534904,
    "5": 0.301017677532764,
    "6": 0.012323562450582519,
    "7": 0.3455483129397696,
    "8": 0.2591662015897613
  },
  "heads_a": {
    "1": 207.82375910308244,
    "2": 208.3993620394407,
    "3": 208.10795317316055,
    "4": 207.94471504714087,
    "5": 207.89693855619308,
    "6": 207.81210962192026,
    "7": 210.0
  },
  "heads_b": {
    "1": 207.82019140067467,
    "2": 208.3993620394407,
    "3": 208.10795317316055,
    "4": 207.96025460401935,
    "5": 207.92662737997787,
    "6": 207.81981366771308,
    "7": 210.0
  },
  "max_violation": 0.0,
  "min_demand_viol": 0.07140869470309016,
  "norm": 2.0,
  "objective": 0.028458971572652064,
  "p": 1,
  "radius": 0.1686978706820334,
  "solver_status": "HxSolutionStatus.OPTIMAL"
}