{
  "junctions": {
    "1": {
      "demand_a": 0.13321895947580992,
      "demand_b": 0.20000002160669528,
      "demand_lb": 1e-06,
      "head_a": 207.8175276620309,
      "head_a_tag": "",
      "head_b": 207.81752766203095,
      "head_b_tag": "",
      "head_lb": 193.62708714484413,
      "head_ub": 226.37291285515587
    },
    "2": {
      "demand_a": 0.09660973481915791,
      "demand_b": 0.09999996423719515,
      "demand_lb": 1e-06,
      "head_a": 208.3993620394407,
      "head_a_tag": "",
      "head_b": 208.3993620394407,
      "head_b_tag": "",
      "head_lb": 197.73885171300606,
      "head_ub": 222.26114828699394
    },
    "3": {
      "demand_a": 0.0765407355980734,
      "demand_b": 0.10000002384185125,
      "demand_lb": 1e-06,
      "head_a": 208.10172146844948,
      "head_a_tag": "",
      "head_b": 208.09809129587055,
      "head_b_tag": "",
      "head_lb": 195.6583771104362,
      "head_ub": 224.3416228895638
    },
    "4": {
      "demand_a": 0.11182447630395242,
      "demand_b": 0.11999998986721161,
      "demand_lb": 1e-06,
      "head_a": 207.9384839597021,
      "head_a_tag": "",
      "head_b": 207.94792618511337,
      "head_b_tag": "",
      "head_lb": 194.40450298777,
      "head_ub": 225.59549701223
    },
    "5": {
      "demand_a": 0.3314902836746392,
      "demand_b": 0.26999999582767725,
      "demand_lb": 1e-06,
      "head_a": 207.89070811504837,
      "head_a_tag": "",
      "head_b": 207.9079348048752,
      "head_b_tag": "",
      "head_lb": 194.28361303052068,
      "head_ub": 225.71638696947932
    },
    "6": {
      "demand_a": 0.37031581489673865,
      "demand_b": 0.3300000093877411,
      "demand_lb": 1e-06,
      "head_a": 207.80587845968034,
      "head_a_tag": "",
      "head_b": 207.8145899497896,
      "head_b_tag": "",
      "head_lb": 193.56687411412554,
      "head_ub": 226.43312588587446
    }
  },
  "metadata": {
    "DEMAND_LB": 1e-06,
    "DEMAND_RESTRICTION_MODE": null,
    "DEVIATION_ALPHA": null,
    "FIX_TOTAL_DEMAND": true,
    "GLOBAL_SOLVER": null,
    "HEADLOSS_MODEL": "hw",
    "MEASUREMENT_HEADS_EQUAL_ONLY": true,
    "MEASUREMENT_SITES": [
      "1",
      "2"
    ],
    "MULTI_STARTS": 1,
    "MULTI_START_NOISE": 0.05,
    "MULTI_START_NOISE_REL": 0.25,
    "NORM": 2.0,
    "OUTPUT_DIR": "data/Alperovits/4e13e1d6",
    "PIPE_BOUNDS": true,
    "RADIUS_TO_FIXED": null,
    "SCENARIO": "base",
    "SCENARIO_FILE": "scenario/Alperovits/base.json",
    "SOLVER": "Hexaly_xd",
    "USE_RESERVOIR_OUTFLOW_CONSTRAINT": false,
    "WDN": "Alperovits",
    "WDN_NAME": "Alperovits",
    "output_dir": "data/Alperovits/4e13e1d6/1_2",
    "timestamp": "20260421-175340"
  },
  "output_dir": "data/Alperovits/4e13e1d6/1_2",
  "pipes": {
    "1": {
      "flow_a": 1.1200000047683716,
      "flow_a_tag": "lb",
      "flow_b": 1.1200000047683716,
      "flow_b_tag": "lb",
      "flow_lb": 1.1200000047683716,
      "flow_ub": 1.1200000047683716,
      "headloss_res_a": -10.660510326434622,
      "headloss_res_b": -10.660510326434622
    },
    "2": {
      "flow_a": 0.4515699699948499,
      "flow_a_tag": "",
      "flow_b": 0.454535527086314,
      "flow_b_tag": "",
      "flow_lb": 0.44622185826301575,
      "flow_ub": 0.4613533318042755,
      "headloss_res_a": -1.6955333763922358,
      "headloss_res_b": -1.7181683698300363
    },
    "3": {
      "flow_a": 0.5718202999543637,
      "flow_a_tag": "",
      "flow_b": 0.5654645134448625,
      "flow_b_tag": "",
      "flow_lb": 0.5568748712539673,
      "flow_ub": 0.5840606689453125,
      "headloss_res_a": -2.7351768426651737,
      "headloss_res_b": -2.673965575242852
    },
    "4": {
      "flow_a": 0.16816598082328985,
      "flow_a_tag": "",
      "flow_b": 0.1527674436021871,
      "flow_b_tag": "",
      "flow_lb": 0.13911864161491394,
      "flow_ub": 0.16816721856594086,
      "headloss_res_a": -0.228645378953931,
      "headloss_res_b": -0.18812512959321945
    },
    "5": {
      "flow_a": 0.29182984282712143,
      "flow_a_tag": "",
      "flow_b": 0.29269707997546374,
      "flow_b_tag": "",
      "flow_lb": 0.27015259861946106,
      "flow_ub": 0.3175203204154968,
      "headloss_res_a": -0.6998374857989684,
      "headloss_res_b": -0.7040616800892975
    },
    "6": {
      "flow_a": 0.07848597206961723,
      "flow_a_tag": "",
      "flow_b": 0.037302929412277364,
      "flow_b_tag": "",
      "flow_lb": 0.012323553673923016,
      "flow_ub": 0.07848699390888214,
      "headloss_res_a": -0.04856226052512689,
      "headloss_res_b": -0.010663605073564349
    },
    "7": {
      "flow_a": 0.3750292343967765,
      "flow_a_tag": "",
      "flow_b": 0.35453550324446276,
      "flow_b_tag": "",
      "flow_lb": 0.3455483019351959,
      "flow_ub": 0.3750304579734802,
      "headloss_res_a": -1.1637417559013499,
      "headloss_res_b": -1.0384549631038011
    },
    "8": {
      "flow_a": 0.21170493154542713,
      "flow_a_tag": "",
      "flow_b": 0.23730295101897264,
      "flow_b_tag": "",
      "flow_lb": 0.211703360080719,
      "flow_ub": 0.2591662108898163,
      "headloss_res_a": -0.36490319745187266,
      "headloss_res_b": -0.46002194161438803
    }
  },
  "summary": {
    "flow_at_bounds": {
      "a_lb": 1,
      "a_ub": 0,
      "b_lb": 1,
      "b_ub": 0
    },
    "head_at_bounds": {
      "a_lb": 0,
      "a_ub": 0,
      "b_lb": 0,
      "b_ub": 0
    },
    "head_bounds_count": 6,
    "junction_count": 6,
    "min_demand_slack_a": 0.0765397355980734,
    "min_demand_slack_b": 0.09999896423719515,
    "pipe_count": 8,
    "total_demand_a": 1.1200000047683716,
    "total_demand_b": 1.1200000047683716,
    "total_demand_res_a": 0.0,
    "total_demand_res_b": 0.0,
    "total_demand_target": 1.1200000047683716
  }
}