{
  "junctions": {
    "1": {
      "demand_a": 0.1332164642971096,
      "demand_b": 0.21640596716935862,
      "demand_lb": 1e-06,
      "head_a": 207.83516334753082,
      "head_a_tag": "",
      "head_b": 207.82389159890326,
      "head_b_tag": "",
      "head_lb": 193.62708714484413,
      "head_ub": 226.37291285515587
    },
    "2": {
      "demand_a": 0.1138783686162248,
      "demand_b": 0.08916593052957911,
      "demand_lb": 1e-06,
      "head_a": 208.3993620394407,
      "head_a_tag": "",
      "head_b": 208.3993620394407,
      "head_b_tag": "",
      "head_lb": 197.73885171300606,
      "head_ub": 222.26114828699394
    },
    "3": {
      "demand_a": 0.082015724967681,
      "demand_b": 0.11580480192258197,
      "demand_lb": 1e-06,
      "head_a": 208.1082169276474,
      "head_a_tag": "",
      "head_b": 208.08966884848843,
      "head_b_tag": "",
      "head_lb": 195.6583771104362,
      "head_ub": 224.3416228895638
    },
    "4": {
      "demand_a": 0.09990273808952477,
      "demand_b": 0.15578152291575076,
      "demand_lb": 1e-06,
      "head_a": 207.95611934610673,
      "head_a_tag": "",
      "head_b": 207.94197007600297,
      "head_b_tag": "",
      "head_lb": 194.40450298777,
      "head_ub": 225.59549701223
    },
    "5": {
      "demand_a": 0.3206699025534112,
      "demand_b": 0.2559376423195079,
      "demand_lb": 1e-06,
      "head_a": 207.90834285344772,
      "head_a_tag": "",
      "head_b": 207.90834285344775,
      "head_b_tag": "",
      "head_lb": 194.28361303052068,
      "head_ub": 225.71638696947932
    },
    "6": {
      "demand_a": 0.3703168062444202,
      "demand_b": 0.2869041399115933,
      "demand_lb": 1e-06,
      "head_a": 207.82351386606962,
      "head_a_tag": "",
      "head_b": 207.82351386606962,
      "head_b_tag": "",
      "head_lb": 193.56687411412554,
      "head_ub": 226.43312588587446
    }
  },
  "metadata": {
    "DEMAND_LB": 1e-06,
    "DEMAND_RESTRICTION_MODE": null,
    "DEVIATION_ALPHA": null,
    "FIX_TOTAL_DEMAND": true,
    "GLOBAL_SOLVER": null,
    "HEADLOSS_MODEL": "hw",
    "MEASUREMENT_HEADS_EQUAL_ONLY": true,
    "MEASUREMENT_SITES": [
      "5",
      "6"
    ],
    "MULTI_STARTS": 1,
    "MULTI_START_NOISE": 0.05,
    "MULTI_START_NOISE_REL": 0.25,
    "NORM": 2.0,
    "OUTPUT_DIR": "data/Alperovits/3e031e7c",
    "PIPE_BOUNDS": true,
    "RADIUS_TO_FIXED": null,
    "SCENARIO": "base",
    "SCENARIO_FILE": "scenario/Alperovits/base.json",
    "SOLVER": "Hexaly_xd",
    "USE_RESERVOIR_OUTFLOW_CONSTRAINT": false,
    "WDN": "Alperovits",
    "WDN_NAME": "Alperovits",
    "output_dir": "data/Alperovits/3e031e7c/5_6",
    "timestamp": "20260421-175331"
  },
  "output_dir": "data/Alperovits/3e031e7c/5_6",
  "pipes": {
    "1": {
      "flow_a": 1.1200000047683716,
      "flow_a_tag": "lb",
      "flow_b": 1.1200000047683716,
      "flow_b_tag": "lb",
      "flow_lb": 1.1200000047683716,
      "flow_ub": 1.1200000047683716,
      "headloss_res_a": -10.660510326434622,
      "headloss_res_b": -10.660510326434622
    },
    "2": {
      "flow_a": 0.446221866797332,
      "flow_a_tag": "lb",
      "flow_b": 0.4613533232614486,
      "flow_b_tag": "ub",
      "flow_lb": 0.44622185826301575,
      "flow_ub": 0.4613533318042755,
      "headloss_res_a": -1.6550966772845939,
      "headloss_res_b": -1.7707813345698002
    },
    "3": {
      "flow_a": 0.5598997693548148,
      "flow_a_tag": "",
      "flow_b": 0.569480750977344,
      "flow_b_tag": "",
      "flow_lb": 0.5568748712539673,
      "flow_ub": 0.5840606689453125,
      "headloss_res_a": -2.6209471801593542,
      "headloss_res_b": -2.712563743409453
    },
    "4": {
      "flow_a": 0.1681672122208918,
      "flow_a_tag": "ub",
      "flow_b": 0.1391186483463602,
      "flow_b_tag": "lb",
      "flow_lb": 0.13911864161491394,
      "flow_ub": 0.16816721856594086,
      "headloss_res_a": -0.22864877915954562,
      "headloss_res_b": -0.1555486713375985
    },
    "5": {
      "flow_a": 0.29182981904439825,
      "flow_a_tag": "",
      "flow_b": 0.274580579715233,
      "flow_b_tag": "",
      "flow_lb": 0.27015259861946106,
      "flow_ub": 0.3175203204154968,
      "headloss_res_a": -0.6998373701034454,
      "headloss_res_b": -0.6184882036222279
    },
    "6": {
      "flow_a": 0.07848698720002197,
      "flow_a_tag": "ub",
      "flow_b": 0.012323560196360318,
      "flow_b_tag": "lb",
      "flow_lb": 0.012323553673923016,
      "flow_ub": 0.07848699390888214,
      "headloss_res_a": -0.04856353896368735,
      "headloss_res_b": -0.0011067236722129288
    },
    "7": {
      "flow_a": 0.364206141829651,
      "flow_a_tag": "",
      "flow_b": 0.34554852133886665,
      "flow_b_tag": "lb",
      "flow_lb": 0.3455483019351959,
      "flow_ub": 0.3750304579734802,
      "headloss_res_a": -1.096676991241899,
      "headloss_res_b": -0.9857877226663987
    },
    "8": {
      "flow_a": 0.21170345149713155,
      "flow_a_tag": "lb",
      "flow_b": 0.22872952736571894,
      "flow_b_tag": "",
      "flow_lb": 0.211703360080719,
      "flow_ub": 0.2591662108898163,
      "headloss_res_a": -0.36489801920913023,
      "headloss_res_b": -0.4269238260525361
    }
  },
  "summary": {
    "flow_at_bounds": {
      "a_lb": 3,
      "a_ub": 2,
      "b_lb": 4,
      "b_ub": 1
    },
    "head_at_bounds": {
      "a_lb": 0,
      "a_ub": 0,
      "b_lb": 0,
      "b_ub": 0
    },
    "head_bounds_count": 6,
    "junction_count": 6,
    "min_demand_slack_a": 0.082014724967681,
    "min_demand_slack_b": 0.0891649305295791,
    "pipe_count": 8,
    "total_demand_a": 1.1200000047683716,
    "total_demand_b": 1.1200000047683716,
    "total_demand_res_a": 0.0,
    "total_demand_res_b": 0.0,
    "total_demand_target": 1.1200000047683716
  }
}