{
  "C_bounds": {
    "1": 1.1200000047683716,
    "2": 0.4841075539588928,
    "3": 0.6461739540100098,
    "4": 0.20990444719791412,
    "5": 0.3867356777191162,
    "6": 0.17736011743545532,
    "7": 0.4445835053920746,
    "8": 0.32164889574050903
  },
  "c_bounds": {
    "1": 1.1200000047683716,
    "2": 0.41987699270248413,
    "3": 0.5331490635871887,
    "4": 0.09709644317626953,
    "5": 0.18577921390533447,
    "6": -0.0677427425980568,
    "7": 0.3194199204444885,
    "8": 0.10464206337928772
  }
}