{
  "best_bound": null,
  "demands_a": {
    "1": 0.17238485410409513,
    "2": 1.184407366405793e-06,
    "3": 0.03262544372953652,
    "4": 0.29132389779913626,
    "5": 0.5056276959686772,
    "6": 0.11803692875956004,
    "7": -1.1200000047683716
  },
  "demands_b": {
    "1": 0.13832038330130367,
    "2": 0.1624354322648387,
    "3": 0.10499503908440794,
    "4": 0.04931691095311308,
    "5": 0.1008370538901055,
    "6": 0.5640951852746027,
    "7": -1.1200000047683716
  },
  "flows_a": {
    "1": 1.1200000047683716,
    "2": 0.4772087429358939,
    "3": 0.6427900774251113,
    "4": 0.16568674596106706,
    "5": 0.18577943366490796,
    "6": -0.06774250490534792,
    "7": 0.44458329920635736,
    "8": 0.10464234919874721
  },
  "flows_b": {
    "1": 1.1200000047683716,
    "2": 0.42441526500776117,
    "3": 0.5331493074957717,
    "4": 0.09709683014473053,
    "5": 0.3867355663979281,
    "6": 0.1773596188766746,
    "7": 0.31942022592335323,
    "8": 0.31568000217797826
  },
  "heads_a": {
    "1": 207.7606566952074,
    "2": 208.3993620394407,
    "3": 208.06966938396994,
    "4": 207.8269807577648,
    "5": 207.78050116885353,
    "6": 207.76952613861508,
    "7": 210.0
  },
  "heads_b": {
    "1": 207.82389046668635,
    "2": 208.3993620394407,
    "3": 208.13401743877154,
    "4": 207.99453883329105,
    "5": 207.97726275804655,
    "6": 207.77116501383222,
    "7": 210.0
  },
  "max_violation": 0.0,
  "min_demand_viol": 1.8440736640579307e-07,
  "norm": 2,
  "objective": 0.4541734451818379,
  "p": 0,
  "radius": 0.6739239164637488,
  "solver_status": "HxSolutionStatus.OPTIMAL"
}