{
  "demands_a": {
    "1": -9.291649782916522e-09,
    "2": 0.17796473770481835,
    "3": -7.402674140344345e-09,
    "4": -9.240262888177142e-09,
    "5": -8.426997932797775e-09,
    "6": 1.0973055202743203,
    "7": -1.2752702236175537
  },
  "demands_b": {
    "1": 0.42080783233592267,
    "2": -9.449672155881217e-09,
    "3": -9.148436785899605e-09,
    "4": 0.8544624276564353,
    "5": -8.489139502465548e-09,
    "6": -9.287555780002066e-09,
    "7": -1.2752702236175537
  },
  "flows_a": {
    "1": 1.2752702236175537,
    "2": 0.4473612571095815,
    "3": 0.649944228803154,
    "4": -0.0070765477761240425,
    "5": 0.6570207858195409,
    "6": 0.44028473445477934,
    "7": 0.44736126451225566,
    "8": 0.44028472516312955
  },
  "flows_b": {
    "1": 1.2752702236175537,
    "2": 0.5045027575449075,
    "3": 0.7707674755223185,
    "4": -0.20917648823977686,
    "5": 0.12548153610566,
    "6": -0.1254815453932158,
    "7": 0.5045027666933443,
    "8": 0.2953262869427069
  },
  "heads_a": {
    "1": 207.09503173828125,
    "2": 207.96490478515625,
    "3": 207.6777742131684,
    "4": 207.38259650106252,
    "5": 207.38268632220812,
    "6": 206.75134287477627,
    "7": 210.0
  },
  "heads_b": {
    "1": 207.09503173828125,
    "2": 207.96490478515625,
    "3": 207.59973924735527,
    "4": 207.14597334366317,
    "5": 207.22445378751658,
    "6": 207.12294804244706,
    "7": 210.0
  },
  "max_violation": 0.0,
  "min_demand_viol": -9.291649782916522e-09,
  "norm": 2,
  "radius": 1.4638771027922841
}