{
  "best_radius": 1.4638771027922841,
  "norm": 2,
  "runs": [
    {
      "max_violation": 0.0,
      "min_demand_viol": -9.471645578962296e-09,
      "radius": 1.444480656428044,
      "run": 0,
      "start_flows": {
        "1": 1.2815567346722234,
        "2": 0.5119063781804458,
        "3": 0.7102080021151869,
        "4": 0.10497288142694171,
        "5": 0.3915184460407248,
        "6": 0.12433101846873355,
        "7": 0.49004192063719,
        "8": 0.4306597202194885
      },
      "start_heads": {
        "1": 207.08409215508462,
        "2": 207.9297180233659,
        "3": 207.51590702639186,
        "4": 207.29972605269933,
        "5": 207.31511714276076,
        "6": 206.95876470022503,
        "7": 209.93770445263735
      },
      "success": true
    },
    {
      "max_violation": 0.0,
      "min_demand_viol": -9.291649782916522e-09,
      "radius": 1.4638771027922841,
      "run": 1,
      "start_flows": {
        "1": 1.2386568558823812,
        "2": 0.49129867220214546,
        "3": 0.6623718617745651,
        "4": 0.12030940238799637,
        "5": 0.4704275831709142,
        "6": 0.0998245325760576,
        "7": 0.49316509190816743,
        "8": 0.35004593838869574
      },
      "start_heads": {
        "1": 207.0721454469979,
        "2": 207.9824802886609,
        "3": 207.62435160902675,
        "4": 207.33559039071423,
        "5": 207.2758758813257,
        "6": 207.02892997014405,
        "7": 210.0110097561735
      },
      "success": true
    },
    {
      "max_violation": 0.0,
      "min_demand_viol": -9.30376448105008e-09,
      "radius": 1.4444806564279924,
      "run": 2,
      "start_flows": {
        "1": 1.224789314440617,
        "2": 0.5080528426014252,
        "3": 0.6702256190972988,
        "4": 0.12677015480358012,
        "5": 0.42903487082409736,
        "6": 0.12401990117525538,
        "7": 0.39215048790976614,
        "8": 0.3768249903783879
      },
      "start_heads": {
        "1": 207.13409730831629,
        "2": 208.00410355865932,
        "3": 207.6538496572052,
        "4": 207.26793649922098,
        "5": 207.38874703253035,
        "6": 207.1423100101461,
        "7": 210.01322278151648
      },
      "success": true
    },
    {
      "max_violation": 0.0,
      "min_demand_viol": -9.471647521852589e-09,
      "radius": 1.4444806564278607,
      "run": 3,
      "start_flows": {
        "1": 1.2595740828907322,
        "2": 0.5914126555218588,
        "3": 0.776199785415521,
        "4": 0.18980961906259597,
        "5": 0.4840571029354988,
        "6": 0.12412028625620711,
        "7": 0.36442598676657456,
        "8": 0.38308296540702225
      },
      "start_heads": {
        "1": 207.03582583994339,
        "2": 207.99772853191007,
        "3": 207.51476002675668,
        "4": 207.35064587883528,
        "5": 207.3345440285345,
        "6": 207.10981837515513,
        "7": 209.96691487139805
      },
      "success": true
    },
    {
      "max_violation": 0.0,
      "min_demand_viol": -9.471645634473447e-09,
      "radius": 1.444480656428034,
      "run": 4,
      "start_flows": {
        "1": 1.2534484612603927,
        "2": 0.46002152595636775,
        "3": 0.7651552634495294,
        "4": 0.07493233914718213,
        "5": 0.4347503961717904,
        "6": 0.09332263844956311,
        "7": 0.5040155623207893,
        "8": 0.44932372141711835
      },
      "start_heads": {
        "1": 207.06413638604587,
        "2": 207.99657241629748,
        "3": 207.46900260591184,
        "4": 207.3334912245392,
        "5": 207.34723515333224,
        "6": 207.12521431774908,
        "7": 210.0911005681664
      },
      "success": true
    },
    {
      "max_violation": 0.0,
      "min_demand_viol": -9.471645634473447e-09,
      "radius": 1.4444806564280555,
      "run": 5,
      "start_flows": {
        "1": 1.209248675116889,
        "2": 0.48543522025425,
        "3": 0.7249393689987239,
        "4": 0.1021806062605553,
        "5": 0.5184215438810431,
        "6": 0.11567722534888258,
        "7": 0.3931822138710718,
        "8": 0.364427496801386
      },
      "start_heads": {
        "1": 207.05730144871825,
        "2": 207.9103474792753,
        "3": 207.51529409162484,
        "4": 207.3624103503646,
        "5": 207.34210913441405,
        "6": 207.13974417992904,
        "7": 210.0844553726222
      },
      "success": true
    },
    {
      "max_violation": 0.0,
      "min_demand_viol": -9.392929822826801e-09,
      "radius": 1.4356631562033821,
      "run": 6,
      "start_flows": {
        "1": 1.2609008382271203,
        "2": 0.5972320352872402,
        "3": 0.6565475772338929,
        "4": 0.06295371095217597,
        "5": 0.4307911832767137,
        "6": 0.15782391996673292,
        "7": 0.43289239721645034,
        "8": 0.35402923085685956
      },
      "start_heads": {
        "1": 207.04131349536982,
        "2": 207.8978437994524,
        "3": 207.50910208919828,
        "4": 207.35602391831995,
        "5": 207.3625364954577,
        "6": 207.0668015093257,
        "7": 210.0436521076311
      },
      "success": true
    },
    {
      "max_violation": 0.0,
      "min_demand_viol": -9.47164574549575e-09,
      "radius": 1.4444806564280508,
      "run": 7,
      "start_flows": {
        "1": 1.211250526381825,
        "2": 0.4828582165920473,
        "3": 0.7092377622700277,
        "4": -0.012779183109439873,
        "5": 0.4376203945770956,
        "6": 0.07716922390278415,
        "7": 0.43030590325457385,
        "8": 0.37952059575198527
      },
      "start_heads": {
        "1": 207.13721837139641,
        "2": 207.97501050490845,
        "3": 207.6138866967795,
        "4": 207.29297128828128,
        "5": 207.384099944909,
        "6": 207.11132092840435,
        "7": 210.05824319905554
      },
      "success": true
    },
    {
      "max_violation": 0.0,
      "min_demand_viol": -9.471632034241395e-09,
      "radius": 1.4444806564286057,
      "run": 8,
      "start_flows": {
        "1": 1.3146496347028471,
        "2": 0.5607155553739406,
        "3": 0.681966550130167,
        "4": 0.028389183019803102,
        "5": 0.41154965969692964,
        "6": 0.06777553371442402,
        "7": 0.3537048299549125,
        "8": 0.3962283116086758
      },
      "start_heads": {
        "1": 207.1611546117696,
        "2": 207.93647731244886,
        "3": 207.5276878780436,
        "4": 207.2787397218226,
        "5": 207.32647169777886,
        "6": 207.0929498364155,
        "7": 209.9993042665738
      },
      "success": true
    },
    {
      "max_violation": 0.0,
      "min_demand_viol": -9.47164757736374e-09,
      "radius": 1.4444806564278105,
      "run": 9,
      "start_flows": {
        "1": 1.327362211578195,
        "2": 0.588624862683637,
        "3": 0.7356951514005073,
        "4": -0.018537319744558994,
        "5": 0.47973610065895134,
        "6": 0.12323226613569144,
        "7": 0.4460304860233505,
        "8": 0.4018670429498393
      },
      "start_heads": {
        "1": 207.0548451458552,
        "2": 207.9840426431698,
        "3": 207.59514881095677,
        "4": 207.31294411039926,
        "5": 207.2179690788746,
        "6": 207.06957050256162,
        "7": 210.0540081706269
      },
      "success": true
    }
  ],
  "unique_local_optima": 3
}