{
  "junctions": {
    "1": {
      "demand_a": 0.14755395825469958,
      "demand_b": 0.200000021606717,
      "demand_lb": 1e-06,
      "head_a": 207.81752766203076,
      "head_a_tag": "",
      "head_b": 207.81752766203076,
      "head_b_tag": "",
      "head_lb": 193.62708714484413,
      "head_ub": 226.37291285515587
    },
    "2": {
      "demand_a": 0.10831362226015018,
      "demand_b": 0.09999996423710744,
      "demand_lb": 1e-06,
      "head_a": 208.3993620394407,
      "head_a_tag": "",
      "head_b": 208.3993620394407,
      "head_b_tag": "",
      "head_lb": 197.73885171300606,
      "head_ub": 222.26114828699394
    },
    "3": {
      "demand_a": 0.07402902795772809,
      "demand_b": 0.10000002384182421,
      "demand_lb": 1e-06,
      "head_a": 208.10821692493303,
      "head_a_tag": "",
      "head_b": 208.0980912958705,
      "head_b_tag": "",
      "head_lb": 195.6583771104362,
      "head_ub": 224.3416228895638
    },
    "4": {
      "demand_a": 0.09442458060448178,
      "demand_b": 0.1199999898672584,
      "demand_lb": 1e-06,
      "head_a": 207.94792618511315,
      "head_a_tag": "",
      "head_b": 207.94792618511315,
      "head_b_tag": "",
      "head_lb": 194.40450298777,
      "head_ub": 225.59549701223
    },
    "5": {
      "demand_a": 0.31431911719172045,
      "demand_b": 0.2699999958276988,
      "demand_lb": 1e-06,
      "head_a": 207.9001496900893,
      "head_a_tag": "",
      "head_b": 207.90793480487505,
      "head_b_tag": "",
      "head_lb": 194.28361303052068,
      "head_ub": 225.71638696947932
    },
    "6": {
      "demand_a": 0.38135969849959145,
      "demand_b": 0.33000000938776575,
      "demand_lb": 1e-06,
      "head_a": 207.80587818199794,
      "head_a_tag": "",
      "head_b": 207.81458994978937,
      "head_b_tag": "",
      "head_lb": 193.56687411412554,
      "head_ub": 226.43312588587446
    }
  },
  "metadata": {
    "DEMAND_LB": 1e-06,
    "DEMAND_RESTRICTION_MODE": null,
    "DEVIATION_ALPHA": null,
    "FIX_TOTAL_DEMAND": true,
    "GLOBAL_SOLVER": null,
    "HEADLOSS_MODEL": "hw",
    "MEASUREMENT_HEADS_EQUAL_ONLY": true,
    "MEASUREMENT_SITES": [
      "1",
      "4"
    ],
    "MULTI_STARTS": 1,
    "MULTI_START_NOISE": 0.05,
    "MULTI_START_NOISE_REL": 0.25,
    "NORM": 2.0,
    "OUTPUT_DIR": "data/Alperovits/4e13e1d6",
    "PIPE_BOUNDS": true,
    "RADIUS_TO_FIXED": null,
    "SCENARIO": "base",
    "SCENARIO_FILE": "scenario/Alperovits/base.json",
    "SOLVER": "Hexaly_xd",
    "USE_RESERVOIR_OUTFLOW_CONSTRAINT": false,
    "WDN": "Alperovits",
    "WDN_NAME": "Alperovits",
    "output_dir": "data/Alperovits/4e13e1d6/1_4",
    "timestamp": "20260421-175340"
  },
  "output_dir": "data/Alperovits/4e13e1d6/1_4",
  "pipes": {
    "1": {
      "flow_a": 1.1200000047683716,
      "flow_a_tag": "lb",
      "flow_b": 1.1200000047683716,
      "flow_b_tag": "lb",
      "flow_lb": 1.1200000047683716,
      "flow_ub": 1.1200000047683716,
      "headloss_res_a": -10.660510326434622,
      "headloss_res_b": -10.660510326434622
    },
    "2": {
      "flow_a": 0.4462218690632052,
      "flow_a_tag": "lb",
      "flow_b": 0.4545355270863166,
      "flow_b_tag": "",
      "flow_lb": 0.44622185826301575,
      "flow_ub": 0.4613533318042755,
      "headloss_res_a": -1.6550966943359056,
      "headloss_res_b": -1.7181683698300025
    },
    "3": {
      "flow_a": 0.5654645134450161,
      "flow_a_tag": "",
      "flow_b": 0.5654645134449475,
      "flow_b_tag": "",
      "flow_lb": 0.5568748712539673,
      "flow_ub": 0.5840606689453125,
      "headloss_res_a": -2.6739655752443228,
      "headloss_res_b": -2.6739655752435647
    },
    "4": {
      "flow_a": 0.16816721673698254,
      "flow_a_tag": "ub",
      "flow_b": 0.15276744360220412,
      "flow_b_tag": "",
      "flow_lb": 0.13911864161491394,
      "flow_ub": 0.16816721856594086,
      "headloss_res_a": -0.22864879164138824,
      "headloss_res_b": -0.18812512959335553
    },
    "5": {
      "flow_a": 0.3028727161035518,
      "flow_a_tag": "",
      "flow_b": 0.292697079975485,
      "flow_b_tag": "",
      "flow_lb": 0.27015259861946106,
      "flow_ub": 0.3175203204154968,
      "headloss_res_a": -0.7545864039567177,
      "headloss_res_b": -0.7040616800894192
    },
    "6": {
      "flow_a": 0.07848698239603964,
      "flow_a_tag": "ub",
      "flow_b": 0.03730292941228072,
      "flow_b_tag": "",
      "flow_lb": 0.012323553673923016,
      "flow_ub": 0.07848699390888214,
      "headloss_res_a": -0.04856353302111579,
      "headloss_res_b": -0.010663605073538378
    },
    "7": {
      "flow_a": 0.3721928411054771,
      "flow_a_tag": "",
      "flow_b": 0.3545355032444924,
      "flow_b_tag": "",
      "flow_lb": 0.3455483019351959,
      "flow_ub": 0.3750304579734802,
      "headloss_res_a": -1.1459716198841934,
      "headloss_res_b": -1.0384549631039213
    },
    "8": {
      "flow_a": 0.2260409406507392,
      "flow_a_tag": "",
      "flow_b": 0.23730295101899773,
      "flow_b_tag": "",
      "flow_lb": 0.211703360080719,
      "flow_ub": 0.2591662108898163,
      "headloss_res_a": -0.4168018557166217,
      "headloss_res_b": -0.46002194161444754
    }
  },
  "summary": {
    "flow_at_bounds": {
      "a_lb": 2,
      "a_ub": 2,
      "b_lb": 1,
      "b_ub": 0
    },
    "head_at_bounds": {
      "a_lb": 0,
      "a_ub": 0,
      "b_lb": 0,
      "b_ub": 0
    },
    "head_bounds_count": 6,
    "junction_count": 6,
    "min_demand_slack_a": 0.07402802795772809,
    "min_demand_slack_b": 0.09999896423710744,
    "pipe_count": 8,
    "total_demand_a": 1.1200000047683716,
    "total_demand_b": 1.1200000047683716,
    "total_demand_res_a": 0.0,
    "total_demand_res_b": 0.0,
    "total_demand_target": 1.1200000047683716
  }
}