{
  "best_bound": null,
  "demands_a": {
    "1": 0.14755395825469958,
    "2": 0.10831362226015018,
    "3": 0.07402902795772809,
    "4": 0.09442458060448178,
    "5": 0.31431911719172045,
    "6": 0.38135969849959145,
    "7": -1.1200000047683716
  },
  "demands_b": {
    "1": 0.200000021606717,
    "2": 0.09999996423710744,
    "3": 0.10000002384182421,
    "4": 0.1199999898672584,
    "5": 0.2699999958276988,
    "6": 0.33000000938776575,
    "7": -1.1200000047683716
  },
  "flows_a": {
    "1": 1.1200000047683716,
    "2": 0.4462218690632052,
    "3": 0.5654645134450161,
    "4": 0.16816721673698254,
    "5": 0.3028727161035518,
    "6": 0.07848698239603964,
    "7": 0.3721928411054771,
    "8": 0.2260409406507392
  },
  "flows_b": {
    "1": 1.1200000047683716,
    "2": 0.4545355270863166,
    "3": 0.5654645134449475,
    "4": 0.15276744360220412,
    "5": 0.292697079975485,
    "6": 0.03730292941228072,
    "7": 0.3545355032444924,
    "8": 0.23730295101899773
  },
  "heads_a": {
    "1": 207.81752766203076,
    "2": 208.3993620394407,
    "3": 208.10821692493303,
    "4": 207.94792618511315,
    "5": 207.9001496900893,
    "6": 207.80587818199794,
    "7": 210.0
  },
  "heads_b": {
    "1": 207.81752766203076,
    "2": 208.3993620394407,
    "3": 208.0980912958705,
    "4": 207.94792618511315,
    "5": 207.90793480487505,
    "6": 207.81458994978937,
    "7": 210.0
  },
  "max_violation": 0.0,
  "min_demand_viol": 0.07402802795772809,
  "norm": 2.0,
  "objective": 0.008750302841160455,
  "p": 2,
  "radius": 0.09354305340943525,
  "solver_status": "HxSolutionStatus.OPTIMAL"
}