{
  "junctions": {
    "1": {
      "demand_a": 0.14505423057664701,
      "demand_b": 0.21121765717070817,
      "demand_lb": 1e-06,
      "head_a": 207.82740499734135,
      "head_a_tag": "",
      "head_b": 207.82740499734132,
      "head_b_tag": "",
      "head_lb": 193.62708714484413,
      "head_ub": 226.37291285515587
    },
    "2": {
      "demand_a": 0.11387835907665478,
      "demand_b": 0.08916592284484848,
      "demand_lb": 1e-06,
      "head_a": 208.3993620394407,
      "head_a_tag": "",
      "head_b": 208.3993620394407,
      "head_b_tag": "",
      "head_lb": 197.73885171300606,
      "head_ub": 222.26114828699394
    },
    "3": {
      "demand_a": 0.08201571439956168,
      "demand_b": 0.11580478643456271,
      "demand_lb": 1e-06,
      "head_a": 208.1082169265077,
      "head_a_tag": "",
      "head_b": 208.08966884972136,
      "head_b_tag": "",
      "head_lb": 195.6583771104362,
      "head_ub": 224.3416228895638
    },
    "4": {
      "demand_a": 0.0908041508704518,
      "demand_b": 0.1602094149413399,
      "demand_lb": 1e-06,
      "head_a": 207.95611933353874,
      "head_a_tag": "",
      "head_b": 207.9419700631292,
      "head_b_tag": "",
      "head_lb": 194.40450298777,
      "head_ub": 225.59549701223
    },
    "5": {
      "demand_a": 0.30883214846615836,
      "demand_b": 0.2611259664732005,
      "demand_lb": 1e-06,
      "head_a": 207.90834284066798,
      "head_a_tag": "",
      "head_b": 207.908342840668,
      "head_b_tag": "",
      "head_lb": 194.28361303052068,
      "head_ub": 225.71638696947932
    },
    "6": {
      "demand_a": 0.37941540137889784,
      "demand_b": 0.2824762569037117,
      "demand_lb": 1e-06,
      "head_a": 207.815755515955,
      "head_a_tag": "",
      "head_b": 207.82702726450108,
      "head_b_tag": "",
      "head_lb": 193.56687411412554,
      "head_ub": 226.43312588587446
    }
  },
  "metadata": {
    "DEMAND_LB": 1e-06,
    "DEMAND_RESTRICTION_MODE": null,
    "DEVIATION_ALPHA": null,
    "FIX_TOTAL_DEMAND": true,
    "GLOBAL_SOLVER": null,
    "HEADLOSS_MODEL": "hw",
    "MEASUREMENT_HEADS_EQUAL_ONLY": true,
    "MEASUREMENT_SITES": [
      "1",
      "5"
    ],
    "MULTI_STARTS": 1,
    "MULTI_START_NOISE": 0.05,
    "MULTI_START_NOISE_REL": 0.25,
    "NORM": 2.0,
    "OUTPUT_DIR": "data/Alperovits/3e031e7c",
    "PIPE_BOUNDS": true,
    "RADIUS_TO_FIXED": null,
    "SCENARIO": "base",
    "SCENARIO_FILE": "scenario/Alperovits/base.json",
    "SOLVER": "Hexaly_xd",
    "USE_RESERVOIR_OUTFLOW_CONSTRAINT": false,
    "WDN": "Alperovits",
    "WDN_NAME": "Alperovits",
    "output_dir": "data/Alperovits/3e031e7c/1_5",
    "timestamp": "20260421-175331"
  },
  "output_dir": "data/Alperovits/3e031e7c/1_5",
  "pipes": {
    "1": {
      "flow_a": 1.1200000047683716,
      "flow_a_tag": "lb",
      "flow_b": 1.1200000047683716,
      "flow_b_tag": "lb",
      "flow_lb": 1.1200000047683716,
      "flow_ub": 1.1200000047683716,
      "headloss_res_a": -10.660510326434622,
      "headloss_res_b": -10.660510326434622
    },
    "2": {
      "flow_a": 0.4462218677406201,
      "flow_a_tag": "lb",
      "flow_b": 0.46135332227032494,
      "flow_b_tag": "ub",
      "flow_lb": 0.44622185826301575,
      "flow_ub": 0.4613533318042755,
      "headloss_res_a": -1.6550966843734045,
      "headloss_res_b": -1.7707813268637818
    },
    "3": {
      "flow_a": 0.5598997779510966,
      "flow_a_tag": "",
      "flow_b": 0.5694807596531981,
      "flow_b_tag": "",
      "flow_lb": 0.5568748712539673,
      "flow_ub": 0.5840606689453125,
      "headloss_res_a": -2.620947261681914,
      "headloss_res_b": -2.7125638271221595
    },
    "4": {
      "flow_a": 0.16816721262376055,
      "flow_a_tag": "ub",
      "flow_b": 0.13911864813612115,
      "flow_b_tag": "lb",
      "flow_lb": 0.13911864161491394,
      "flow_ub": 0.16816721856594086,
      "headloss_res_a": -0.228648780272237,
      "headloss_res_b": -0.1555486708598727
    },
    "5": {
      "flow_a": 0.30092841445688423,
      "flow_a_tag": "",
      "flow_b": 0.2701526965757371,
      "flow_b_tag": "lb",
      "flow_lb": 0.27015259861946106,
      "flow_ub": 0.3175203204154968,
      "headloss_res_a": -0.7447955903483615,
      "headloss_res_b": -0.5984253419008533
    },
    "6": {
      "flow_a": 0.07848698692201363,
      "flow_a_tag": "ub",
      "flow_b": 0.012323560327974627,
      "flow_b_tag": "lb",
      "flow_lb": 0.012323553673923016,
      "flow_ub": 0.07848699390888214,
      "headloss_res_a": -0.0485635386119897,
      "headloss_res_b": -0.0011067236973267669
    },
    "7": {
      "flow_a": 0.36420615334105844,
      "flow_a_tag": "",
      "flow_b": 0.3455485358357622,
      "flow_b_tag": "lb",
      "flow_lb": 0.3455483019351959,
      "flow_ub": 0.3750304579734802,
      "headloss_res_a": -1.096677061561626,
      "headloss_res_b": -0.9857878065822392
    },
    "8": {
      "flow_a": 0.22354121749866063,
      "flow_a_tag": "",
      "flow_b": 0.2235412174986828,
      "flow_b_tag": "",
      "flow_lb": 0.211703360080719,
      "flow_ub": 0.2591662108898163,
      "headloss_res_a": -0.40750114124682585,
      "headloss_res_b": -0.40750114124686593
    }
  },
  "summary": {
    "flow_at_bounds": {
      "a_lb": 2,
      "a_ub": 2,
      "b_lb": 5,
      "b_ub": 1
    },
    "head_at_bounds": {
      "a_lb": 0,
      "a_ub": 0,
      "b_lb": 0,
      "b_ub": 0
    },
    "head_bounds_count": 6,
    "junction_count": 6,
    "min_demand_slack_a": 0.08201471439956168,
    "min_demand_slack_b": 0.08916492284484848,
    "pipe_count": 8,
    "total_demand_a": 1.1200000047683716,
    "total_demand_b": 1.1200000047683716,
    "total_demand_res_a": 0.0,
    "total_demand_res_b": 0.0,
    "total_demand_target": 1.1200000047683716
  }
}