{
  "junctions": {
    "1": {
      "demand_a": 0.21541610600704614,
      "demand_b": 0.1172691617085546,
      "demand_lb": 1e-06,
      "head_a": 207.83328123346936,
      "head_a_tag": "",
      "head_b": 207.83328123346936,
      "head_b_tag": "",
      "head_lb": 193.4611532898627,
      "head_ub": 226.5388467101373
    },
    "2": {
      "demand_a": 0.08350565144646849,
      "demand_b": 0.12049369867066395,
      "demand_lb": 1e-06,
      "head_a": 208.3993620394407,
      "head_a_tag": "",
      "head_b": 208.3993620394407,
      "head_b_tag": "",
      "head_lb": 197.73885171300606,
      "head_ub": 222.26114828699394
    },
    "3": {
      "demand_a": 0.1237938760063077,
      "demand_b": 0.07321355291676246,
      "demand_lb": 1e-06,
      "head_a": 208.08524895986918,
      "head_a_tag": "",
      "head_b": 208.11301565423142,
      "head_b_tag": "",
      "head_lb": 195.62629393444394,
      "head_ub": 224.37370606555606
    },
    "4": {
      "demand_a": 0.1814187133789512,
      "demand_b": 0.07660261287578174,
      "demand_lb": 1e-06,
      "head_a": 207.9388166933931,
      "head_a_tag": "",
      "head_b": 207.9599659564677,
      "head_b_tag": "",
      "head_lb": 194.2896568934707,
      "head_ub": 225.7103431065293
    },
    "5": {
      "demand_a": 0.2588707737574414,
      "demand_b": 0.3301600797104234,
      "demand_lb": 1e-06,
      "head_a": 207.9082194602715,
      "head_a_tag": "",
      "head_b": 207.9082194602715,
      "head_b_tag": "",
      "head_lb": 194.17031922671646,
      "head_ub": 225.82968077328354
    },
    "6": {
      "demand_a": 0.25699488417215666,
      "demand_b": 0.4022608988861854,
      "demand_lb": 1e-06,
      "head_a": 207.83328471084778,
      "head_a_tag": "",
      "head_b": 207.8159821923166,
      "head_b_tag": "",
      "head_lb": 193.36886889046428,
      "head_ub": 226.63113110953572
    }
  },
  "metadata": {
    "DEMAND_INTERVALS": false,
    "DEMAND_LB": 1e-06,
    "FIX_TOTAL_DEMAND": true,
    "GLOBAL_SOLVER": "couenne",
    "HEADLOSS_MODEL": "hw",
    "MEASUREMENT_HEADS_EQUAL_ONLY": true,
    "MEASUREMENT_SITES": [
      "1",
      "5"
    ],
    "MULTI_STARTS": 10,
    "MULTI_START_NOISE": 0.05,
    "NORM": 2,
    "PIPE_BOUNDS": true,
    "PIPE_BOUND_METHOD": "perturb",
    "PIPE_BOUND_PERTURB_BASE": "base",
    "PIPE_BOUND_PERTURB_FIX_TOTAL": true,
    "PIPE_BOUND_PERTURB_SAMPLES": 25,
    "PIPE_BOUND_PERTURB_SEED": 1,
    "PIPE_BOUND_PERTURB_SIGMA": 0.15,
    "PIPE_BOUND_POLICY": "minmax",
    "PIPE_BOUND_SAFENESS": 0.85,
    "RADIUS": true,
    "SCENARIO_SOURCE": "base",
    "SINGLE_NODE_SOLUTION": false,
    "SOLVER": "hexaly_xd",
    "USE_RESERVOIR_OUTFLOW_CONSTRAINT": false,
    "WDN_NAME": "Alperovits",
    "output_dir": "data/Alperovits-B-batch-20260401-112751/1_5",
    "timestamp": "20260401-112751"
  },
  "output_dir": "data/Alperovits-B-batch-20260401-112751/1_5",
  "pipes": {
    "1": {
      "flow_a": 1.1200000047683716,
      "flow_a_tag": "lb",
      "flow_b": 1.1200000047683716,
      "flow_b_tag": "lb",
      "flow_lb": 1.1200000047683716,
      "flow_ub": 1.1200000047683716,
      "headloss_res_a": -10.660510326434622,
      "headloss_res_b": -10.660510326434622
    },
    "2": {
      "flow_a": 0.46489700024949254,
      "flow_a_tag": "ub",
      "flow_b": 0.4422354465686085,
      "flow_b_tag": "lb",
      "flow_lb": 0.44223544001579285,
      "flow_ub": 0.4648970067501068,
      "headloss_res_a": -1.798444639911207,
      "headloss_res_b": -1.6252763862012367
    },
    "3": {
      "flow_a": 0.5715973530724106,
      "flow_a_tag": "",
      "flow_b": 0.557270859529099,
      "flow_b_tag": "",
      "flow_lb": 0.5527145266532898,
      "flow_ub": 0.5940340161323547,
      "headloss_res_a": -2.733017844000797,
      "headloss_res_b": -2.596086626232306
    },
    "4": {
      "flow_a": 0.13220331518334194,
      "flow_a_tag": "lb",
      "flow_b": 0.17557385172765125,
      "flow_b_tag": "ub",
      "flow_lb": 0.13220331072807312,
      "flow_ub": 0.17557385563850403,
      "headloss_res_a": -0.14023892157967827,
      "headloss_res_b": -0.24956435292113593
    },
    "5": {
      "flow_a": 0.2579753245101174,
      "flow_a_tag": "lb",
      "flow_b": 0.30509439492566603,
      "flow_b_tag": "",
      "flow_lb": 0.2579752802848816,
      "flow_ub": 0.329729825258255,
      "headloss_res_a": -0.5449742031810524,
      "headloss_res_b": -0.7658531514593525
    },
    "6": {
      "flow_a": -0.0009804403379607485,
      "flow_a_tag": "lb",
      "flow_b": 0.09716650396051933,
      "flow_b_tag": "ub",
      "flow_lb": -0.000980442389845848,
      "flow_ub": 0.097166508436203,
      "headloss_res_a": 5.918501072929014e-06,
      "headloss_res_b": -0.07498534974405081
    },
    "7": {
      "flow_a": 0.34110312424318484,
      "flow_a_tag": "lb",
      "flow_b": 0.36902189365184607,
      "flow_b_tag": "",
      "flow_lb": 0.3411029875278473,
      "flow_ub": 0.38594850897789,
      "headloss_res_a": -0.9602481134140721,
      "headloss_res_b": -1.1262691067841608
    },
    "8": {
      "flow_a": 0.2144356656690854,
      "flow_a_tag": "",
      "flow_b": 0.21443566566907393,
      "flow_b_tag": "",
      "flow_lb": 0.19736750423908234,
      "flow_ub": 0.269355833530426,
      "headloss_res_a": -0.37451979555100423,
      "headloss_res_b": -0.3745197955509562
    }
  },
  "summary": {
    "flow_at_bounds": {
      "a_lb": 5,
      "a_ub": 1,
      "b_lb": 2,
      "b_ub": 2
    },
    "head_at_bounds": {
      "a_lb": 0,
      "a_ub": 0,
      "b_lb": 0,
      "b_ub": 0
    },
    "head_bounds_count": 6,
    "junction_count": 6,
    "min_demand_slack_a": 0.08350465144646849,
    "min_demand_slack_b": 0.07321255291676246,
    "pipe_count": 8,
    "total_demand_a": 1.1200000047683716,
    "total_demand_b": 1.1200000047683716,
    "total_demand_res_a": 0.0,
    "total_demand_res_b": 0.0,
    "total_demand_target": 1.1200000047683716
  }
}