{
  "best_bound": null,
  "demands_a": {
    "1": 0.21541610600704614,
    "2": 0.08350565144646849,
    "3": 0.1237938760063077,
    "4": 0.1814187133789512,
    "5": 0.2588707737574414,
    "6": 0.25699488417215666,
    "7": -1.1200000047683716
  },
  "demands_b": {
    "1": 0.1172691617085546,
    "2": 0.12049369867066395,
    "3": 0.07321355291676246,
    "4": 0.07660261287578174,
    "5": 0.3301600797104234,
    "6": 0.4022608988861854,
    "7": -1.1200000047683716
  },
  "flows_a": {
    "1": 1.1200000047683716,
    "2": 0.46489700024949254,
    "3": 0.5715973530724106,
    "4": 0.13220331518334194,
    "5": 0.2579753245101174,
    "6": -0.0009804403379607485,
    "7": 0.34110312424318484,
    "8": 0.2144356656690854
  },
  "flows_b": {
    "1": 1.1200000047683716,
    "2": 0.4422354465686085,
    "3": 0.557270859529099,
    "4": 0.17557385172765125,
    "5": 0.30509439492566603,
    "6": 0.09716650396051933,
    "7": 0.36902189365184607,
    "8": 0.21443566566907393
  },
  "heads_a": {
    "1": 207.83328123346936,
    "2": 208.3993620394407,
    "3": 208.08524895986918,
    "4": 207.9388166933931,
    "5": 207.9082194602715,
    "6": 207.83328471084778,
    "7": 210.0
  },
  "heads_b": {
    "1": 207.83328123346936,
    "2": 208.3993620394407,
    "3": 208.11301565423142,
    "4": 207.9599659564677,
    "5": 207.9082194602715,
    "6": 207.8159821923166,
    "7": 210.0
  },
  "max_violation": 0.0,
  "min_demand_viol": 0.07321255291676246,
  "norm": 2,
  "objective": 0.05073010249527811,
  "p": 2,
  "radius": 0.22523344000231874,
  "solver_status": "HxSolutionStatus.OPTIMAL"
}