{
  "best_bound": null,
  "demands_a": {
    "10": 0.003344256928952599,
    "11": 0.01100382629058981,
    "12": 0.008590869300970954,
    "13": 0.013799036577778931,
    "14": 0.010601643103988251,
    "15": 0.007460309744776123,
    "16": 0.006594317705334784,
    "17": 0.003897488531818851,
    "18": 0.0034544994243886924,
    "19": 0.006012907057755607,
    "20": 1.4502751931773361e-06,
    "21": 0.013009908270040688,
    "22": 0.00536972219376629,
    "23": 0.0016345179675304414,
    "24": 0.003701220049925541,
    "25": 0.0035647127809741116,
    "26": 0.0013168478757051424,
    "27": -0.14699999988079074,
    "3": 0.015189939247155115,
    "4": 1.052130060796852e-06,
    "5": 0.007063292588856823,
    "6": 0.0021657900561835204,
    "7": 0.003972777630126878,
    "8": 0.0027033313681626737,
    "9": 0.012546282780754911
  },
  "demands_b": {
    "10": 0.011179441540326795,
    "11": 0.0021760495973453114,
    "12": 0.013907344491116923,
    "13": 0.008400313905644418,
    "14": 0.006597800736931423,
    "15": 0.010988498510476655,
    "16": 0.008571459329162997,
    "17": 0.006728285090900794,
    "18": 0.0014966016907058469,
    "19": 0.0026812863329974124,
    "20": 0.004920441235032855,
    "21": 0.007954872583224002,
    "22": 0.003959661283124566,
    "23": 0.0025087285136334387,
    "24": 0.004578825976401267,
    "25": 0.0022665334978746775,
    "26": 0.0029393907540854903,
    "27": -0.14699999988079068,
    "3": 0.011249045347975606,
    "4": 0.011269084970718407,
    "5": 0.004688541227245997,
    "6": 0.0036372624129941203,
    "7": 0.0011760650288391086,
    "8": 0.009527330443729535,
    "9": 0.003597135380303068
  },
  "flows_a": {
    "1": 0.1469999998807907,
    "10": 0.01225821932860312,
    "12": 0.0647063376046083,
    "13": 0.04339194254573373,
    "14": 0.03238811625514392,
    "15": 0.023797246954172967,
    "16": 0.019579780445661155,
    "17": 0.012119470700885033,
    "18": 0.02423811366857625,
    "19": 0.0009583456864314895,
    "2": 0.1318100606336356,
    "20": 0.011501777224788665,
    "21": 0.001656576224614869,
    "22": 0.016610682116972232,
    "23": 0.013360195994752824,
    "24": 0.00490745951945388,
    "25": 0.004406228088411655,
    "26": 0.00866497127649634,
    "27": 0.0016145244938484083,
    "28": 0.002290690160594743,
    "29": 0.0008515191557543621,
    "3": 0.03497660767255043,
    "30": 0.002165315781207673,
    "31": 0.007030453308965899,
    "32": 0.004943757752888765,
    "33": 0.0036697351325093966,
    "34": 0.0032044064125586165,
    "4": 0.02791331508369361,
    "5": 0.01947954948885581,
    "6": 0.01550677185872893,
    "7": 0.09683240083102436,
    "8": 0.006267975538654279,
    "9": -0.0005452211619631384
  },
  "flows_b": {
    "1": 0.1469999998807907,
    "10": 0.009358611525929037,
    "12": 0.06622561730208731,
    "13": 0.03872232809843462,
    "14": 0.03654627850108931,
    "15": 0.022638934009972387,
    "16": 0.02188084056455678,
    "17": 0.010892342054080123,
    "18": 0.022468203276654265,
    "19": -0.0010803736405881014,
    "2": 0.1357509545328151,
    "20": 0.011404356526823246,
    "21": 0.0027608107889976145,
    "22": 0.01722146946305232,
    "23": 0.01202547983249444,
    "24": 0.002832897197660249,
    "25": 0.005131687560547631,
    "26": 0.009395740363374276,
    "27": 0.0025654474806045325,
    "28": 0.0013559220361131236,
    "29": 0.0017718168863830564,
    "3": 0.03277827631514954,
    "30": 0.0011642132586444504,
    "31": 0.006887011849740838,
    "32": 0.004873633353944104,
    "33": 0.00396302189218255,
    "34": 0.0027954480244801157,
    "4": 0.028089735087903543,
    "5": 0.018308117061581062,
    "6": 0.017132052032741953,
    "7": 0.09170359324694716,
    "8": 0.006144355613328363,
    "9": 0.0017538899369166203
  },
  "heads_a": {
    "10": 98.6678144711275,
    "11": 98.56325811317595,
    "12": 98.46514853365044,
    "13": 98.24783305704094,
    "14": 98.01111513693937,
    "15": 99.09313938645931,
    "16": 98.11900422423125,
    "17": 97.94860876462845,
    "18": 99.04137673225765,
    "19": 98.52492801856133,
    "20": 98.25426610666133,
    "21": 98.10280011522089,
    "22": 97.83507919565879,
    "23": 98.91502490502522,
    "24": 98.51817781854957,
    "25": 98.2266351931899,
    "26": 98.09232726373494,
    "27": 100.0,
    "3": 99.86548845892499,
    "4": 99.56507099505748,
    "5": 99.49334731459372,
    "6": 99.05172674888351,
    "7": 98.54834339235147,
    "8": 98.2513324657383,
    "9": 99.16267026242754
  },
  "heads_b": {
    "10": 98.66781447112751,
    "11": 98.58313591741226,
    "12": 98.46043080749725,
    "13": 98.26229797935994,
    "14": 98.08611585778281,
    "15": 99.09898592248972,
    "16": 98.13548273052496,
    "17": 97.9251459834922,
    "18": 99.0565089646295,
    "19": 98.543648148971,
    "20": 98.25426610666135,
    "21": 98.1296255317437,
    "22": 97.88916973108375,
    "23": 98.90971607040365,
    "24": 98.52773382720332,
    "25": 98.24380358784866,
    "26": 98.08894218921729,
    "27": 100.0,
    "3": 99.86548845892499,
    "4": 99.54822483639167,
    "5": 99.48462561882828,
    "6": 99.03782189920565,
    "7": 98.58906120604514,
    "8": 98.23183626011308,
    "9": 99.1844036776396
  },
  "max_violation": 0.0,
  "min_demand_viol": 5.213006079685205e-08,
  "norm": 2.0,
  "objective": 0.0005944354706092613,
  "p": 2,
  "radius": 0.02438104736489516,
  "solver_status": "HxSolutionStatus.OPTIMAL"
}