{
  "C_bounds": {
    "1": 0.18912002444267273,
    "10": 0.03799862042069435,
    "12": 0.020090650767087936,
    "14": 0.021772796288132668,
    "16": 0.014627046883106232,
    "18": 0.025846881791949272,
    "2": 0.08199533820152283,
    "20": 0.007351086474955082,
    "22": 0.017775285989046097,
    "24": 0.011423669755458832,
    "26": 0.022983800619840622,
    "28": 0.01657189056277275,
    "30": 0.020061366260051727,
    "32": 0.020114442333579063,
    "34": 0.02854393608868122,
    "36": 0.019246220588684082,
    "38": 0.01978900469839573,
    "4": 0.06605492532253265,
    "40": 0.03623149171471596,
    "42": 0.014524758793413639,
    "44": 0.01838172785937786,
    "46": 0.02164389006793499,
    "48": 0.008062216453254223,
    "50": 0.028577730059623718,
    "52": 0.018675366416573524,
    "54": 0.029012439772486687,
    "56": 0.017858734354376793,
    "58": 0.03559718653559685,
    "6": 0.039855778217315674,
    "60": 0.02318885549902916,
    "62": 0.013796046376228333,
    "64": 0.0062954965978860855,
    "66": 0.0046136993914842606,
    "68": 0.02005142904818058,
    "70": 0.01809060387313366,
    "72": 0.0077881282195448875,
    "74": 0.02619408257305622,
    "76": 0.011312535963952541,
    "8": 0.002795490203425288
  },
  "c_bounds": {
    "1": 0.18912002444267273,
    "10": 0.03556652367115021,
    "12": 0.019486457109451294,
    "14": 0.02033117599785328,
    "16": 0.013617061078548431,
    "18": 0.0247210580855608,
    "2": 0.0802680030465126,
    "20": 0.004682842176407576,
    "22": 0.015537328086793423,
    "24": 0.008643531240522861,
    "26": 0.017187226563692093,
    "28": 0.01362792868167162,
    "30": 0.01839553564786911,
    "32": 0.018713394179940224,
    "34": 0.02659132517874241,
    "36": 0.01785663142800331,
    "38": 0.016347523778676987,
    "4": 0.06474647670984268,
    "40": 0.03284292668104172,
    "42": 0.008365816436707973,
    "44": 0.010945686139166355,
    "46": 0.017410220578312874,
    "48": 0.004628824535757303,
    "50": 0.027119822800159454,
    "52": 0.015537633560597897,
    "54": 0.009895410388708115,
    "56": 0.008518989197909832,
    "58": 0.01858232170343399,
    "6": 0.03881671652197838,
    "60": 0.007573829498142004,
    "62": -0.004553959239274263,
    "64": 0.0035838892217725515,
    "66": 0.004202242940664291,
    "68": 0.00718312244862318,
    "70": 0.005945578683167696,
    "72": -0.00515349255874753,
    "74": 0.01927759125828743,
    "76": 0.0020908345468342304,
    "8": 0.0015401324490085244
  }
}