{
  "best_bound": null,
  "demands_a": {
    "10": 0.011068722761777339,
    "11": 0.002378144614701941,
    "12": 0.014228261699290964,
    "13": 0.008009312297958664,
    "14": 0.006597813370953203,
    "15": 0.010988483392910812,
    "16": 0.008641517588181796,
    "17": 0.006708237184183535,
    "18": 0.0014963762441932218,
    "19": 0.0028217604407694934,
    "20": 0.004704920390468945,
    "21": 0.008049673078035353,
    "22": 0.003949458082416946,
    "23": 0.002508475340955805,
    "24": 0.004619733782878036,
    "25": 0.002206178371925144,
    "26": 0.002969911967850919,
    "27": -0.1469999998807907,
    "3": 0.01124899373868074,
    "4": 0.011269081026693425,
    "5": 0.005021529191331912,
    "6": 0.0030968747102522905,
    "7": 0.0012959630545477593,
    "8": 0.009527371756798431,
    "9": 0.0035932057930340433
  },
  "demands_b": {
    "10": 0.00823941661292378,
    "11": 0.006536231229928323,
    "12": 0.00704161761204293,
    "13": 0.015898272301955833,
    "14": 0.010601648745375968,
    "15": 0.007460316497143307,
    "16": 0.006044370772408759,
    "17": 0.00406717651835716,
    "18": 0.003454519424166084,
    "19": 0.005753739936740342,
    "20": 0.0008020922613723794,
    "21": 0.012298622195890827,
    "22": 0.005444164282554967,
    "23": 0.00154629336754304,
    "24": 0.003717838074049607,
    "25": 0.003804523416805573,
    "26": 0.001074248561630063,
    "27": -0.14699999988079065,
    "3": 0.01738810756191561,
    "4": 1.0354143212820688e-06,
    "5": 0.0034475004761360013,
    "6": 0.0041693360310627765,
    "7": 0.0036111888938725745,
    "8": 0.002703233285867416,
    "9": 0.011894506406726083
  },
  "flows_a": {
    "1": 0.1469999998807907,
    "10": 0.009358645816253194,
    "12": 0.06622955879447763,
    "13": 0.03892438442406626,
    "14": 0.03654623980936432,
    "15": 0.022317978110073355,
    "16": 0.021880836275548866,
    "17": 0.010892352882638054,
    "18": 0.02246828513214505,
    "19": -0.0010803650438273799,
    "2": 0.13575100614210997,
    "20": 0.011474406967948719,
    "21": 0.0027608324452999904,
    "22": 0.017081131234999842,
    "23": 0.012100635409618195,
    "24": 0.0028328893797669235,
    "25": 0.0051121028770689594,
    "26": 0.009395976638444832,
    "27": 0.0025653934563757146,
    "28": 0.0013559404787400816,
    "29": 0.001771748834280808,
    "3": 0.03277832425235601,
    "30": 0.0011646981381854145,
    "31": 0.006887501297489027,
    "32": 0.0048331609709867055,
    "33": 0.003982923077801643,
    "34": 0.0027847599442315314,
    "4": 0.027756795061024096,
    "5": 0.01842808682726079,
    "6": 0.01713212377271303,
    "7": 0.09170360086306054,
    "8": 0.006231833523511016,
    "9": 0.001753893800338594
  },
  "flows_b": {
    "1": 0.1469999998807907,
    "10": 0.012258239293199568,
    "12": 0.0653580521585781,
    "13": 0.03892438442406584,
    "14": 0.032388153194137514,
    "15": 0.025346535582094584,
    "16": 0.019579786902857527,
    "17": 0.01211947040571422,
    "18": 0.02423803666546437,
    "19": 0.0009583437090740523,
    "2": 0.1296118923188751,
    "20": 0.010951834901590667,
    "21": 0.0016565905478236004,
    "22": 0.01686974137454193,
    "23": 0.01281858814751492,
    "24": 0.0049074641291819085,
    "25": 0.004575904969992255,
    "26": 0.008664950981548136,
    "27": 0.0016145553541820957,
    "28": 0.0022907172565805774,
    "29": 0.0008515251108137458,
    "3": 0.032778511436392106,
    "30": 0.0021653189994586958,
    "31": 0.0071186576140050955,
    "32": 0.005015374894137584,
    "33": 0.0035015687339125883,
    "34": 0.0032788452830962707,
    "4": 0.029331010960256105,
    "5": 0.019117889385317423,
    "6": 0.015506700491444848,
    "7": 0.0968323454681617,
    "8": 0.006043785543875904,
    "9": -0.0005452279123778653
  },
  "heads_a": {
    "10": 98.66775724861216,
    "11": 98.58225912005923,
    "12": 98.45955425073187,
    "13": 98.26659217525037,
    "14": 98.09040894005544,
    "15": 99.09898567414311,
    "16": 98.13833053087109,
    "17": 97.92943672637165,
    "18": 99.05650863796907,
    "19": 98.54359008867274,
    "20": 98.25856042076758,
    "21": 98.13247336192333,
    "22": 97.89343272069678,
    "23": 98.90970890576716,
    "24": 98.52767638620425,
    "25": 98.2480976377734,
    "26": 98.09179291315225,
    "27": 100.0,
    "3": 99.86548845892499,
    "4": 99.54822461300846,
    "5": 99.48462522318394,
    "6": 99.04757983898024,
    "7": 98.59335804810217,
    "8": 98.23613033142414,
    "9": 99.18440339829607
  },
  "heads_b": {
    "10": 98.66775724861216,
    "11": 98.58225912005923,
    "12": 98.48414933330098,
    "13": 98.23990727820873,
    "14": 98.00318871396348,
    "15": 99.10235231453267,
    "16": 98.12225343955517,
    "17": 97.94068133980831,
    "18": 99.05058966255781,
    "19": 98.52487163673297,
    "20": 98.2463403034456,
    "21": 98.10604930227731,
    "22": 97.82715145369457,
    "23": 98.92423838188247,
    "24": 98.51812119642204,
    "25": 98.21870878359857,
    "26": 98.0955763135064,
    "27": 100.0,
    "3": 99.86548845892499,
    "4": 99.57428353952483,
    "5": 99.51068347706905,
    "6": 99.02662679130997,
    "7": 98.54041516305844,
    "8": 98.2434067677078,
    "9": 99.17188323298001
  },
  "max_violation": 0.0,
  "min_demand_viol": 3.541432128206883e-08,
  "norm": 2.0,
  "objective": 0.0005263413394785971,
  "p": 2,
  "radius": 0.022942130229745387,
  "solver_status": "HxSolutionStatus.OPTIMAL"
}