{
  "junctions": {
    "10": {
      "demand_a": 0.002941655637580143,
      "demand_b": 0.012637072005550566,
      "demand_lb": 1e-06,
      "head_a": 98.6688376847385,
      "head_a_tag": "",
      "head_b": 98.65011658275644,
      "head_b_tag": "",
      "head_lb": 86.59928162241783,
      "head_ub": 113.40071837758217
    },
    "11": {
      "demand_a": 0.011003836629762502,
      "demand_b": 0.0021760457352041906,
      "demand_lb": 1e-06,
      "head_a": 98.56428117207594,
      "head_a_tag": "",
      "head_b": 98.56543816242743,
      "head_b_tag": "",
      "head_lb": 85.54316009208108,
      "head_ub": 114.45683990791892
    },
    "12": {
      "demand_a": 0.007041545923237105,
      "demand_b": 0.014228324479712971,
      "demand_lb": 1e-06,
      "head_a": 98.46617145606083,
      "head_a_tag": "",
      "head_b": 98.44273323329364,
      "head_b_tag": "",
      "head_lb": 84.33481739251032,
      "head_ub": 115.66518260748968
    },
    "13": {
      "demand_a": 0.015896527959216828,
      "demand_b": 0.0076789233742390085,
      "demand_lb": 1e-06,
      "head_a": 98.22192834664341,
      "head_a_tag": "",
      "head_b": 98.24977200907136,
      "head_b_tag": "",
      "head_lb": 82.05642023912475,
      "head_ub": 117.94357976087525
    },
    "14": {
      "demand_a": 0.009721226014329749,
      "demand_b": 0.007145186529596708,
      "demand_lb": 1e-06,
      "head_a": 97.98520874612181,
      "head_a_tag": "",
      "head_b": 98.07359089259214,
      "head_b_tag": "",
      "head_lb": 78.36141323779582,
      "head_ub": 121.63858676220418
    },
    "15": {
      "demand_a": 0.007460296401586354,
      "demand_b": 0.010988500425078446,
      "demand_lb": 1e-06,
      "head_a": 99.09314023375525,
      "head_a_tag": "",
      "head_b": 99.09898587387532,
      "head_b_tag": "",
      "head_lb": 91.7092797959201,
      "head_ub": 108.2907202040799
    },
    "16": {
      "demand_a": 0.008120553569820712,
      "demand_b": 0.006897556108655934,
      "demand_lb": 1e-06,
      "head_a": 98.10424031967983,
      "head_a_tag": "",
      "head_b": 98.11458582003371,
      "head_b_tag": "",
      "head_lb": 80.45195379991088,
      "head_ub": 119.54804620008912
    },
    "17": {
      "demand_a": 0.007102841783049919,
      "demand_b": 0.0040947254915019715,
      "demand_lb": 1e-06,
      "head_a": 97.8475641406392,
      "head_a_tag": "",
      "head_b": 97.96668578808743,
      "head_b_tag": "",
      "head_lb": 76.27685648606263,
      "head_ub": 123.72314351393737
    },
    "18": {
      "demand_a": 0.003454429474219334,
      "demand_b": 0.001496416874669065,
      "demand_lb": 1e-06,
      "head_a": 99.04137756096144,
      "head_a_tag": "",
      "head_b": 99.05650882916486,
      "head_b_tag": "",
      "head_lb": 91.21616132819784,
      "head_ub": 108.78383867180216
    },
    "19": {
      "demand_a": 0.005140053659168781,
      "demand_b": 0.0028482223680060953,
      "demand_lb": 1e-06,
      "head_a": 98.52595072906387,
      "head_a_tag": "",
      "head_b": 98.52595072906387,
      "head_b_tag": "",
      "head_lb": 85.09107641733966,
      "head_ub": 114.90892358266034
    },
    "20": {
      "demand_a": 0.0019339124829270658,
      "demand_b": 0.0038095291511698656,
      "demand_lb": 1e-06,
      "head_a": 98.2283603509819,
      "head_a_tag": "",
      "head_b": 98.24174145175718,
      "head_b_tag": "",
      "head_lb": 81.95592940539649,
      "head_ub": 118.04407059460351
    },
    "21": {
      "demand_a": 0.007632021527616595,
      "demand_b": 0.01297832456491934,
      "demand_lb": 1e-06,
      "head_a": 98.09838272870319,
      "head_a_tag": "",
      "head_b": 98.09838272870317,
      "head_b_tag": "",
      "head_lb": 80.29368313429404,
      "head_ub": 119.70631686570596
    },
    "22": {
      "demand_a": 0.004293047638027285,
      "demand_b": 0.005215151029659453,
      "demand_lb": 1e-06,
      "head_a": 97.81158487530924,
      "head_a_tag": "",
      "head_b": 97.85316118856605,
      "head_b_tag": "",
      "head_lb": 75.36701637652837,
      "head_ub": 124.63298362347163
    },
    "23": {
      "demand_a": 0.0016443863917266393,
      "demand_b": 0.0023384962124601266,
      "demand_lb": 1e-06,
      "head_a": 98.9150237800704,
      "head_a_tag": "",
      "head_b": 98.90971023842343,
      "head_b_tag": "",
      "head_lb": 89.28563267090023,
      "head_ub": 110.71436732909977
    },
    "24": {
      "demand_a": 0.0034499607483206678,
      "demand_b": 0.004797292379084483,
      "demand_lb": 1e-06,
      "head_a": 98.51920015988293,
      "head_a_tag": "",
      "head_b": 98.5100372486889,
      "head_b_tag": "",
      "head_lb": 84.91835360074052,
      "head_ub": 115.08164639925948
    },
    "25": {
      "demand_a": 0.0036792329230809087,
      "demand_b": 0.0023802624571318412,
      "demand_lb": 1e-06,
      "head_a": 98.2007331073776,
      "head_a_tag": "",
      "head_b": 98.23127604538844,
      "head_b_tag": "",
      "head_lb": 81.56952160812698,
      "head_ub": 118.43047839187302
    },
    "26": {
      "demand_a": 0.0024395250015979524,
      "demand_b": 0.0016030697963913924,
      "demand_lb": 1e-06,
      "head_a": 98.05770242501637,
      "head_a_tag": "",
      "head_b": 98.08790867288285,
      "head_b_tag": "",
      "head_lb": 79.74597586422558,
      "head_ub": 120.25402413577442
    },
    "3": {
      "demand_a": 0.015190142397868506,
      "demand_b": 0.011249050421863999,
      "demand_lb": 1e-06,
      "head_a": 99.86548845892499,
      "head_a_tag": "",
      "head_b": 99.86548845892499,
      "head_b_tag": "",
      "head_lb": 98.86528131212901,
      "head_ub": 101.13471868787099
    },
    "4": {
      "demand_a": 1.0537342754468604e-06,
      "demand_b": 0.011269067791186749,
      "demand_lb": 1e-06,
      "head_a": 99.5650718525519,
      "head_a_tag": "",
      "head_b": 99.54822485835092,
      "head_b_tag": "",
      "head_lb": 96.22023709746742,
      "head_ub": 103.77976290253258
    },
    "5": {
      "demand_a": 0.005869700354493409,
      "demand_b": 0.005020881440730502,
      "demand_lb": 1e-06,
      "head_a": 99.49334899041247,
      "head_a_tag": "",
      "head_b": 99.48462558255574,
      "head_b_tag": "",
      "head_lb": 95.64820714338538,
      "head_ub": 104.35179285661462
    },
    "6": {
      "demand_a": 0.003892921018648219,
      "demand_b": 0.002577997355879297,
      "demand_lb": 1e-06,
      "head_a": 99.01612604901246,
      "head_a_tag": "",
      "head_b": 99.04756223525084,
      "head_b_tag": "",
      "head_lb": 89.48828179556567,
      "head_ub": 110.51171820443433
    },
    "7": {
      "demand_a": 0.003769384033359441,
      "demand_b": 0.0016609691548041816,
      "demand_lb": 1e-06,
      "head_a": 98.52243650157865,
      "head_a_tag": "",
      "head_b": 98.57653815972695,
      "head_b_tag": "",
      "head_lb": 83.45901484936377,
      "head_ub": 116.54098515063623
    },
    "8": {
      "demand_a": 0.002703217398464035,
      "demand_b": 0.009527394891982444,
      "demand_lb": 1e-06,
      "head_a": 98.22542780001983,
      "head_a_tag": "",
      "head_b": 98.21931079288508,
      "head_b_tag": "",
      "head_lb": 81.64697482475928,
      "head_ub": 118.35302517524072
    },
    "9": {
      "demand_a": 0.012618527178413122,
      "demand_b": 0.0023815398413120914,
      "demand_lb": 1e-06,
      "head_a": 99.16267103735014,
      "head_a_tag": "",
      "head_b": 99.18440372971364,
      "head_b_tag": "",
      "head_lb": 92.48894338194484,
      "head_ub": 107.51105661805516
    }
  },
  "metadata": {
    "DEMAND_LB": 1e-06,
    "DEMAND_RESTRICTION_MODE": null,
    "DEVIATION_ALPHA": null,
    "FIX_TOTAL_DEMAND": true,
    "GLOBAL_SOLVER": null,
    "HEADLOSS_MODEL": "hw",
    "MEASUREMENT_HEADS_EQUAL_ONLY": true,
    "MEASUREMENT_SITES": [
      "19",
      "21"
    ],
    "MULTI_STARTS": 1,
    "MULTI_START_NOISE": 0.05,
    "MULTI_START_NOISE_REL": 0.25,
    "NORM": 2.0,