{
  "best_bound": null,
  "demands_a": {
    "10": 0.002941655637580143,
    "11": 0.011003836629762502,
    "12": 0.007041545923237105,
    "13": 0.015896527959216828,
    "14": 0.009721226014329749,
    "15": 0.007460296401586354,
    "16": 0.008120553569820712,
    "17": 0.007102841783049919,
    "18": 0.003454429474219334,
    "19": 0.005140053659168781,
    "20": 0.0019339124829270658,
    "21": 0.007632021527616595,
    "22": 0.004293047638027285,
    "23": 0.0016443863917266393,
    "24": 0.0034499607483206678,
    "25": 0.0036792329230809087,
    "26": 0.0024395250015979524,
    "27": -0.1469999998807907,
    "3": 0.015190142397868506,
    "4": 1.0537342754468604e-06,
    "5": 0.005869700354493409,
    "6": 0.003892921018648219,
    "7": 0.003769384033359441,
    "8": 0.002703217398464035,
    "9": 0.012618527178413122
  },
  "demands_b": {
    "10": 0.012637072005550566,
    "11": 0.0021760457352041906,
    "12": 0.014228324479712971,
    "13": 0.0076789233742390085,
    "14": 0.007145186529596708,
    "15": 0.010988500425078446,
    "16": 0.006897556108655934,
    "17": 0.0040947254915019715,
    "18": 0.001496416874669065,
    "19": 0.0028482223680060953,
    "20": 0.0038095291511698656,
    "21": 0.01297832456491934,
    "22": 0.005215151029659453,
    "23": 0.0023384962124601266,
    "24": 0.004797292379084483,
    "25": 0.0023802624571318412,
    "26": 0.0016030697963913924,
    "27": -0.1469999998807907,
    "3": 0.011249050421863999,
    "4": 0.011269067791186749,
    "5": 0.005020881440730502,
    "6": 0.002577997355879297,
    "7": 0.0016609691548041816,
    "8": 0.009527394891982444,
    "9": 0.0023815398413120914
  },
  "flows_a": {
    "1": 0.1469999998807907,
    "10": 0.012258266851275642,
    "12": 0.06463411494186039,
    "13": 0.04339197721385003,
    "14": 0.03238814058408753,
    "15": 0.025346594660850427,
    "16": 0.019579769439449307,
    "17": 0.012119473037862953,
    "18": 0.024238159749069083,
    "19": 0.000958261588483183,
    "2": 0.1318098574829222,
    "20": 0.010953553164161113,
    "21": 0.002537040836945893,
    "22": 0.017483534092337032,
    "23": 0.012300834190118631,
    "24": 0.002832999594340401,
    "25": 0.005730066833705057,
    "26": 0.008665043563643619,
    "27": 0.0016145719975632696,
    "28": 0.002290525830808152,
    "29": 0.0017717454231373799,
    "3": 0.03497639218892394,
    "30": 0.0011642658876010324,
    "31": 0.007020657171916979,
    "32": 0.005185268421159581,
    "33": 0.0037965613288868244,
    "34": 0.003128781750426252,
    "4": 0.029106691834430532,
    "5": 0.01927609315714345,
    "6": 0.015506709123784008,
    "7": 0.09683241155972282,
    "8": 0.005937677658638863,
    "9": -0.0005452248740443311
  },
  "flows_b": {
    "1": 0.1469999998807907,
    "10": 0.00935859410931781,
    "12": 0.06744119481708973,
    "13": 0.03872229516264454,
    "14": 0.03654624942744035,
    "15": 0.02231792494772738,
    "16": 0.02188085448985588,
    "17": 0.010892354064777433,
    "18": 0.022468157503405285,
    "19": -0.0010802780907181713,
    "2": 0.1357509494589267,
    "20": 0.011804849195027575,
    "21": 0.0022134075797211016,
    "22": 0.017054561009608553,
    "23": 0.012969185904290149,
    "24": 0.004907293086371641,
    "25": 0.004046582468229866,
    "26": 0.009395937190108368,
    "27": 0.0025653741257906384,
    "28": 0.0013561240448667095,
    "29": 0.0008515719575125848,
    "3": 0.03277829251948227,
    "30": 0.002165264556448996,
    "31": 0.007057440977648242,
    "32": 0.004825522724354397,
    "33": 0.0038013843120892656,
    "34": 0.0030498864732104577,
    "4": 0.027757411078751768,
    "5": 0.01879308386836181,
    "6": 0.01713211471355763,
    "7": 0.0917035891482577,
    "8": 0.006386329854510661,
    "9": 0.0017538742877426226
  },
  "heads_a": {
    "10": 98.6688376847385,
    "11": 98.56428117207594,
    "12": 98.46617145606083,
    "13": 98.22192834664341,
    "14": 97.98520874612181,
    "15": 99.09314023375525,
    "16": 98.10424031967983,
    "17": 97.8475641406392,
    "18": 99.04137756096144,
    "19": 98.52595072906387,
    "20": 98.2283603509819,
    "21": 98.09838272870319,
    "22": 97.81158487530924,
    "23": 98.9150237800704,
    "24": 98.51920015988293,
    "25": 98.2007331073776,
    "26": 98.05770242501637,
    "27": 100.0,
    "3": 99.86548845892499,
    "4": 99.5650718525519,
    "5": 99.49334899041247,
    "6": 99.01612604901246,
    "7": 98.52243650157865,
    "8": 98.22542780001983,
    "9": 99.16267103735014
  },
  "heads_b": {
    "10": 98.65011658275644,
    "11": 98.56543816242743,
    "12": 98.44273323329364,
    "13": 98.24977200907136,
    "14": 98.07359089259214,
    "15": 99.09898587387532,
    "16": 98.11458582003371,
    "17": 97.96668578808743,
    "18": 99.05650882916486,
    "19": 98.52595072906387,
    "20": 98.24174145175718,
    "21": 98.09838272870317,
    "22": 97.85316118856605,
    "23": 98.90971023842343,
    "24": 98.5100372486889,
    "25": 98.23127604538844,
    "26": 98.08790867288285,
    "27": 100.0,
    "3": 99.86548845892499,
    "4": 99.54822485835092,
    "5": 99.48462558255574,
    "6": 99.04756223525084,
    "7": 98.57653815972695,
    "8": 98.21931079288508,
    "9": 99.18440372971364
  },
  "max_violation": 0.0,
  "min_demand_viol": 5.3734275446860425e-08,
  "norm": 2.0,
  "objective": 0.0006682206225465714,
  "p": 2,
  "radius": 0.025849963685594828,
  "solver_status": "HxSolutionStatus.OPTIMAL"
}