{
  "best_radius": 0.3979480039546104,
  "norm": 2,
  "runs": [
    {
      "max_violation": 0.0,
      "min_demand_viol": 9.924164763308596e-07,
      "radius": 0.370701681877934,
      "run": 0,
      "start_flows": {
        "1": 1.2831496515642133,
        "2": 0.45516583573903036,
        "3": 0.7211131084369103,
        "4": 0.10223440239927913,
        "5": 0.36876675783752655,
        "6": 0.13159814785284538,
        "7": 0.5583437466112088,
        "8": 0.41275568775306437
      },
      "start_heads": {
        "1": 207.08409215508462,
        "2": 207.9297180233659,
        "3": 207.59162391074017,
        "4": 207.27413757740092,
        "5": 207.29565937815087,
        "6": 206.95274870540868,
        "7": 209.93770445263735
      },
      "success": true
    },
    {
      "max_violation": 0.0,
      "min_demand_viol": 9.92107041186685e-07,
      "radius": 0.35117582030062805,
      "run": 1,
      "start_flows": {
        "1": 1.240249772774371,
        "2": 0.43455812976072994,
        "3": 0.6732769680962886,
        "4": 0.11757092336033378,
        "5": 0.447675894967716,
        "6": 0.10709166196016942,
        "7": 0.5614669178821863,
        "8": 0.3321419059222716
      },
      "start_heads": {
        "1": 207.0721454469979,
        "2": 207.9824802886609,
        "3": 207.70006849337506,
        "4": 207.31000191541582,
        "5": 207.25641811671582,
        "6": 207.0229139753277,
        "7": 210.0110097561735
      },
      "success": true
    },
    {
      "max_violation": 0.0,
      "min_demand_viol": 9.924164763308596e-07,
      "radius": 0.3707016818779549,
      "run": 2,
      "start_flows": {
        "1": 1.226382231332607,
        "2": 0.4513123001600098,
        "3": 0.6811307254190223,
        "4": 0.12403167577591752,
        "5": 0.40628318262089913,
        "6": 0.1312870305593672,
        "7": 0.46045231388378494,
        "8": 0.35892095791196377
      },
      "start_heads": {
        "1": 207.13409730831629,
        "2": 208.00410355865932,
        "3": 207.7295665415535,
        "4": 207.24234802392257,
        "5": 207.36928926792046,
        "6": 207.13629401532975,
        "7": 210.01322278151648
      },
      "success": true
    },
    {
      "max_violation": 0.0,
      "min_demand_viol": 9.91720896292847e-07,
      "radius": 0.39794800395460744,
      "run": 3,
      "start_flows": {
        "1": 1.2611669997827222,
        "2": 0.5346721130804434,
        "3": 0.7871048917372445,
        "4": 0.18707114003493341,
        "5": 0.4613054147323006,
        "6": 0.13138741564031894,
        "7": 0.43272781274059335,
        "8": 0.3651789329405981
      },
      "start_heads": {
        "1": 207.03582583994339,
        "2": 207.99772853191007,
        "3": 207.590476911105,
        "4": 207.32505740353687,
        "5": 207.31508626392463,
        "6": 207.10380238033878,
        "7": 209.96691487139805
      },
      "success": true
    },
    {
      "max_violation": 0.0,
      "min_demand_viol": 9.91720896292847e-07,
      "radius": 0.3979480039546104,
      "run": 4,
      "start_flows": {
        "1": 1.2550413781523826,
        "2": 0.40328098351495223,
        "3": 0.7760603697712529,
        "4": 0.07219386011951955,
        "5": 0.41199870796859217,
        "6": 0.10058976783367493,
        "7": 0.572317388294808,
        "8": 0.4314196889506942
      },
      "start_heads": {
        "1": 207.06413638604587,
        "2": 207.99657241629748,
        "3": 207.54471949026015,
        "4": 207.30790274924078,
        "5": 207.32777738872235,
        "6": 207.11919832293273,
        "7": 210.0911005681664
      },
      "success": true
    },
    {
      "max_violation": 0.0,
      "min_demand_viol": 9.91720896292847e-07,
      "radius": 0.3979480039545789,
      "run": 5,
      "start_flows": {
        "1": 1.2108415920088789,
        "2": 0.4286946778128345,
        "3": 0.7358444753204474,
        "4": 0.09944212723289272,
        "5": 0.49566985567784483,
        "6": 0.12294435473299442,
        "7": 0.46148403984509057,
        "8": 0.34652346433496184
      },
      "start_heads": {
        "1": 207.05730144871825,
        "2": 207.9103474792753,
        "3": 207.59101097597315,
        "4": 207.3368218750662,
        "5": 207.32265136980416,
        "6": 207.1337281851127,
        "7": 210.0844553726222
      },
      "success": true
    },
    {
      "max_violation": 0.0,
      "min_demand_viol": 9.91720896292847e-07,
      "radius": 0.39794800395457325,
      "run": 6,
      "start_flows": {
        "1": 1.2624937551191102,
        "2": 0.5404914928458248,
        "3": 0.6674526835556164,
        "4": 0.060215231924513384,
        "5": 0.40803949507351545,
        "6": 0.16509104935084476,
        "7": 0.5011942231904691,
        "8": 0.3361251983904354
      },
      "start_heads": {
        "1": 207.04131349536982,
        "2": 207.8978437994524,
        "3": 207.5848189735466,
        "4": 207.33043544302154,
        "5": 207.34307873084782,
        "6": 207.06078551450935,
        "7": 210.0436521076311
      },
      "success": true
    },
    {
      "max_violation": 0.0,
      "min_demand_viol": 0.012536315506835982,
      "radius": 0.37196637837749824,
      "run": 7,
      "start_flows": {
        "1": 1.2128434432738149,
        "2": 0.42611767415063184,
        "3": 0.7201428685917511,
        "4": -0.015517662137102456,
        "5": 0.4148687063738974,
        "6": 0.08443635328689597,
        "7": 0.49860772922859264,
        "8": 0.36161656328556113
      },
      "start_heads": {
        "1": 207.13721837139641,
        "2": 207.97501050490845,
        "3": 207.6896035811278,
        "4": 207.26738281298287,
        "5": 207.36464218029911,
        "6": 207.105304933588,
        "7": 210.05824319905554
      },
      "success": true
    },
    {
      "max_violation": 0.0,
      "min_demand_viol": 9.915701444374037e-07,
      "radius": 0.37196637837750024,
      "run": 8,
      "start_flows": {
        "1": 1.316242551594837,
        "2": 0.503975012932525,
        "3": 0.6928716564518905,
        "4": 0.02565070399214052,
        "5": 0.3887979714937314,
        "6": 0.07504266309853586,
        "7": 0.4220066559289313,
        "8": 0.37832427914225164
      },
      "start_heads": {
        "1": 207.1611546117696,
        "2": 207.93647731244886,
        "3": 207.6034047623919,
        "4": 207.2531512465242,
        "5": 207.30701393316897,
        "6": 207.08693384159915,
        "7": 209.9993042665738
      },
      "success": true
    },
    {
      "max_violation": 0.0,
      "min_demand_viol": 9.924440305120186e-07,
      "radius": 0.397948003954562,
      "run": 9,
      "start_flows": {
        "1": 1.3289551284701848,
        "2": 0.5318843202422215,
        "3": 0.7466002577222308,
        "4": -0.021275798772221577,
        "5": 0.45698441245575316,
        "6": 0.13049939551980327,
        "7": 0.5143323119973693,
        "8": 0.3839630104834152
      },
      "start_heads": {
        "1": 207.0548451458552,
        "2": 207.9840426431698,
        "3": 207.67086569530508,
        "4": 207.28735563510085,
        "5": 207.19851131426472,
        "6": 207.06355450774527,
        "7": 210.0540081706269
      },
      "success": true
    }
  ],
  "unique_local_optima": 4
}