{
  "demands_a": {
    "1": 0.21343497626416685,
    "2": 9.91720896292847e-07,
    "3": 0.17071624597665147,
    "4": 0.2185231628264378,
    "5": 0.17068141931609115,
    "6": 0.5019134173105511,
    "7": -1.2752702134147946
  },
  "demands_b": {
    "1": 0.08696857374561609,
    "2": 9.924440305120186e-07,
    "3": 0.06847877114123363,
    "4": 0.11860999453277588,
    "5": 0.5192982966063557,
    "6": 0.48191358494478304,
    "7": -1.2752702134147949
  },
  "flows_a": {
    "1": 1.2752702134147949,
    "2": 0.5708976617949143,
    "3": 0.7043715598989841,
    "4": 0.10510646911994354,
    "5": 0.3807419279526028,
    "6": 0.1211714893579483,
    "7": 0.40018141581826283,
    "8": 0.33460646562211516
  },
  "flows_b": {
    "1": 1.2752702134147949,
    "2": 0.5598176855872233,
    "3": 0.715451535383541,
    "4": 0.23609944526393037,
    "5": 0.36074209558683473,
    "6": 0.1211714893579483,
    "7": 0.4913389144459897,
    "8": 0.2081400631035644
  },
  "heads_a": {
    "1": 207.09503173828125,
    "2": 207.96490478515625,
    "3": 207.49729970106725,
    "4": 207.28098619365542,
    "5": 207.26117116935387,
    "6": 207.06900024414062,
    "7": 210.0
  },
  "heads_b": {
    "1": 207.09503173828125,
    "2": 207.96490478515625,
    "3": 207.51527411797176,
    "4": 207.2593004749158,
    "5": 207.159317593448,
    "6": 207.06900024414062,
    "7": 210.0
  },
  "max_violation": 0.0,
  "min_demand_viol": 9.91720896292847e-07,
  "norm": 2,
  "p": 3,
  "radius": 0.3979480039546104
}