{
  "junctions": {
    "1": {
      "demand_a": 0.10020099580287933,
      "demand_b": 0.2703362759202719,
      "demand_lb": 1e-06,
      "head_a": 207.82621471230004,
      "head_a_tag": "",
      "head_b": 207.80891185494863,
      "head_b_tag": "",
      "head_lb": 193.4611532898627,
      "head_ub": 226.5388467101373
    },
    "2": {
      "demand_a": 0.10845827946229614,
      "demand_b": 0.1057673534618031,
      "demand_lb": 1e-06,
      "head_a": 208.3993620394407,
      "head_a_tag": "",
      "head_b": 208.3993620394407,
      "head_b_tag": "",
      "head_lb": 197.73885171300606,
      "head_ub": 222.26114828699394
    },
    "3": {
      "demand_a": 0.05628693103790283,
      "demand_b": 0.11166615027571625,
      "demand_lb": 1e-06,
      "head_a": 208.113015662089,
      "head_a_tag": "",
      "head_b": 208.10025614155077,
      "head_b_tag": "",
      "head_lb": 195.62629393444394,
      "head_ub": 224.37370606555606
    },
    "4": {
      "demand_a": 0.10106175571998233,
      "demand_b": 0.12310928074834487,
      "demand_lb": 1e-06,
      "head_a": 207.94222936957772,
      "head_a_tag": "",
      "head_b": 207.95382415452207,
      "head_b_tag": "",
      "head_lb": 194.2896568934707,
      "head_ub": 225.7103431065293
    },
    "5": {
      "demand_a": 0.3641548603773117,
      "demand_b": 0.20395046472549438,
      "demand_lb": 1e-06,
      "head_a": 207.89048302243097,
      "head_a_tag": "",
      "head_b": 207.9232267731703,
      "head_b_tag": "",
      "head_lb": 194.17031922671646,
      "head_ub": 225.82968077328354
    },
    "6": {
      "demand_a": 0.38983718236799914,
      "demand_b": 0.3051704796367411,
      "demand_lb": 1e-06,
      "head_a": 207.80891566967136,
      "head_a_tag": "",
      "head_b": 207.80891533235163,
      "head_b_tag": "",
      "head_lb": 193.36886889046428,
      "head_ub": 226.63113110953572
    }
  },
  "metadata": {
    "DEMAND_INTERVALS": false,
    "DEMAND_LB": 1e-06,
    "FIX_TOTAL_DEMAND": true,
    "GLOBAL_SOLVER": "couenne",
    "HEADLOSS_MODEL": "hw",
    "MEASUREMENT_HEADS_EQUAL_ONLY": true,
    "MEASUREMENT_SITES": [
      "2",
      "6"
    ],
    "MULTI_STARTS": 10,
    "MULTI_START_NOISE": 0.05,
    "NORM": 2,
    "PIPE_BOUNDS": true,
    "PIPE_BOUND_METHOD": "perturb",
    "PIPE_BOUND_PERTURB_BASE": "base",
    "PIPE_BOUND_PERTURB_FIX_TOTAL": true,
    "PIPE_BOUND_PERTURB_SAMPLES": 25,
    "PIPE_BOUND_PERTURB_SEED": 1,
    "PIPE_BOUND_PERTURB_SIGMA": 0.15,
    "PIPE_BOUND_POLICY": "minmax",
    "PIPE_BOUND_SAFENESS": 0.85,
    "RADIUS": true,
    "SCENARIO_SOURCE": "base",
    "SINGLE_NODE_SOLUTION": false,
    "SOLVER": "hexaly_xd",
    "USE_RESERVOIR_OUTFLOW_CONSTRAINT": false,
    "WDN_NAME": "Alperovits",
    "output_dir": "data/Alperovits-B-batch-20260401-112751/2_6",
    "timestamp": "20260401-112751"
  },
  "output_dir": "data/Alperovits-B-batch-20260401-112751/2_6",
  "pipes": {
    "1": {
      "flow_a": 1.1200000047683716,
      "flow_a_tag": "lb",
      "flow_b": 1.1200000047683716,
      "flow_b_tag": "lb",
      "flow_lb": 1.1200000047683716,
      "flow_ub": 1.1200000047683716,
      "headloss_res_a": -10.660510326434622,
      "headloss_res_b": -10.660510326434622
    },
    "2": {
      "flow_a": 0.44223544001579285,
      "flow_a_tag": "lb",
      "flow_b": 0.45276913780356354,
      "flow_b_tag": "",
      "flow_lb": 0.44223544001579285,
      "flow_ub": 0.4648970067501068,
      "headloss_res_a": -1.6252763374079453,
      "headloss_res_b": -1.7046680617993397
    },
    "3": {
      "flow_a": 0.5693062852902825,
      "flow_a_tag": "",
      "flow_b": 0.5614635135030049,
      "flow_b_tag": "",
      "flow_lb": 0.5527145266532898,
      "flow_ub": 0.5940340161323547,
      "headloss_res_a": -2.710881044094558,
      "headloss_res_b": -2.635791842844912
    },
    "4": {
      "flow_a": 0.17557385563850403,
      "flow_a_tag": "ub",
      "flow_b": 0.13220331072807312,
      "flow_b_tag": "lb",
      "flow_lb": 0.13220331072807312,
      "flow_ub": 0.17557385563850403,
      "headloss_res_a": -0.2495645153937877,
      "headloss_res_b": -0.1402387618351204
    },
    "5": {
      "flow_a": 0.29267067393179613,
      "flow_a_tag": "",
      "flow_b": 0.30615092202658695,
      "flow_b_tag": "",
      "flow_lb": 0.2579752802848816,
      "flow_ub": 0.329729825258255,
      "headloss_res_a": -0.7039331284615421,
      "headloss_res_b": -0.7712404465078584
    },
    "6": {
      "flow_a": 0.097166508436203,
      "flow_a_tag": "ub",
      "flow_b": -0.000980442389845848,
      "flow_b_tag": "lb",
      "flow_lb": -0.000980442389845848,
      "flow_ub": 0.097166508436203,
      "headloss_res_a": -0.0749853567697476,
      "headloss_res_b": 5.918515815959591e-06
    },
    "7": {
      "flow_a": 0.38594850897789,
      "flow_a_tag": "ub",
      "flow_b": 0.3411029875278473,
      "flow_b_tag": "lb",
      "flow_lb": 0.3411029875278473,
      "flow_ub": 0.38594850897789,
      "headloss_res_a": -1.233442068069439,
      "headloss_res_b": -0.9602473329816885
    },
    "8": {
      "flow_a": 0.19736750423908234,
      "flow_a_tag": "lb",
      "flow_b": 0.269355833530426,
      "flow_b_tag": "ub",
      "flow_lb": 0.19736750423908234,
      "flow_ub": 0.269355833530426,
      "headloss_res_a": -0.3164873732481503,
      "headloss_res_b": -0.5948510186320787
    }
  },
  "summary": {
    "flow_at_bounds": {
      "a_lb": 3,
      "a_ub": 3,
      "b_lb": 4,
      "b_ub": 1
    },
    "head_at_bounds": {
      "a_lb": 0,
      "a_ub": 0,
      "b_lb": 0,
      "b_ub": 0
    },
    "head_bounds_count": 6,
    "junction_count": 6,
    "min_demand_slack_a": 0.05628593103790283,
    "min_demand_slack_b": 0.1057663534618031,
    "pipe_count": 8,
    "total_demand_a": 1.1200000047683716,
    "total_demand_b": 1.1200000047683716,
    "total_demand_res_a": 0.0,
    "total_demand_res_b": 0.0,
    "total_demand_target": 1.1200000047683716
  }
}