{
  "best_bound": null,
  "demands_a": {
    "1": 0.13321639198441543,
    "2": 0.10781952534017192,
    "3": 0.07332372484083138,
    "4": 0.10596165401941121,
    "5": 0.3293619779573172,
    "6": 0.37031673062622444,
    "7": -1.1200000047683716
  },
  "demands_b": {
    "1": 0.20000002160669386,
    "2": 0.09999996423719493,
    "3": 0.10000002384185097,
    "4": 0.119999989867212,
    "5": 0.269999995827677,
    "6": 0.33000000938774293,
    "7": -1.1200000047683718
  },
  "flows_a": {
    "1": 1.1200000047683716,
    "2": 0.446221868617582,
    "3": 0.5659586108106177,
    "4": 0.1681672054957929,
    "5": 0.2918297512954136,
    "6": 0.07848697933081082,
    "7": 0.3728981437767506,
    "8": 0.21170337131522626
  },
  "flows_b": {
    "1": 1.1200000047683716,
    "2": 0.4545355270863125,
    "3": 0.5654645134448643,
    "4": 0.15276744360218036,
    "5": 0.2926970799754719,
    "6": 0.037302929412271035,
    "7": 0.35453550324446154,
    "8": 0.2373029510189649
  },
  "heads_a": {
    "1": 207.82623942908722,
    "2": 208.3993620394407,
    "3": 208.10821692544798,
    "4": 207.94719537283234,
    "5": 207.89941888371308,
    "6": 207.81458994978954,
    "7": 210.0
  },
  "heads_b": {
    "1": 207.81752766203095,
    "2": 208.3993620394407,
    "3": 208.09809129587055,
    "4": 207.94792618511337,
    "5": 207.9079348048752,
    "6": 207.81458994978956,
    "7": 210.0
  },
  "max_violation": 0.0,
  "min_demand_viol": 0.07332272484083138,
  "norm": 2.0,
  "objective": 0.010579181456917455,
  "p": 2,
  "radius": 0.10285514793590769,
  "solver_status": "HxSolutionStatus.OPTIMAL"
}