{
  "best_radius": 0.10285514793590769,
  "norm": 2.0,
  "runs": [
    {
      "max_violation": 0.0,
      "min_demand_viol": 0.07332272484083138,
      "radius": 0.10285514793590769,
      "run": 0,
      "start_flows": {
        "1": 1.1200000047683716,
        "2": 0.4545355439186096,
        "3": 0.5654644966125488,
        "4": 0.15276743471622467,
        "5": 0.29269707202911377,
        "6": 0.03730293735861778,
        "7": 0.3545355200767517,
        "8": 0.2373029589653015
      },
      "start_heads": {
        "1": 207.8181915283203,
        "2": 208.3998565673828,
        "3": 208.0986785888672,
        "4": 207.94854736328125,
        "5": 207.9085693359375,
        "6": 207.8152618408203,
        "7": 210.0
      },
      "success": true
    }
  ],
  "unique_local_optima": 1
}