{
  "best_bound": null,
  "demands_a": {
    "1": 0.13321639626102844,
    "2": 0.10831362247408238,
    "3": 0.07402903157515373,
    "4": 0.1054675453140117,
    "5": 0.3286566680143063,
    "6": 0.37031674112978913,
    "7": -1.1200000047683718
  },
  "demands_b": {
    "1": 0.2000000216066883,
    "2": 0.09999996423719937,
    "3": 0.10000002384185352,
    "4": 0.11999998986721638,
    "5": 0.2699999958276779,
    "6": 0.3300000093877361,
    "7": -1.1200000047683716
  },
  "flows_a": {
    "1": 1.1200000047683716,
    "2": 0.4462218688494203,
    "3": 0.565464513444869,
    "4": 0.16816720881211425,
    "5": 0.2918297593187431,
    "6": 0.07848698181104602,
    "7": 0.37219283727426655,
    "8": 0.21170337807207446
  },
  "flows_b": {
    "1": 1.1200000047683716,
    "2": 0.4545355270863117,
    "3": 0.5654645134448605,
    "4": 0.15276744360218814,
    "5": 0.29269707997545596,
    "6": 0.03730292941228012,
    "7": 0.35453550324445815,
    "8": 0.23730295101896842
  },
  "heads_a": {
    "1": 207.82697023529872,
    "2": 208.3993620394407,
    "3": 208.10821692516785,
    "4": 207.94792618511337,
    "5": 207.90014969424854,
    "6": 207.81532075531862,
    "7": 210.0
  },
  "heads_b": {
    "1": 207.81752766203095,
    "2": 208.3993620394407,
    "3": 208.09809129587055,
    "4": 207.94792618511337,
    "5": 207.9079348048752,
    "6": 207.8145899497896,
    "7": 210.0
  },
  "max_violation": 0.0,
  "min_demand_viol": 0.07402803157515372,
  "norm": 2.0,
  "objective": 0.010480897961968357,
  "p": 2,
  "radius": 0.10237625682729545,
  "solver_status": "HxSolutionStatus.OPTIMAL"
}