{
  "best_radius": 0.3842902373234113,
  "norm": 2,
  "runs": [
    {
      "max_violation": 0.0,
      "min_demand_viol": 0.031441251594023,
      "radius": 0.28671564277848033,
      "run": 0,
      "start_flows": {
        "1": 1.2844274774967614,
        "2": 0.5068624583438676,
        "3": 0.6935484545712026,
        "4": 0.1272070171534818,
        "5": 0.3918604590677165,
        "6": 0.049014664352328124,
        "7": 0.47542120674984456,
        "8": 0.4414640236545269
      },
      "start_heads": {
        "1": 207.08409215508462,
        "2": 207.92906422996865,
        "3": 207.52527233665418,
        "4": 207.3293621897197,
        "5": 207.3381869044361,
        "6": 206.9826614785455,
        "7": 209.93770445263735
      },
      "success": false
    },
    {
      "max_violation": 0.0,
      "min_demand_viol": 0.007710374344745197,
      "radius": 0.3118669252561196,
      "run": 1,
      "start_flows": {
        "1": 1.2415275987069192,
        "2": 0.4862547523655672,
        "3": 0.6457123142305808,
        "4": 0.14254353811453646,
        "5": 0.4707695961979059,
        "6": 0.024508178459652176,
        "7": 0.478544378020822,
        "8": 0.36085024182373415
      },
      "start_heads": {
        "1": 207.0721454469979,
        "2": 207.98182649526365,
        "3": 207.63371691928907,
        "4": 207.3652265277346,
        "5": 207.29894564300105,
        "6": 207.05282674846453,
        "7": 210.0110097561735
      },
      "success": false
    },
    {
      "max_violation": 0.0,
      "min_demand_viol": 0.07108506294699346,
      "radius": 0.32096797170932956,
      "run": 2,
      "start_flows": {
        "1": 1.227660057265155,
        "2": 0.503008922764847,
        "3": 0.6535660715533146,
        "4": 0.1490042905301202,
        "5": 0.4293768838510891,
        "6": 0.04870354705884996,
        "7": 0.3775297740224207,
        "8": 0.38762929381342637
      },
      "start_heads": {
        "1": 207.13409730831629,
        "2": 208.00344976526208,
        "3": 207.66321496746752,
        "4": 207.29757263624134,
        "5": 207.4118167942057,
        "6": 207.16620678846658,
        "7": 210.01322278151648
      },
      "success": false
    },
    {
      "max_violation": 0.0,
      "min_demand_viol": -0.08038191527911476,
      "radius": 0.3842902373234113,
      "run": 3,
      "start_flows": {
        "1": 1.2624448257152703,
        "2": 0.5863687356852806,
        "3": 0.7595402378715368,
        "4": 0.21204375478913606,
        "5": 0.4843991159624905,
        "6": 0.04880393213980169,
        "7": 0.34980527287922913,
        "8": 0.39388726884206066
      },
      "start_heads": {
        "1": 207.03582583994339,
        "2": 207.99707473851282,
        "3": 207.524125337019,
        "4": 207.38028201585564,
        "5": 207.35761379020985,
        "6": 207.1337151534756,
        "7": 209.96691487139805
      },
      "success": false
    },
    {
      "max_violation": 0.0,
      "min_demand_viol": -0.03441724231365434,
      "radius": 0.32312053398293056,
      "run": 4,
      "start_flows": {
        "1": 1.2563192040849307,
        "2": 0.4549776061197895,
        "3": 0.7484957159055452,
        "4": 0.09716647487372222,
        "5": 0.4350924091987821,
        "6": 0.018006284333157686,
        "7": 0.48939484843344383,
        "8": 0.46012802485215676
      },
      "start_heads": {
        "1": 207.06413638604587,
        "2": 207.99591862290023,
        "3": 207.47836791617416,
        "4": 207.36312736155955,
        "5": 207.37030491500758,
        "6": 207.14911109606956,
        "7": 210.0911005681664
      },
      "success": false
    },
    {
      "max_violation": 0.0,
      "min_demand_viol": 0.02344829606901544,
      "radius": 0.3197714095740122,
      "run": 5,
      "start_flows": {
        "1": 1.212119417941427,
        "2": 0.48039130041767175,
        "3": 0.7082798214547397,
        "4": 0.1244147419870954,
        "5": 0.5187635569080348,
        "6": 0.04036087123247717,
        "7": 0.37856149998372635,
        "8": 0.3752318002364244
      },
      "start_heads": {
        "1": 207.05730144871825,
        "2": 207.90969368587804,
        "3": 207.52465940188716,
        "4": 207.39204648738496,
        "5": 207.3651788960894,
        "6": 207.16364095824952,
        "7": 210.0844553726222
      },
      "success": false
    },
    {
      "max_violation": 0.0,
      "min_demand_viol": 0.03169543591108748,
      "radius": 0.3535878377940785,
      "run": 6,
      "start_flows": {
        "1": 1.2637715810516583,
        "2": 0.5921881154506621,
        "3": 0.6398880296899087,
        "4": 0.08518784667871607,
        "5": 0.4311331963037054,
        "6": 0.08250756585032751,
        "7": 0.4182716833291049,
        "8": 0.36483353429189797
      },
      "start_heads": {
        "1": 207.04131349536982,
        "2": 207.89719000605515,
        "3": 207.5184673994606,
        "4": 207.3856600553403,
        "5": 207.38560625713305,
        "6": 207.09069828764618,
        "7": 210.0436521076311
      },
      "success": false
    },
    {
      "max_violation": 0.0,
      "min_demand_viol": 0.04372875772485063,
      "radius": 0.28704059371970175,
      "run": 7,
      "start_flows": {
        "1": 1.214121269206363,
        "2": 0.47781429675546905,
        "3": 0.6925782147260434,
        "4": 0.00945495261710022,
        "5": 0.43796240760408733,
        "6": 0.0018528697863787295,
        "7": 0.4156851893672284,
        "8": 0.3903248991870237
      },
      "start_heads": {
        "1": 207.13721837139641,
        "2": 207.9743567115112,
        "3": 207.62325200704183,
        "4": 207.32260742530164,
        "5": 207.40716970658434,
        "6": 207.13521770672483,
        "7": 210.05824319905554
      },
      "success": false
    },
    {
      "max_violation": 0.0,
      "min_demand_viol": 0.09654173940383992,
      "radius": 0.31710795181845564,
      "run": 8,
      "start_flows": {
        "1": 1.3175203775273852,
        "2": 0.5556716355373623,
        "3": 0.6653070025861828,
        "4": 0.050623318746343196,
        "5": 0.41189167272392135,
        "6": -0.007540820401981396,
        "7": 0.33908411606756705,
        "8": 0.4070326150437142
      },
      "start_heads": {
        "1": 207.1611546117696,
        "2": 207.9358235190516,
        "3": 207.53705318830592,
        "4": 207.30837585884296,
        "5": 207.3495414594542,
        "6": 207.11684661473598,
        "7": 209.9993042665738
      },
      "success": false
    },
    {
      "max_violation": 0.0,
      "min_demand_viol": 0.02761640769915097,
      "radius": 0.32588173901946943,
      "run": 9,
      "start_flows": {
        "1": 1.330232954402733,
        "2": 0.5835809428470589,
        "3": 0.7190356038565231,
        "4": 0.0036968159819810997,
        "5": 0.4800781136859431,
        "6": 0.04791591201928602,
        "7": 0.43140977213600507,
        "8": 0.41267134638487774
      },
      "start_heads": {
        "1": 207.0548451458552,
        "2": 207.98338884977255,
        "3": 207.6045141212191,
        "4": 207.34258024741962,
        "5": 207.24103884054995,
        "6": 207.0934672808821,
        "7": 210.0540081706269
      },
      "success": false
    }
  ],
  "unique_local_optima": 10
}