{
  "demands_a": {
    "1": 0.2858025246167901,
    "2": -0.08038191527911476,
    "3": 0.23656346280605145,
    "4": 0.11740618195841468,
    "5": 0.2272425709117734,
    "6": 0.47581200070135554,
    "7": -1.2624448257152705
  },
  "demands_b": {
    "1": 0.1917564595118165,
    "2": 0.09711611121892938,
    "3": 0.09460045099258424,
    "4": 0.14254602082073686,
    "5": 0.23531836532056333,
    "6": 0.1817404991015792,
    "7": -0.9430779069662095
  },
  "flows_a": {
    "1": 1.2624448257152703,
    "2": 0.5863687356852806,
    "3": 0.7564580053091046,
    "4": 0.21204375478913606,
    "5": 0.4270080685615539,
    "6": 0.04880393213980169,
    "7": 0.34980527287922913,
    "8": 0.3346064567565918
  },
  "flows_b": {
    "1": 0.9430779069662094,
    "2": 0.3764016926288605,
    "3": 0.4695601031184196,
    "4": 0.10510647557675838,
    "5": 0.22190760672092438,
    "6": -0.040167107619345194,
    "7": 0.28180124163627623,
    "8": 0.1515893518924713
  },
  "heads_a": {
    "1": 207.09503173828125,
    "2": 207.99707473851282,
    "3": 207.524125337019,
    "4": 207.38028201585564,
    "5": 207.33612060546875,
    "6": 207.1337151534756,
    "7": 210.0
  },
  "heads_b": {
    "1": 207.09503173828125,
    "2": 208.0070747385128,
    "3": 207.534125337019,
    "4": 207.39028201585563,
    "5": 207.33612060546875,
    "6": 207.1437151534756,
    "7": 210.0
  },
  "max_violation": 0.0,
  "min_demand_viol": -0.08038191527911476,
  "norm": 2,
  "p": 2,
  "radius": 0.3842902373234113
}