{
  "best_bound": null,
  "demands_a": {
    "1": 0.10020099580287933,
    "2": 0.10845827946229614,
    "3": 0.05628693103790283,
    "4": 0.10106175571998233,
    "5": 0.3641548603773117,
    "6": 0.38983718236799914,
    "7": -1.1200000047683716
  },
  "demands_b": {
    "1": 0.2703362759202719,
    "2": 0.1057673534618031,
    "3": 0.11166615027571625,
    "4": 0.12310928074834487,
    "5": 0.20395046472549438,
    "6": 0.3051704796367411,
    "7": -1.1200000047683716
  },
  "flows_a": {
    "1": 1.1200000047683716,
    "2": 0.44223544001579285,
    "3": 0.5693062852902825,
    "4": 0.17557385563850403,
    "5": 0.29267067393179613,
    "6": 0.097166508436203,
    "7": 0.38594850897789,
    "8": 0.19736750423908234
  },
  "flows_b": {
    "1": 1.1200000047683716,
    "2": 0.45276913780356354,
    "3": 0.5614635135030049,
    "4": 0.13220331072807312,
    "5": 0.30615092202658695,
    "6": -0.000980442389845848,
    "7": 0.3411029875278473,
    "8": 0.269355833530426
  },
  "heads_a": {
    "1": 207.82621471230004,
    "2": 208.3993620394407,
    "3": 208.113015662089,
    "4": 207.94222936957772,
    "5": 207.89048302243097,
    "6": 207.80891566967136,
    "7": 210.0
  },
  "heads_b": {
    "1": 207.80891185494863,
    "2": 208.3993620394407,
    "3": 208.10025614155077,
    "4": 207.95382415452207,
    "5": 207.9232267731703,
    "6": 207.80891533235163,
    "7": 210.0
  },
  "max_violation": 0.0,
  "min_demand_viol": 0.05628593103790283,
  "norm": 2,
  "objective": 0.06534010484417707,
  "p": 1,
  "radius": 0.25561710593028997,
  "solver_status": "HxSolutionStatus.OPTIMAL"
}