{
  "junctions": {
    "1": {
      "demand_a": 0.24684263731168643,
      "demand_b": 0.13321638431358376,
      "demand_lb": 1e-06,
      "head_a": 207.80190691377337,
      "head_a_tag": "",
      "head_b": 207.83516343733487,
      "head_b_tag": "",
      "head_lb": 193.62708714484413,
      "head_ub": 226.37291285515587
    },
    "2": {
      "demand_a": 0.08916595497475588,
      "demand_b": 0.11387839554837154,
      "demand_lb": 1e-06,
      "head_a": 208.3993620394407,
      "head_a_tag": "",
      "head_b": 208.3993620394407,
      "head_b_tag": "",
      "head_lb": 197.73885171300606,
      "head_ub": 222.26114828699394
    },
    "3": {
      "demand_a": 0.11580484438494815,
      "demand_b": 0.08201575906057812,
      "demand_lb": 1e-06,
      "head_a": 208.08966884659714,
      "head_a_tag": "",
      "head_b": 208.10821692941576,
      "head_b_tag": "",
      "head_lb": 195.6583771104362,
      "head_ub": 224.3416228895638
    },
    "4": {
      "demand_a": 0.12934440053288077,
      "demand_b": 0.09990277641650047,
      "demand_lb": 1e-06,
      "head_a": 207.941970114697,
      "head_a_tag": "",
      "head_b": 207.9561193835261,
      "head_b_tag": "",
      "head_lb": 194.40450298777,
      "head_ub": 225.59549701223
    },
    "5": {
      "demand_a": 0.2255009306014613,
      "demand_b": 0.32066994663911774,
      "demand_lb": 1e-06,
      "head_a": 207.90834289151664,
      "head_a_tag": "",
      "head_b": 207.9083428915166,
      "head_b_tag": "",
      "head_lb": 194.28361303052068,
      "head_ub": 225.71638696947932
    },
    "6": {
      "demand_a": 0.31334123696263905,
      "demand_b": 0.37031674279022,
      "demand_lb": 1e-06,
      "head_a": 207.8015291808084,
      "head_a_tag": "",
      "head_b": 207.82351395611786,
      "head_b_tag": "",
      "head_lb": 193.56687411412554,
      "head_ub": 226.43312588587446
    }
  },
  "metadata": {
    "DEMAND_LB": 1e-06,
    "DEMAND_RESTRICTION_MODE": null,
    "DEVIATION_ALPHA": null,
    "FIX_TOTAL_DEMAND": true,
    "GLOBAL_SOLVER": null,
    "HEADLOSS_MODEL": "hw",
    "MEASUREMENT_HEADS_EQUAL_ONLY": true,
    "MEASUREMENT_SITES": [
      "2",
      "5"
    ],
    "MULTI_STARTS": 1,
    "MULTI_START_NOISE": 0.05,
    "MULTI_START_NOISE_REL": 0.25,
    "NORM": 2.0,
    "OUTPUT_DIR": "data/Alperovits/3e031e7c",
    "PIPE_BOUNDS": true,
    "RADIUS_TO_FIXED": null,
    "SCENARIO": "base",
    "SCENARIO_FILE": "scenario/Alperovits/base.json",
    "SOLVER": "Hexaly_xd",
    "USE_RESERVOIR_OUTFLOW_CONSTRAINT": false,
    "WDN": "Alperovits",
    "WDN_NAME": "Alperovits",
    "output_dir": "data/Alperovits/3e031e7c/2_5",
    "timestamp": "20260421-175331"
  },
  "output_dir": "data/Alperovits/3e031e7c/2_5",
  "pipes": {
    "1": {
      "flow_a": 1.1200000047683716,
      "flow_a_tag": "lb",
      "flow_b": 1.1200000047683716,
      "flow_b_tag": "lb",
      "flow_lb": 1.1200000047683716,
      "flow_ub": 1.1200000047683716,
      "headloss_res_a": -10.660510326434622,
      "headloss_res_b": -10.660510326434622
    },
    "2": {
      "flow_a": 0.46135332478259505,
      "flow_a_tag": "ub",
      "flow_b": 0.446221865333809,
      "flow_b_tag": "lb",
      "flow_lb": 0.44622185826301575,
      "flow_ub": 0.4613533318042755,
      "headloss_res_a": -1.770781346397737,
      "headloss_res_b": -1.6550966662863569
    },
    "3": {
      "flow_a": 0.5694807250110206,
      "flow_a_tag": "",
      "flow_b": 0.559899743886191,
      "flow_b_tag": "",
      "flow_lb": 0.5568748712539673,
      "flow_ub": 0.5840606689453125,
      "headloss_res_a": -2.7125634930257783,
      "headloss_res_b": -2.6209469388120525
    },
    "4": {
      "flow_a": 0.13911864974317933,
      "flow_a_tag": "lb",
      "flow_b": 0.16816721098697354,
      "flow_b_tag": "ub",
      "flow_lb": 0.13911864161491394,
      "flow_ub": 0.16816721856594086,
      "headloss_res_a": -0.15554867451129964,
      "headloss_res_b": -0.22864877575255466
    },
    "5": {
      "flow_a": 0.30101767473496055,
      "flow_a_tag": "",
      "flow_b": 0.29182975648271703,
      "flow_b_tag": "",
      "flow_lb": 0.27015259861946106,
      "flow_ub": 0.3175203204154968,
      "headloss_res_a": -0.7452436573685665,
      "headloss_res_b": -0.6998370658187022
    },
    "6": {
      "flow_a": 0.012323562227678508,
      "flow_a_tag": "lb",
      "flow_b": 0.07848698630750292,
      "flow_b_tag": "ub",
      "flow_lb": 0.012323553673923016,
      "flow_ub": 0.07848699390888214,
      "headloss_res_a": -0.0011067240302483881,
      "headloss_res_b": -0.048563537838455406
    },
    "7": {
      "flow_a": 0.3455484803976469,
      "flow_a_tag": "lb",
      "flow_b": 0.36420610627323086,
      "flow_b_tag": "",
      "flow_lb": 0.3455483019351959,
      "flow_ub": 0.3750304579734802,
      "headloss_res_a": -0.9857874860630709,
      "headloss_res_b": -1.0966767743851715
    },
    "8": {
      "flow_a": 0.2591661995393649,
      "flow_a_tag": "ub",
      "flow_b": 0.21170337062108668,
      "flow_b_tag": "lb",
      "flow_lb": 0.211703360080719,
      "flow_ub": 0.2591662108898163,
      "headloss_res_a": -0.5500898504268372,
      "headloss_res_b": -0.3648977362310778
    }
  },
  "summary": {
    "flow_at_bounds": {
      "a_lb": 4,
      "a_ub": 2,
      "b_lb": 3,
      "b_ub": 2
    },
    "head_at_bounds": {
      "a_lb": 0,
      "a_ub": 0,
      "b_lb": 0,
      "b_ub": 0
    },
    "head_bounds_count": 6,
    "junction_count": 6,
    "min_demand_slack_a": 0.08916495497475588,
    "min_demand_slack_b": 0.08201475906057812,
    "pipe_count": 8,
    "total_demand_a": 1.1200000047683716,
    "total_demand_b": 1.1200000047683716,
    "total_demand_res_a": 0.0,
    "total_demand_res_b": 0.0,
    "total_demand_target": 1.1200000047683716
  }
}