{
  "junctions": {
    "1": {
      "demand_a": 1.000983409077394e-06,
      "demand_b": 0.3893916328823538,
      "demand_lb": 1e-06,
      "head_a": 207.8436247549119,
      "head_a_tag": "",
      "head_b": 207.73756477658998,
      "head_b_tag": "",
      "head_lb": 192.50486793246043,
      "head_ub": 227.49513206753957
    },
    "2": {
      "demand_a": 0.14864186499586507,
      "demand_b": 0.047620939048102384,
      "demand_lb": 1e-06,
      "head_a": 208.3993620394407,
      "head_a_tag": "",
      "head_b": 208.3993620394407,
      "head_b_tag": "",
      "head_lb": 197.73885171300606,
      "head_ub": 222.26114828699394
    },
    "3": {
      "demand_a": 0.015242166375965815,
      "demand_b": 0.15632778079930637,
      "demand_lb": 1e-06,
      "head_a": 208.13924822169093,
      "head_a_tag": "",
      "head_b": 208.0607880027111,
      "head_b_tag": "",
      "head_lb": 195.4480958089859,
      "head_ub": 224.5519041910141
    },
    "4": {
      "demand_a": 1.0036877783337061e-06,
      "demand_b": 0.16044058684231988,
      "demand_lb": 1e-06,
      "head_a": 207.96838301964408,
      "head_a_tag": "",
      "head_b": 207.91362698025108,
      "head_b_tag": "",
      "head_lb": 193.65759424996153,
      "head_ub": 226.34240575003847
    },
    "5": {
      "demand_a": 0.437178158752666,
      "demand_b": 0.10322732442941807,
      "demand_lb": 1e-06,
      "head_a": 207.89635103176408,
      "head_a_tag": "",
      "head_b": 207.89635103176408,
      "head_b_tag": "",
      "head_lb": 193.51611954073178,
      "head_ub": 226.48388045926822
    },
    "6": {
      "demand_a": 0.5189358099726872,
      "demand_b": 0.26299174076687104,
      "demand_lb": 1e-06,
      "head_a": 207.7908990291737,
      "head_a_tag": "",
      "head_b": 207.74643427715856,
      "head_b_tag": "",
      "head_lb": 192.19739489998213,
      "head_ub": 227.80260510001787
    }
  },
  "metadata": {
    "DEMAND_INTERVALS": false,
    "DEMAND_LB": 1e-06,
    "FIX_TOTAL_DEMAND": true,
    "GLOBAL_SOLVER": "couenne",
    "HEADLOSS_MODEL": "hw",
    "MEASUREMENT_HEADS_EQUAL_ONLY": true,
    "MEASUREMENT_SITES": [
      "5"
    ],
    "MULTI_STARTS": 10,
    "MULTI_START_NOISE": 0.05,
    "NORM": 2,
    "PIPE_BOUNDS": true,
    "PIPE_BOUND_METHOD": "perturb",
    "PIPE_BOUND_PERTURB_BASE": "base",
    "PIPE_BOUND_PERTURB_FIX_TOTAL": true,
    "PIPE_BOUND_PERTURB_SAMPLES": 25,
    "PIPE_BOUND_PERTURB_SEED": 1,
    "PIPE_BOUND_PERTURB_SIGMA": 0.4,
    "PIPE_BOUND_POLICY": "minmax",
    "PIPE_BOUND_SAFENESS": 0.85,
    "RADIUS": true,
    "SCENARIO_SOURCE": "base",
    "SINGLE_NODE_SOLUTION": false,
    "SOLVER": "hexaly_xd",
    "USE_RESERVOIR_OUTFLOW_CONSTRAINT": false,
    "WDN_NAME": "Alperovits",
    "output_dir": "data/Alperovits-B-batch-20260401-112551/5",
    "timestamp": "20260401-112551"
  },
  "output_dir": "data/Alperovits-B-batch-20260401-112551/5",
  "pipes": {
    "1": {
      "flow_a": 1.1200000047683716,
      "flow_a_tag": "lb",
      "flow_b": 1.1200000047683716,
      "flow_b_tag": "lb",
      "flow_lb": 1.1200000047683716,
      "flow_ub": 1.1200000047683716,
      "headloss_res_a": -10.660510326434622,
      "headloss_res_b": -10.660510326434622
    },
    "2": {
      "flow_a": 0.4198769947917035,
      "flow_a_tag": "lb",
      "flow_b": 0.48410755216666607,
      "flow_b_tag": "ub",
      "flow_lb": 0.41987699270248413,
      "flow_ub": 0.4841075539588928,
      "headloss_res_a": -1.463100347948015,
      "headloss_res_b": -1.9521818503292478
    },
    "3": {
      "flow_a": 0.551481144980803,
      "flow_a_tag": "",
      "flow_b": 0.5882715135536031,
      "flow_b_tag": "",
      "flow_lb": 0.5331490635871887,
      "flow_ub": 0.6461739540100098,
      "headloss_res_a": -2.5417575997203388,
      "headloss_res_b": -2.8968656303798976
    },
    "4": {
      "flow_a": 0.2099044451343439,
      "flow_a_tag": "ub",
      "flow_b": 0.09709644543290913,
      "flow_b_tag": "lb",
      "flow_lb": 0.09709644317626953,
      "flow_ub": 0.20990444719791412,
      "headloss_res_a": -0.3586318112360932,
      "headloss_res_b": -0.07487541348542286
    },
    "5": {
      "flow_a": 0.3415756961586808,
      "flow_a_tag": "",
      "flow_b": 0.33073448127837407,
      "flow_b_tag": "",
      "flow_lb": 0.18577921390533447,
      "flow_ub": 0.3867356777191162,
      "headloss_res_a": -0.9629470252298695,
      "headloss_res_b": -0.901995224856472
    },
    "6": {
      "flow_a": 0.17736011381400643,
      "flow_a_tag": "ub",
      "flow_b": -0.06774274051150304,
      "flow_b_tag": "lb",
      "flow_lb": -0.0677427425980568,
      "flow_ub": 0.17736011743545532,
      "headloss_res_a": -0.25474729418373854,
      "headloss_res_b": 0.03598650733681
    },
    "7": {
      "flow_a": 0.40463482841573767,
      "flow_a_tag": "",
      "flow_b": 0.3277797713673597,
      "flow_b_tag": "",
      "flow_lb": 0.3194199204444885,
      "flow_ub": 0.4445835053920746,
      "headloss_res_a": -1.3574772943864852,
      "headloss_res_b": -0.8857325067952384
    },
    "8": {
      "flow_a": 0.1773611147974155,
      "flow_a_tag": "",
      "flow_b": 0.32164889237085076,
      "flow_b_tag": "ub",
      "flow_lb": 0.10464206337928772,
      "flow_ub": 0.32164889574050903,
      "headloss_res_a": -0.25475021370646955,
      "headloss_res_b": -0.8524653319090814
    }
  },
  "summary": {
    "flow_at_bounds": {
      "a_lb": 2,
      "a_ub": 2,
      "b_lb": 3,
      "b_ub": 2
    },
    "head_at_bounds": {
      "a_lb": 0,
      "a_ub": 0,
      "b_lb": 0,
      "b_ub": 0
    },
    "head_bounds_count": 6,
    "junction_count": 6,
    "min_demand_slack_a": 9.834090773939605e-10,
    "min_demand_slack_b": 0.04761993904810238,
    "pipe_count": 8,
    "total_demand_a": 1.1200000047683716,
    "total_demand_b": 1.1200000047683716,
    "total_demand_res_a": 0.0,
    "total_demand_res_b": 0.0,
    "total_demand_target": 1.1200000047683716
  }
}