{
  "best_bound": null,
  "demands_a": {
    "1": 1.000983409077394e-06,
    "2": 0.14864186499586507,
    "3": 0.015242166375965815,
    "4": 1.0036877783337061e-06,
    "5": 0.437178158752666,
    "6": 0.5189358099726872,
    "7": -1.1200000047683716
  },
  "demands_b": {
    "1": 0.3893916328823538,
    "2": 0.047620939048102384,
    "3": 0.15632778079930637,
    "4": 0.16044058684231988,
    "5": 0.10322732442941807,
    "6": 0.26299174076687104,
    "7": -1.1200000047683716
  },
  "flows_a": {
    "1": 1.1200000047683716,
    "2": 0.4198769947917035,
    "3": 0.551481144980803,
    "4": 0.2099044451343439,
    "5": 0.3415756961586808,
    "6": 0.17736011381400643,
    "7": 0.40463482841573767,
    "8": 0.1773611147974155
  },
  "flows_b": {
    "1": 1.1200000047683716,
    "2": 0.48410755216666607,
    "3": 0.5882715135536031,
    "4": 0.09709644543290913,
    "5": 0.33073448127837407,
    "6": -0.06774274051150304,
    "7": 0.3277797713673597,
    "8": 0.32164889237085076
  },
  "heads_a": {
    "1": 207.8436247549119,
    "2": 208.3993620394407,
    "3": 208.13924822169093,
    "4": 207.96838301964408,
    "5": 207.89635103176408,
    "6": 207.7908990291737,
    "7": 210.0
  },
  "heads_b": {
    "1": 207.73756477658998,
    "2": 208.3993620394407,
    "3": 208.0607880027111,
    "4": 207.91362698025108,
    "5": 207.89635103176408,
    "6": 207.74643427715856,
    "7": 210.0
  },
  "max_violation": 0.0,
  "min_demand_viol": 9.834090773939605e-10,
  "norm": 2,
  "objective": 0.3845068284368424,
  "p": 1,
  "radius": 0.6200861459804132,
  "solver_status": "HxSolutionStatus.OPTIMAL"
}