{
  "best_bound": null,
  "demands_a": {
    "1": 0.24684264062211594,
    "2": 0.08916607979832825,
    "3": 0.11580500184448705,
    "4": 0.12934428321346114,
    "5": 0.22550076302461886,
    "6": 0.3133412362653604,
    "7": -1.1200000047683718
  },
  "demands_b": {
    "1": 0.13321638324457025,
    "2": 0.10632314844170443,
    "3": 0.07119142860303329,
    "4": 0.10745801592726689,
    "5": 0.33149428686164506,
    "6": 0.3703167416901517,
    "7": -1.1200000047683716
  },
  "flows_a": {
    "1": 1.1200000047683716,
    "2": 0.46135331584844946,
    "3": 0.5694806091215939,
    "4": 0.13911864997127182,
    "5": 0.30101767593686096,
    "6": 0.012323560328499435,
    "7": 0.3455483140039624,
    "8": 0.2591662009506154
  },
  "flows_b": {
    "1": 1.1200000047683716,
    "2": 0.4462218742890465,
    "3": 0.5674549820376206,
    "4": 0.1681672106818114,
    "5": 0.2918297554285423,
    "6": 0.07848698626160942,
    "7": 0.37503044568601324,
    "8": 0.21170336950617966
  },
  "heads_a": {
    "1": 207.80190708467245,
    "2": 208.3993620394407,
    "3": 208.0896688577056,
    "4": 207.94197028677183,
    "5": 207.90834306348935,
    "6": 207.80152935184472,
    "7": 210.0
  },
  "heads_b": {
    "1": 207.82402284950314,
    "2": 208.3993620394407,
    "3": 208.1082169185961,
    "4": 207.94497879482017,
    "5": 207.89720230297138,
    "6": 207.81237336829918,
    "7": 210.0
  },
  "max_violation": 0.0,
  "min_demand_viol": 0.07119042860303329,
  "norm": 2,
  "objective": 0.030155506296955743,
  "p": 0,
  "radius": 0.17365340853825975,
  "solver_status": "HxSolutionStatus.OPTIMAL"
}