{
  "best_bound": null,
  "demands_a": {
    "1": 0.24211522446283093,
    "2": 0.08927460873586734,
    "3": 0.11574589260961743,
    "4": 0.1334482621188764,
    "5": 0.2302281712880237,
    "6": 0.30918784555315576,
    "7": -1.1200000047683716
  },
  "demands_b": {
    "1": 0.13321642447184903,
    "2": 0.07890724545529526,
    "3": 0.08626374586325541,
    "4": 0.11980156478262971,
    "5": 0.33149425211001127,
    "6": 0.370316772085331,
    "7": -1.1200000047683718
  },
  "flows_a": {
    "1": 1.1200000047683716,
    "2": 0.4612941992874283,
    "3": 0.5694311967450759,
    "4": 0.1391186512859971,
    "5": 0.29686428334020243,
    "6": 0.012323562212953347,
    "7": 0.3455483066778109,
    "8": 0.2544387866757843
  },
  "flows_b": {
    "1": 1.1200000047683716,
    "2": 0.4612941992874283,
    "3": 0.579798560025648,
    "4": 0.16816720935260124,
    "5": 0.2918297858904171,
    "6": 0.07848698619491387,
    "7": 0.3750304534241729,
    "8": 0.2117034106667629
  },
  "heads_a": {
    "1": 207.80554824359393,
    "2": 208.3993620394407,
    "3": 208.08974234710283,
    "4": 207.94204378387698,
    "5": 207.90841656000535,
    "6": 207.8051705106287,
    "7": 210.0
  },
  "heads_b": {
    "1": 207.80554824359393,
    "2": 208.3993620394407,
    "3": 208.08974234710283,
    "4": 207.92650421456318,
    "5": 207.87872772341314,
    "6": 207.7938987624073,
    "7": 210.0
  },
  "max_violation": 0.0,
  "min_demand_viol": 0.07890624545529526,
  "norm": 2.0,
  "objective": 0.02701342496984977,
  "p": 2,
  "radius": 0.16435761305716803,
  "solver_status": "HxSolutionStatus.OPTIMAL"
}