{
  "results": [
    {
      "best_bound": null,
      "max_violation": 0.0,
      "measurement_sites": [],
      "min_demand_viol": -1.999834695702972e-06,
      "objective": 0.001094634317959198,
      "output_dir": "data/Anytown-B-batch-20260401-103814/none",
      "radius": 0.03308525831785507,
      "solver_status": "HxSolutionStatus.FEASIBLE",
      "success": true
    },
    {
      "best_bound": null,
      "max_violation": 0.0,
      "measurement_sites": [
        "50",
        "100"
      ],
      "min_demand_viol": 7.410624531217869e-05,
      "objective": 0.001103548863445416,
      "output_dir": "data/Anytown-B-batch-20260401-103814/50_100",
      "radius": 0.033219705950616366,
      "solver_status": "HxSolutionStatus.FEASIBLE",
      "success": true
    }
  ]
}