{
  "best_bound": null,
  "demands_a": {
    "10": 0.013387457883279094,
    "11": 0.002176029523763362,
    "12": 0.01422830075133549,
    "13": 0.008183076574507698,
    "14": 0.006597810837422481,
    "15": 0.010988507024618755,
    "16": 0.006966031903807073,
    "17": 0.006637555417684136,
    "18": 0.001496460381381036,
    "19": 0.0028481964610444395,
    "20": 0.00450086387808829,
    "21": 0.009825213040514189,
    "22": 0.003973049461283024,
    "23": 0.0022336489147921313,
    "24": 0.004902117037481996,
    "25": 0.0021797757420478703,
    "26": 0.002939467453291805,
    "27": -0.14699999988079068,
    "3": 0.011248973040150989,
    "4": 0.011269096763653785,
    "5": 0.004644619677875082,
    "6": 0.002953563521175255,
    "7": 0.0016614927859507252,
    "8": 0.009527369881945833,
    "9": 0.0016313219236961662
  },
  "demands_b": {
    "10": 0.00290003442141043,
    "11": 0.011003849624207647,
    "12": 0.007041576289307093,
    "13": 0.015891398988954107,
    "14": 0.010601639840959215,
    "15": 0.007460289673563101,
    "16": 0.006624083797635349,
    "17": 0.0041147453829672755,
    "18": 0.003454386345780802,
    "19": 0.005140077112344776,
    "20": 0.0015744432651944758,
    "21": 0.011519236582190864,
    "22": 0.005465062113324811,
    "23": 0.001650859013319554,
    "24": 0.00344355191398772,
    "25": 0.004022986679679093,
    "26": 0.0010051610377953706,
    "27": -0.14699999988079068,
    "3": 0.017388449023663377,
    "4": 1.0288343074982276e-06,
    "5": 0.0034471657780231375,
    "6": 0.004098928962150677,
    "7": 0.0037822608649639433,
    "8": 0.0027032136136850293,
    "9": 0.01266557072137535
  },
  "flows_a": {
    "1": 0.1469999998807907,
    "10": 0.009358640346686837,
    "12": 0.06819142452152106,
    "13": 0.03872230019637508,
    "14": 0.036546270672611715,
    "15": 0.022317969921276225,
    "16": 0.02188086039567723,
    "17": 0.010892353371058474,
    "18": 0.022468196354446458,
    "19": -0.001080347844944316,
    "2": 0.13575102684063972,
    "20": 0.011300652611702386,
    "21": 0.0027608295092643557,
    "22": 0.017054607517254322,
    "23": 0.012278077987955067,
    "24": 0.0043346207078953135,
    "25": 0.005065071470546022,
    "26": 0.009395892989677438,
    "27": 0.0025653923761476956,
    "28": 0.0013560134961552806,
    "29": 0.001722414184790169,
    "3": 0.03277832323609147,
    "30": 0.0011883455621262428,
    "31": 0.007162244074885307,
    "32": 0.004825519413551006,
    "33": 0.0040017571676584165,
    "34": 0.002784703899156781,
    "4": 0.02813370355821639,
    "5": 0.01879361012446157,
    "6": 0.017132117338510843,
    "7": 0.09170360684089446,
    "8": 0.006386529912579566,
    "9": 0.0017538928901218273
  },
  "flows_b": {
    "1": 0.1469999998807907,
    "10": 0.012258269112301375,
    "12": 0.0645868024976168,
    "13": 0.04339197138461579,
    "14": 0.032388121760408145,
    "15": 0.025346545471101052,
    "16": 0.019579763536353496,
    "17": 0.012119473862790395,
    "18": 0.02423811963614007,
    "19": 0.0009583340315831968,
    "2": 0.12961155085712733,
    "20": 0.010958704505530662,
    "21": 0.0016566292713421599,
    "22": 0.017483487393139693,
    "23": 0.012660311095826627,
    "24": 0.0043346207078953135,
    "25": 0.004623430861364043,
    "26": 0.008665087517009593,
    "27": 0.0016145551306556009,
    "28": 0.0022903990005353927,
    "29": 0.0008522643601670353,
    "3": 0.03277838526747418,
    "30": 0.0021653147497389265,
    "31": 0.007014228503690039,
    "32": 0.005185231720357919,
    "33": 0.00345264404121422,
    "34": 0.0032997473635858845,
    "4": 0.029331219489451044,
    "5": 0.01928896758275087,
    "6": 0.015506706717786926,
    "7": 0.09683213675534565,
    "8": 0.005943322944549499,
    "9": -0.0005452239918005209
  },
  "heads_a": {
    "10": 98.6390565839378,
    "11": 98.55437814322228,
    "12": 98.43167308198305,
    "13": 98.23871113762432,
    "14": 98.06252808943327,
    "15": 99.09898536624769,
    "16": 98.11402329462003,
    "17": 97.90155619279136,
    "18": 99.05650832654615,
    "19": 98.5148903326156,
    "20": 98.2306796199396,
    "21": 98.10114696926557,
    "22": 97.86418666253516,
    "23": 98.90971101471673,
    "24": 98.49897664255698,
    "25": 98.22021579346563,
    "26": 98.06253946163729,
    "27": 100.0,
    "3": 99.86548845892499,
    "4": 99.54822452341877,
    "5": 99.48462513724611,
    "6": 99.03652529485714,
    "7": 98.56547679128641,
    "8": 98.20824932307585,
    "9": 99.18440326478394
  },
  "heads_b": {
    "10": 98.67872217431366,
    "11": 98.5741656876643,
    "12": 98.47605607725093,
    "13": 98.23181384567866,
    "14": 97.99509415261522,
    "15": 99.10235549532275,
    "16": 98.11402329462001,
    "17": 97.93258407238896,
    "18": 99.05059281600258,
    "19": 98.53583565658235,
    "20": 98.23824675060717,
    "21": 98.10114696926556,
    "22": 97.8190545989319,
    "23": 98.92423784807447,
    "24": 98.52908521800211,
    "25": 98.21062234003361,
    "26": 98.09065713570091,
    "27": 100.0,
    "3": 99.86548845892499,
    "4": 99.57428496033616,
    "5": 99.51068535125893,
    "6": 99.02662229199443,
    "7": 98.53232190478838,
    "8": 98.23531328857453,
    "9": 99.17188626009464
  },
  "max_violation": 0.0,
  "min_demand_viol": 2.883430749822762e-08,
  "norm": 2.0,
  "objective": 0.0007065258257502178,
  "p": 2,
  "radius": 0.026580553526031357,
  "solver_status": "HxSolutionStatus.OPTIMAL"
}