{
  "best_bound": null,
  "demands_a": {
    "10": 0.004065796053979248,
    "11": 0.01100385801529015,
    "12": 0.007041562460148084,
    "13": 0.015898819031027876,
    "14": 0.010601645509858443,
    "15": 0.007460328238161727,
    "16": 0.006043860209902606,
    "17": 0.004067410551310224,
    "18": 0.0034544938106460376,
    "19": 0.005140019708013269,
    "20": 0.0014165315408051979,
    "21": 0.012297785206852842,
    "22": 0.005444209625949252,
    "23": 0.0014923058102584968,
    "24": 0.003601934066904988,
    "25": 0.003974487340635685,
    "26": 0.0010741057880548593,
    "27": -0.14699999988079074,
    "3": 0.01751531506797041,
    "4": 1.044199061966955e-06,
    "5": 0.00488906164446825,
    "6": 0.004116080660943641,
    "7": 0.0037701958942719938,
    "8": 0.002703219434340931,
    "9": 0.00992593001193455
  },
  "demands_b": {
    "10": 0.012286327097883853,
    "11": 0.002176020848658436,
    "12": 0.014228307430418575,
    "13": 0.0072896892417247065,
    "14": 0.006597840302647557,
    "15": 0.0109884687335608,
    "16": 0.00936111359252711,
    "17": 0.006472884530752879,
    "18": 0.001496350222377929,
    "19": 0.0028482657145284633,
    "20": 0.0039065777183358436,
    "21": 0.009391499660315893,
    "22": 0.003973131861588469,
    "23": 0.0023821442304242744,
    "24": 0.004753683156648623,
    "25": 0.0021798154960388765,
    "26": 0.002630317280971513,
    "27": -0.1469999998807907,
    "3": 0.011248956581159958,
    "4": 0.011269068293719875,
    "5": 0.005021596830926962,
    "6": 0.0027146607426921897,
    "7": 0.0015630584655260925,
    "8": 0.009527339880698349,
    "9": 0.0026928819666634796
  },
  "flows_a": {
    "1": 0.1469999998807907,
    "10": 0.01225825627364089,
    "12": 0.06575782662719268,
    "13": 0.043391982833441825,
    "14": 0.032388124818151676,
    "15": 0.02534656235800359,
    "16": 0.01957979970286432,
    "17": 0.012119471464702594,
    "18": 0.024238086667525614,
    "19": 0.0009583172099957941,
    "2": 0.1294846848128203,
    "20": 0.0109512919733186,
    "21": 0.0016566107637824468,
    "22": 0.01748351719405012,
    "23": 0.012818029142583367,
    "24": 0.004907431763415994,
    "25": 0.004576098957954978,
    "26": 0.008664977654056556,
    "27": 0.0016145497654622236,
    "28": 0.0022906393006657598,
    "29": 0.0008515767411915397,
    "3": 0.034220084271766794,
    "30": 0.0021652991704272013,
    "31": 0.0071726718437980595,
    "32": 0.005185287542355295,
    "33": 0.0035014395023853697,
    "34": 0.0032789104555220505,
    "4": 0.029331022627298545,
    "5": 0.019276903038600902,
    "6": 0.015506707144328908,
    "7": 0.09526355634199155,
    "8": 0.005938038927754,
    "9": -0.0005452314363470874
  },
  "flows_b": {
    "1": 0.1469999998807907,
    "10": 0.009358678354707528,
    "12": 0.06712996691205203,
    "13": 0.03872229168292588,
    "14": 0.036546270834267446,
    "15": 0.02231796340384887,
    "16": 0.02188082424139888,
    "17": 0.01089235550783808,
    "18": 0.02246821728167205,
    "19": -0.0010803531343330053,
    "2": 0.13575104329963075,
    "20": 0.012194019488606768,
    "21": 0.0027608380520599703,
    "22": 0.017054598454501857,
    "23": 0.012872285610039183,
    "24": 0.002832905896079659,
    "25": 0.004900461152574281,
    "26": 0.009396005285460151,
    "27": 0.0025653531126417304,
    "28": 0.0013560882604598356,
    "29": 0.0014132306932286658,
    "3": 0.03277830188579649,
    "30": 0.0011884146738813728,
    "31": 0.007013861055035877,
    "32": 0.004825531011028984,
    "33": 0.004001803775449944,
    "34": 0.0027847171877070967,
    "4": 0.027756705054869525,
    "5": 0.01869517516174758,
    "6": 0.017132116696221486,
    "7": 0.09170367312011439,
    "8": 0.006346869150429756,
    "9": 0.00175390153918439
  },
  "heads_a": {
    "10": 98.67455120052283,
    "11": 98.5699946627846,
    "12": 98.47188503522422,
    "13": 98.22764250230692,
    "14": 97.99092336316158,
    "15": 99.11487170396069,
    "16": 98.10999946556677,
    "17": 97.9284145805007,
    "18": 99.0631090438144,
    "19": 98.53166504277193,
    "20": 98.23407519740086,
    "21": 98.09379552645078,
    "22": 97.81488662849809,
    "23": 98.93675704553142,
    "24": 98.524914646875,
    "25": 98.20644541945535,
    "26": 98.08332136570539,
    "27": 100.0,
    "3": 99.86548845892499,
    "4": 99.57481262514176,
    "5": 99.50593552665464,
    "6": 99.02187848433424,
    "7": 98.52815066393086,
    "8": 98.23114203279711,
    "9": 99.18440270656126
  },
  "heads_b": {
    "10": 98.65467306901856,
    "11": 98.56999466278461,
    "12": 98.44728960054655,
    "13": 98.25432776058241,
    "14": 98.07814333961178,
    "15": 99.09898506944108,
    "16": 98.11077207168276,
    "17": 97.91717052069481,
    "18": 99.0565080145157,
    "19": 98.5305066035443,
    "20": 98.24629617058592,
    "21": 98.10491483971617,
    "22": 97.8797969992954,
    "23": 98.90970745565987,
    "24": 98.51459336767573,
    "25": 98.23583127816875,
    "26": 98.07815155110339,
    "27": 100.0,
    "3": 99.86548845892499,
    "4": 99.54822445217987,
    "5": 99.48462514273669,
    "6": 99.04758238319373,
    "7": 98.5810931113243,
    "8": 98.22386566817636,
    "9": 99.18440270656127
  },
  "max_violation": 0.0,
  "min_demand_viol": 4.4199061966955045e-08,
  "norm": 2.0,
  "objective": 0.0006221755215430837,
  "p": 2,
  "radius": 0.024943446464814827,
  "solver_status": "HxSolutionStatus.OPTIMAL"
}