{
  "best_bound": null,
  "demands_a": {
    "1": 0.13321639527200382,
    "2": 0.10632314074645555,
    "3": 0.07119144176769077,
    "4": 0.1074580219217719,
    "5": 0.3314942667619228,
    "6": 0.3703167382985266,
    "7": -1.1200000047683714
  },
  "demands_b": {
    "1": 0.20000002160668373,
    "2": 0.09999996423721313,
    "3": 0.10000002384185791,
    "4": 0.11999998986721039,
    "5": 0.26999999582767487,
    "6": 0.33000000938773155,
    "7": -1.1200000047683716
  },
  "flows_a": {
    "1": 1.1200000047683716,
    "2": 0.446221880273047,
    "3": 0.5674549837488689,
    "4": 0.1681672053713924,
    "5": 0.29182975645570464,
    "6": 0.07848698184282202,
    "7": 0.3750304385053562,
    "8": 0.21170337711482584
  },
  "flows_b": {
    "1": 1.1200000047683716,
    "2": 0.4545355270863106,
    "3": 0.5654645134448478,
    "4": 0.15276744360218572,
    "5": 0.2926970799754517,
    "6": 0.037302929412279834,
    "7": 0.3545355032444527,
    "8": 0.23730295101896356
  },
  "heads_a": {
    "1": 207.82402284489888,
    "2": 208.3993620394407,
    "3": 208.10821691138239,
    "4": 207.94497879229408,
    "5": 207.89720230323877,
    "6": 207.81237336490858,
    "7": 210.0
  },
  "heads_b": {
    "1": 207.81752766203098,
    "2": 208.3993620394407,
    "3": 208.09809129587055,
    "4": 207.9479261851134,
    "5": 207.9079348048752,
    "6": 207.81458994978962,
    "7": 210.0
  },
  "max_violation": 0.0,
  "min_demand_viol": 0.07119044176769077,
  "norm": 2.0,
  "objective": 0.010894254656446846,
  "p": 0,
  "radius": 0.10437554625699856,
  "solver_status": "HxSolutionStatus.OPTIMAL"
}