{
  "C_bounds": {
    "1": 1.1200000047683716,
    "2": 0.4585840106010437,
    "3": 0.5764147639274597,
    "4": 0.1621031016111374,
    "5": 0.3076257109642029,
    "6": 0.0626823827624321,
    "7": 0.3666263520717621,
    "8": 0.2506703734397888
  },
  "c_bounds": {
    "1": 1.1200000047683716,
    "2": 0.4494941532611847,
    "3": 0.5602670907974243,
    "4": 0.14461097121238708,
    "5": 0.2794540822505951,
    "6": 0.022551340982317924,
    "7": 0.34912824630737305,
    "8": 0.22215065360069275
  }
}