{
  "best_bound": null,
  "demands_a": {
    "1": 0.15946829746899832,
    "2": 0.10410746618531141,
    "3": 0.08286783304431006,
    "4": 0.11279956475412711,
    "5": 0.3065787677849242,
    "6": 0.3541780755307005,
    "7": -1.1200000047683716
  },
  "demands_b": {
    "1": 0.22811901182119684,
    "2": 0.09357746778856857,
    "3": 0.10945573244187412,
    "4": 0.1258073174675135,
    "5": 0.2430688704359788,
    "6": 0.3199716048132397,
    "7": -1.1200000047683716
  },
  "flows_a": {
    "1": 1.1200000047683716,
    "2": 0.4494941798776148,
    "3": 0.5663983587054454,
    "4": 0.16210308807461515,
    "5": 0.29149570587670315,
    "6": 0.06268236965399739,
    "7": 0.36662634683330475,
    "8": 0.2221506671229957
  },
  "flows_b": {
    "1": 1.1200000047683716,
    "2": 0.4585839844282468,
    "3": 0.5678385525515561,
    "4": 0.1446109852895945,
    "5": 0.2974202497944481,
    "6": 0.02255135501879161,
    "7": 0.3491282519863727,
    "8": 0.25067036683998845
  },
  "heads_a": {
    "1": 207.821901693881,
    "2": 208.3993620394407,
    "3": 208.1042504169885,
    "4": 207.94654449082427,
    "5": 207.9019095671152,
    "6": 207.8142200419752,
    "7": 210.0
  },
  "heads_b": {
    "1": 207.8082181126338,
    "2": 208.3993620394407,
    "3": 208.09310286819814,
    "4": 207.94440980819527,
    "5": 207.9082826241945,
    "6": 207.8070614224246,
    "7": 210.0
  },
  "max_violation": 0.0,
  "min_demand_viol": 0.08286683304431006,
  "norm": 2,
  "objective": 0.010903509172548247,
  "p": 0,
  "radius": 0.10441986962522147,
  "solver_status": "HxSolutionStatus.OPTIMAL"
}