{
  "C_bounds": {
    "1": 1.4689825117588042,
    "2": 0.5983820080757138,
    "3": 0.7564580053091046,
    "4": 0.236099436879158,
    "5": 0.4270080685615539,
    "6": 0.1393392898142337,
    "7": 0.49133890569210037,
    "8": 0.3346064567565918
  },
  "c_bounds": {
    "1": 0.9430779069662094,
    "2": 0.3764016926288605,
    "3": 0.4695601031184196,
    "4": 0.10510647557675838,
    "5": 0.22190760672092438,
    "6": -0.040167107619345194,
    "7": 0.28180124163627623,
    "8": 0.1515893518924713
  }
}