{
  "demands_a": {
    "1": 0.3747735665761783,
    "2": 0.10583530931045226,
    "3": 0.028889984869784946,
    "4": 0.007754057991528507,
    "5": 0.37590258773831225,
    "6": 0.3821146549633347,
    "7": -1.275270161449591
  },
  "demands_b": {
    "1": 0.2908843702356582,
    "2": 0.10583530931044871,
    "3": 0.027120082176607663,
    "4": 6.186138424391086e-05,
    "5": 0.38316156906419785,
    "6": 0.4682069692784345,
    "7": -1.275270161449591
  },
  "flows_a": {
    "1": 1.275270161449591,
    "2": 0.506265478822206,
    "3": 0.6631693733169327,
    "4": 0.23313354967287475,
    "5": 0.42228176565252945,
    "6": -0.04016711068919477,
    "7": 0.477375493952421,
    "8": 0.3346064558869835
  },
  "flows_b": {
    "1": 1.275270161449591,
    "2": 0.5062654788222057,
    "3": 0.6631693733169364,
    "4": 0.23609943418112608,
    "5": 0.4270080777515664,
    "6": 0.041198891526868106,
    "7": 0.4791453966455981,
    "8": 0.33208326176252634
  },
  "heads_a": {
    "1": 207.09503173828125,
    "2": 207.96490498357338,
    "3": 207.59718322753906,
    "4": 207.35865783691406,
    "5": 207.26117115968646,
    "6": 207.09789222140856,
    "7": 210.0
  },
  "heads_b": {
    "1": 207.09503173828125,
    "2": 207.96490498357338,
    "3": 207.59718322753906,
    "4": 207.35865783691406,
    "5": 207.25867496483292,
    "6": 207.0920224120767,
    "7": 210.0
  },
  "max_violation": 0.0,
  "min_demand_viol": 0.007754057991528507,
  "norm": 2,
  "p": 3,
  "radius": 0.12068255508094888
}