{
  "best_radius": 0.12068255508094888,
  "norm": 2,
  "runs": [
    {
      "max_violation": 0.0,
      "min_demand_viol": 6.186138423791565e-05,
      "radius": 0.12068255508082715,
      "run": 0,
      "start_flows": {
        "1": 1.2815567346722234,
        "2": 0.49966009907100006,
        "3": 0.6951903973155601,
        "4": 0.23958308398718306,
        "5": 0.39790436546311336,
        "6": 0.02629140255081603,
        "7": 0.5432923941102775,
        "8": 0.38094190984632004
      },
      "start_heads": {
        "1": 207.08409215508462,
        "2": 207.9297180233659,
        "3": 207.53391215398676,
        "4": 207.3274941137872,
        "5": 207.2622274896685,
        "6": 206.97866064694406,
        "7": 209.93770445263735
      },
      "success": true
    },
    {
      "max_violation": 0.0,
      "min_demand_viol": 0.00775405799153861,
      "radius": 0.12068255508080794,
      "run": 1,
      "start_flows": {
        "1": 1.2386568558823812,
        "2": 0.4790523930926997,
        "3": 0.6473542569749383,
        "4": 0.25491960494823773,
        "5": 0.4768135025933028,
        "6": 0.0017849166581400764,
        "7": 0.5464155653812549,
        "8": 0.3003281280155273
      },
      "start_heads": {
        "1": 207.0721454469979,
        "2": 207.9824802886609,
        "3": 207.64235673662165,
        "4": 207.3633584518021,
        "5": 207.22298622823345,
        "6": 207.04882591686308,
        "7": 210.0110097561735
      },
      "success": true
    },
    {
      "max_violation": 0.0,
      "min_demand_viol": 0.007754057991504193,
      "radius": 0.12068255508093158,
      "run": 2,
      "start_flows": {
        "1": 1.224789314440617,
        "2": 0.49580656349197955,
        "3": 0.6552080142976721,
        "4": 0.2613803573638215,
        "5": 0.43542079024648594,
        "6": 0.025980285257337858,
        "7": 0.4454009613828536,
        "8": 0.32710718000521943
      },
      "start_heads": {
        "1": 207.13409730831629,
        "2": 208.00410355865932,
        "3": 207.6718547848001,
        "4": 207.29570456030885,
        "5": 207.3358573794381,
        "6": 207.16220595686514,
        "7": 210.01322278151648
      },
      "success": true
    },
    {
      "max_violation": 0.0,
      "min_demand_viol": 6.186138424824073e-05,
      "radius": 0.12068255508094314,
      "run": 3,
      "start_flows": {
        "1": 1.2595740828907322,
        "2": 0.5791663764124131,
        "3": 0.7611821806158943,
        "4": 0.32441982162283733,
        "5": 0.4904430223578874,
        "6": 0.02608067033828959,
        "7": 0.41767646023966204,
        "8": 0.3333651550338538
      },
      "start_heads": {
        "1": 207.03582583994339,
        "2": 207.99772853191007,
        "3": 207.53276515435158,
        "4": 207.37841393992315,
        "5": 207.28165437544226,
        "6": 207.12971432187416,
        "7": 209.96691487139805
      },
      "success": true
    },
    {
      "max_violation": 0.0,
      "min_demand_viol": 0.007754057991528507,
      "radius": 0.12068255508094888,
      "run": 4,
      "start_flows": {
        "1": 1.2534484612603927,
        "2": 0.447775246846922,
        "3": 0.7501376586499027,
        "4": 0.20954254170742348,
        "5": 0.441136315594179,
        "6": -0.0047169774683544115,
        "7": 0.5572660357938768,
        "8": 0.3996059110439499
      },
      "start_heads": {
        "1": 207.06413638604587,
        "2": 207.99657241629748,
        "3": 207.48700773350674,
        "4": 207.36125928562706,
        "5": 207.29434550023998,
        "6": 207.14511026446812,
        "7": 210.0911005681664
      },
      "success": true
    },
    {
      "max_violation": 0.0,
      "min_demand_viol": 6.186138424846277e-05,
      "radius": 0.12068255508067492,
      "run": 5,
      "start_flows": {
        "1": 1.209248675116889,
        "2": 0.47318894114480425,
        "3": 0.7099217641990971,
        "4": 0.23679080882079667,
        "5": 0.5248074633034316,
        "6": 0.017637609430965068,
        "7": 0.4464326873441593,
        "8": 0.3147096864282175
      },
      "start_heads": {
        "1": 207.05730144871825,
        "2": 207.9103474792753,
        "3": 207.53329921921974,
        "4": 207.39017841145247,
        "5": 207.2892194813218,
        "6": 207.15964012664807,
        "7": 210.0844553726222
      },
      "success": true
    },
    {
      "max_violation": 0.0,
      "min_demand_viol": 0.007754057991488872,
      "radius": 0.12068255508074746,
      "run": 6,
      "start_flows": {
        "1": 1.2609008382271203,
        "2": 0.5849857561777945,
        "3": 0.6415299724342661,
        "4": 0.19756391351241734,
        "5": 0.43717710269910226,
        "6": 0.059784304048815406,
        "7": 0.4861428706895379,
        "8": 0.3043114204836911
      },
      "start_heads": {
        "1": 207.04131349536982,
        "2": 207.8978437994524,
        "3": 207.52710721679318,
        "4": 207.38379197940782,
        "5": 207.30964684236545,
        "6": 207.08669745604473,
        "7": 210.0436521076311
      },
      "success": true
    },
    {
      "max_violation": 0.0,
      "min_demand_viol": 0.007754057991529284,
      "radius": 0.12068255508092463,
      "run": 7,
      "start_flows": {
        "1": 1.211250526381825,
        "2": 0.47061193748260155,
        "3": 0.6942201574704009,
        "4": 0.12183101945080149,
        "5": 0.4440063139994842,
        "6": -0.02087039201513337,
        "7": 0.48355637672766133,
        "8": 0.3298027853788168
      },
      "start_heads": {
        "1": 207.13721837139641,
        "2": 207.97501050490845,
        "3": 207.6318918243744,
        "4": 207.32073934936915,
        "5": 207.33121029181675,
        "6": 207.13121687512339,
        "7": 210.05824319905554
      },
      "success": true
    },
    {
      "max_violation": 0.0,
      "min_demand_viol": 0.007754057991540053,
      "radius": 0.12068255508077054,
      "run": 8,
      "start_flows": {
        "1": 1.3146496347028471,
        "2": 0.5484692762644948,
        "3": 0.6669489453305403,
        "4": 0.16299938558004445,
        "5": 0.4179355791193182,
        "6": -0.030264082203493498,
        "7": 0.4069553034279999,
        "8": 0.3465105012355073
      },
      "start_heads": {
        "1": 207.1611546117696,
        "2": 207.93647731244886,
        "3": 207.5456930056385,
        "4": 207.30650778291047,
        "5": 207.2735820446866,
        "6": 207.11284578313453,
        "7": 209.9993042665738
      },
      "success": true
    },
    {
      "max_violation": 0.0,
      "min_demand_viol": 0.007754057991535279,
      "radius": 0.12068255508085186,
      "run": 9,
      "start_flows": {
        "1": 1.327362211578195,
        "2": 0.5763785835741912,
        "3": 0.7206775466008806,
        "4": 0.11607288281568237,
        "5": 0.48612202008134,
        "6": 0.02519265021777392,
        "7": 0.49928095949643797,
        "8": 0.35214923257667086
      },
      "start_heads": {
        "1": 207.0548451458552,
        "2": 207.9840426431698,
        "3": 207.61315393855168,
        "4": 207.34071217148713,
        "5": 207.16507942578235,
        "6": 207.08946644928065,
        "7": 210.0540081706269
      },
      "success": true
    }
  ],
  "unique_local_optima": 1
}