{
  "C_bounds": {
    "1": 0.18912002444267273,
    "10": 0.037094879895448685,
    "12": 0.019883129745721817,
    "14": 0.021436985582113266,
    "16": 0.014262482523918152,
    "18": 0.025614239275455475,
    "2": 0.08126632869243622,
    "20": 0.006846603937447071,
    "22": 0.016797976568341255,
    "24": 0.010511047206819057,
    "26": 0.020829951390624046,
    "28": 0.015310738235712051,
    "30": 0.019574880599975586,
    "32": 0.019740989431738853,
    "34": 0.028005842119455338,
    "36": 0.01881066896021366,
    "38": 0.018880587071180344,
    "4": 0.06550092995166779,
    "40": 0.0352771021425724,
    "42": 0.01329136360436678,
    "44": 0.016134459525346756,
    "46": 0.02026054821908474,
    "48": 0.007044963072985411,
    "50": 0.028059057891368866,
    "52": 0.017505863681435585,
    "54": 0.02289876528084278,
    "56": 0.015087492763996124,
    "58": 0.03019123151898384,
    "6": 0.03940384089946747,
    "60": 0.019592784345149994,
    "62": 0.009699055925011635,
    "64": 0.005495249759405851,
    "66": 0.004486588295549154,
    "68": 0.01480045635253191,
    "70": 0.013779793865978718,
    "72": 0.004793699365109205,
    "74": 0.023760538548231125,
    "76": 0.008544033393263817,
    "8": 0.002491282531991601
  },
  "c_bounds": {
    "1": 0.18912002444267273,
    "10": 0.03621004894375801,
    "12": 0.01969151757657528,
    "14": 0.020930293947458267,
    "16": 0.013912584632635117,
    "18": 0.025259651243686676,
    "2": 0.0807003304362297,
    "20": 0.00594573887065053,
    "22": 0.016077831387519836,
    "24": 0.009536479599773884,
    "26": 0.01894422248005867,
    "28": 0.014291252009570599,
    "30": 0.01899469830095768,
    "32": 0.01927671954035759,
    "34": 0.0273591261357069,
    "36": 0.018348271027207375,
    "38": 0.017696484923362732,
    "4": 0.06507140398025513,
    "40": 0.03409574180841446,
    "42": 0.011307762935757637,
    "44": 0.013517831452190876,
    "46": 0.018659140914678574,
    "48": 0.005763679277151823,
    "50": 0.027486592531204224,
    "52": 0.016400272026658058,
    "54": 0.016385603696107864,
    "56": 0.012008121237158775,
    "58": 0.024640610441565514,
    "6": 0.0390416719019413,
    "60": 0.014521673321723938,
    "62": 0.004098441917449236,
    "64": 0.004575498402118683,
    "66": 0.0043516443111002445,
    "68": 0.010593310929834843,
    "70": 0.009873676113784313,
    "72": 0.00036285450914874673,
    "74": 0.021433977410197258,
    "76": 0.0054750386625528336,
    "8": 0.0020796682219952345
  }
}