{
  "best_bound": null,
  "demands_a": {
    "10": 0.013387019066401863,
    "11": 0.0021760921449335766,
    "12": 0.01422828944846418,
    "13": 0.008085162276065835,
    "14": 0.006597820077496636,
    "15": 0.010988506336387526,
    "16": 0.008959140275334863,
    "17": 0.0065057219554024385,
    "18": 0.001496443045437357,
    "19": 0.0029966629092741115,
    "20": 0.002635249387197525,
    "21": 0.008710787506043392,
    "22": 0.004060800732796178,
    "23": 0.002233742639827377,
    "24": 0.004785992473557298,
    "25": 0.003327819091519085,
    "26": 0.0028878797174689526,
    "27": -0.1469999998807907,
    "3": 0.01124900876465515,
    "4": 0.011269078829265283,
    "5": 0.00464484842447814,
    "6": 0.0029533692174335546,
    "7": 0.0016614583430041956,
    "8": 0.009527356385403044,
    "9": 0.0016317508329431463
  },
  "demands_b": {
    "10": 0.002900233176471742,
    "11": 0.011003801041955752,
    "12": 0.00704157014386925,
    "13": 0.015624038761377437,
    "14": 0.010601647313732004,
    "15": 0.007460290461156824,
    "16": 0.006044309685025527,
    "17": 0.00406725232726648,
    "18": 0.0034544025260197196,
    "19": 0.005045350062234107,
    "20": 0.002865517848294417,
    "21": 0.012150252296123992,
    "22": 0.005444132928625213,
    "23": 0.0016508083545153296,
    "24": 0.003569249942772218,
    "25": 0.002704617238803442,
    "26": 0.0012860969095688018,
    "27": -0.1469999998807907,
    "3": 0.017387677334045115,
    "4": 1.040116967082616e-06,
    "5": 0.0034476683121718935,
    "6": 0.004098808719993026,
    "7": 0.0037823557025560943,
    "8": 0.0027032320453077643,
    "9": 0.012665646631937463
  },
  "flows_a": {
    "1": 0.1469999998807907,
    "10": 0.009358655579779322,
    "12": 0.06819097771155407,
    "13": 0.03872228335703957,
    "14": 0.03654619121210599,
    "15": 0.02231790176364181,
    "16": 0.021880860510467958,
    "17": 0.010892354174080432,
    "18": 0.02246820519431851,
    "19": -0.000686803967970019,
    "2": 0.13575099111613556,
    "20": 0.01179204089520693,
    "21": 0.0027608355022826865,
    "22": 0.01690623426054446,
    "23": 0.012670335809208831,
    "24": 0.0028329006198720653,
    "25": 0.005020969360331222,
    "26": 0.009395911128643075,
    "27": 0.0025653080244999404,
    "28": 0.002287453032108123,
    "29": 0.0017714795627062818,
    "3": 0.032778323231905104,
    "30": 0.0012760829072114696,
    "31": 0.007162168488815698,
    "32": 0.004941484039758341,
    "33": 0.0039011179803473787,
    "34": 0.002784717825584708,
    "4": 0.028133474807426964,
    "5": 0.018793575683787537,
    "6": 0.01713211734078334,
    "7": 0.09170358905496517,
    "8": 0.0063865299062058735,
    "9": 0.0017538946243990255
  },
  "flows_b": {
    "1": 0.1469999998807907,
    "10": 0.012258249555625973,
    "12": 0.06458698457090908,
    "13": 0.04339198969185538,
    "14": 0.032388188649899625,
    "15": 0.025346618506030375,
    "16": 0.01957976343029716,
    "17": 0.012119472969140335,
    "18": 0.024238110048834464,
    "19": 0.0006839589639132992,
    "2": 0.1296123225467456,
    "20": 0.010951763823293778,
    "21": 0.001656602241893968,
    "22": 0.01757813187546178,
    "23": 0.012670335809208831,
    "24": 0.004907454138268251,
    "25": 0.004575945283299828,
    "26": 0.008665070443120615,
    "27": 0.0016146281111385785,
    "28": 0.0013583192540452319,
    "29": 0.0008515923680532628,
    "3": 0.0327788877966348,
    "30": 0.0021652951979273163,
    "31": 0.007014262088605286,
    "32": 0.005059640256971646,
    "33": 0.003713342272213436,
    "34": 0.003278837730697897,
    "4": 0.029331219484462906,
    "5": 0.019289062418217373,
    "6": 0.015506706715661279,
    "7": 0.0968323946331437,
    "8": 0.005943348346252506,
    "9": -0.0005452251147275409
  },
  "heads_a": {
    "10": 98.63906348692412,
    "11": 98.55438511440752,
    "12": 98.43168054726426,
    "13": 98.23871969427528,
    "14": 98.06253615102189,
    "15": 99.09898565072758,
    "16": 98.10380502622168,
    "17": 97.90156360723842,
    "18": 99.0565086052264,
    "19": 98.51489714512819,
    "20": 98.23524871395259,
    "21": 98.09794781423412,
    "22": 97.8589241787377,
    "23": 98.90971076854856,
    "24": 98.49898442411819,
    "25": 98.2076900711164,
    "26": 98.05727881497432,
    "27": 100.0,
    "3": 99.86548845892499,
    "4": 99.54822467804556,
    "5": 99.48462529188795,
    "6": 99.03653219710884,
    "7": 98.56548529224078,
    "8": 98.20825782394245,
    "9": 99.18440355009375
  },
  "heads_b": {
    "10": 98.67871440389239,
    "11": 98.57415783554613,
    "12": 98.47604784987901,
    "13": 98.23180431491755,
    "14": 97.99508534496645,
    "15": 99.10235030035099,
    "16": 98.1141518904157,
    "17": 97.93257715361919,
    "18": 99.05058762809955,
    "19": 98.5358279908329,
    "20": 98.23524871395259,
    "21": 98.09794781423409,
    "22": 97.81904957867657,
    "23": 98.92423312126859,
    "24": 98.52907698713979,
    "25": 98.224751911655,
    "26": 98.08747329343109,
    "27": 100.0,
    "3": 99.86548845892499,
    "4": 99.57428174935599,
    "5": 99.51068033446907,
    "6": 99.02661727535703,
    "7": 98.53231238729988,
    "8": 98.23530377116144,
    "9": 99.17188106442538
  },
  "max_violation": 0.0,
  "min_demand_viol": 4.0116967082616074e-08,
  "norm": 2.0,
  "objective": 0.0007061186196457394,
  "p": 2,
  "radius": 0.026572892572050557,
  "solver_status": "HxSolutionStatus.OPTIMAL"
}