{
  "best_radius": 0.026572892572050557,
  "norm": 2.0,
  "runs": [
    {
      "max_violation": 0.0,
      "min_demand_viol": 4.0116967082616074e-08,
      "radius": 0.026572892572050557,
      "run": 0,
      "start_flows": {
        "1": 0.1469999998807907,
        "10": 0.011398491449654102,
        "12": 0.0657009482383728,
        "13": 0.04055875539779663,
        "14": 0.03405876085162163,
        "15": 0.024058757349848747,
        "16": 0.020494764670729637,
        "17": 0.011494765058159828,
        "18": 0.023227185010910034,
        "19": 0.00011901030666194856,
        "2": 0.13199999928474426,
        "20": 0.011498572304844856,
        "21": 0.002398490672931075,
        "22": 0.017226282507181168,
        "23": 0.012803521007299423,
        "24": 0.003998571541160345,
        "25": 0.005062521435320377,
        "26": 0.008994764648377895,
        "27": 0.002000903245061636,
        "28": 0.0018037507543340325,
        "29": 0.0012395705562084913,
        "3": 0.03380430117249489,
        "30": 0.0014610117068514228,
        "31": 0.006994764786213636,
        "32": 0.00499566737562418,
        "33": 0.003799418220296502,
        "34": 0.003038988448679447,
        "4": 0.028304297477006912,
        "5": 0.018719296902418137,
        "6": 0.01621929556131363,
        "7": 0.09319570660591125,
        "8": 0.006085003260523081,
        "9": 0.0006791951600462198
      },
      "start_heads": {
        "10": 98.68077850341797,
        "11": 98.58853912353516,
        "12": 98.48088836669922,
        "13": 98.25919342041016,
        "14": 98.04405212402344,
        "15": 99.114013671875,
        "16": 98.13047790527344,
        "17": 97.9200439453125,
        "18": 99.06710052490234,
        "19": 98.54877471923828,
        "20": 98.25933074951172,
        "21": 98.119384765625,
        "22": 97.86527252197266,
        "23": 98.9317398071289,
        "24": 98.53872680664062,
        "25": 98.24158477783203,
        "26": 98.09840393066406,
        "27": 100.0,
        "3": 99.86553192138672,
        "4": 99.56440734863281,
        "5": 99.4970932006836,
        "6": 99.04408264160156,
        "7": 98.57662200927734,
        "8": 98.25393676757812,
        "9": 99.18965911865234
      },
      "success": true
    }
  ],
  "unique_local_optima": 1
}