{
  "best_bound": null,
  "demands_a": {
    "1": 0.10020099580287933,
    "2": 0.12504126772806023,
    "3": 0.07970059288989684,
    "4": 0.08447959957138618,
    "5": 0.3407411985253177,
    "6": 0.3898363502508313,
    "7": -1.1200000047683716
  },
  "demands_b": {
    "1": 0.2703362759202719,
    "2": 0.1250412298749537,
    "3": 0.10113245310508123,
    "4": 0.1143683133333333,
    "5": 0.20395046472549438,
    "6": 0.3051712678092371,
    "7": -1.1200000047683716
  },
  "flows_a": {
    "1": 1.1200000047683716,
    "2": 0.44223544001579285,
    "3": 0.5527232970245185,
    "4": 0.17557385563850403,
    "5": 0.2926698418146283,
    "6": 0.097166508436203,
    "7": 0.362534847125896,
    "8": 0.19736750423908234
  },
  "flows_b": {
    "1": 1.1200000047683716,
    "2": 0.4422354406329285,
    "3": 0.5527233342604894,
    "4": 0.13220331072807312,
    "5": 0.30615171019908294,
    "6": -0.000980442389845848,
    "7": 0.3411029875278473,
    "8": 0.269355833530426
  },
  "heads_a": {
    "1": 207.85056933201702,
    "2": 208.3993620394407,
    "3": 208.113015662089,
    "4": 207.9665834684902,
    "5": 207.91483694192812,
    "6": 207.83327028938834,
    "7": 210.0
  },
  "heads_b": {
    "1": 207.82167065604867,
    "2": 208.3993620394407,
    "3": 208.113015662089,
    "4": 207.9665834684902,
    "5": 207.9359862654933,
    "6": 207.82167413345167,
    "7": 210.0
  },
  "max_violation": 0.0,
  "min_demand_viol": 0.07969959288989684,
  "norm": 2,
  "objective": 0.05617855442158794,
  "p": 2,
  "radius": 0.23702015615045893,
  "solver_status": "HxSolutionStatus.OPTIMAL"
}