{
  "best_bound": null,
  "demands_a": {
    "10": 0.0029833093042202496,
    "11": 0.011003845574454038,
    "12": 0.007041561306089655,
    "13": 0.015196840979867435,
    "14": 0.009582152371974023,
    "15": 0.007460302211089599,
    "16": 0.008820297214863942,
    "17": 0.00724191136944986,
    "18": 0.0034543863394079083,
    "19": 0.005140039251286928,
    "20": 0.001220613879488592,
    "21": 0.008345197664687342,
    "22": 0.004293008494026765,
    "23": 0.0016508568363727463,
    "24": 0.003443514881460192,
    "25": 0.0034788684143374823,
    "26": 0.0026399525766979525,
    "27": -0.14699999988079068,
    "3": 0.01751526478503243,
    "4": 1.0369171661306353e-06,
    "5": 0.005762061352580755,
    "6": 0.0029520777916478558,
    "7": 0.003972745963875066,
    "8": 0.0027032464471302923,
    "9": 0.011096907953583451
  },
  "demands_b": {
    "10": 0.013191538227428634,
    "11": 0.002176034617008833,
    "12": 0.0142283120479702,
    "13": 0.00810104986320072,
    "14": 0.007245686800044313,
    "15": 0.010988494478659433,
    "16": 0.00647531074209442,
    "17": 0.003994226910518681,
    "18": 0.0014964603874756382,
    "19": 0.0028482345933840032,
    "20": 0.004246572609476057,
    "21": 0.012541462390934502,
    "22": 0.00521519596356787,
    "23": 0.0022336505804971514,
    "24": 0.00490210837225167,
    "25": 0.002508233514307075,
    "26": 0.0014750327580375245,
    "27": -0.1469999998807907,
    "3": 0.011248957488028677,
    "4": 0.011269111138099294,
    "5": 0.00389753086737072,
    "6": 0.004381943059773102,
    "7": 0.0011760919039100794,
    "8": 0.009527369912825516,
    "9": 0.0016313906539265899
  },
  "flows_a": {
    "1": 0.1469999998807907,
    "10": 0.012258259621645897,
    "12": 0.0645868222552362,
    "13": 0.04339197391813194,
    "14": 0.0323881283436779,
    "15": 0.025346567037588245,
    "16": 0.0195797760715344,
    "17": 0.012119473860444801,
    "18": 0.024238118441249276,
    "19": 0.0009582912644716594,
    "2": 0.12948473509575828,
    "20": 0.01165323863518542,
    "21": 0.002676107249671874,
    "22": 0.01748351841229121,
    "23": 0.013014027650809714,
    "24": 0.0028329414203214776,
    "25": 0.005730046019910625,
    "26": 0.008665087521036893,
    "27": 0.0016145607776711357,
    "28": 0.0022905856175212454,
    "29": 0.0017717253865332265,
    "3": 0.0342201918982381,
    "30": 0.0011642419001326387,
    "31": 0.007014230684664146,
    "32": 0.005185276580875089,
    "33": 0.0039969937840588525,
    "34": 0.0031287665938941264,
    "4": 0.028458130545657344,
    "5": 0.019479473345644205,
    "6": 0.015506727381769139,
    "7": 0.09526350628035404,
    "8": 0.0060265794083652815,
    "9": -0.0005452213129929494
  },
  "flows_b": {
    "1": 0.1469999998807907,
    "10": 0.009358601526100999,
    "12": 0.0681914118869287,
    "13": 0.03872229802758617,
    "14": 0.03654626341057734,
    "15": 0.022317951362607138,
    "16": 0.021880847852104833,
    "17": 0.0108923533734454,
    "18": 0.0224681975956231,
    "19": -0.001080309846388738,
    "2": 0.13575104239276203,
    "20": 0.011382713281030667,
    "21": 0.0021129147260566857,
    "22": 0.01705457877824914,
    "23": 0.012532255664983937,
    "24": 0.004907402538936246,
    "25": 0.004046600985072997,
    "26": 0.009395892985969762,
    "27": 0.0025653842239899594,
    "28": 0.0013560603501778842,
    "29": 0.000851594827912684,
    "3": 0.032778280861702605,
    "30": 0.002165288800611001,
    "31": 0.0071622424054726104,
    "32": 0.0048255182572109,
    "33": 0.003673345093081709,
    "34": 0.0030499071629568686,
    "4": 0.028880749994331885,
    "5": 0.018308184970849583,
    "6": 0.017132093066939504,
    "7": 0.09170365039296013,
    "8": 0.006190621963709198,
    "9": 0.0017538783719870125
  },
  "heads_a": {
    "10": 98.6912385122894,
    "11": 98.58668201433412,
    "12": 98.48857236698827,
    "13": 98.2443297505385,
    "14": 98.00761037007392,
    "15": 99.11487203025588,
    "16": 98.11234164952648,
    "17": 97.85566738053151,
    "18": 99.06310935095435,
    "19": 98.54835200760365,
    "20": 98.25076212380642,
    "21": 98.10648428130771,
    "22": 97.81968948792759,
    "23": 98.93675438292026,
    "24": 98.54160152529894,
    "25": 98.22313354466091,
    "26": 98.0658048296035,
    "27": 100.0,
    "3": 99.86548845892499,
    "4": 99.57481241608704,
    "5": 99.50593491639914,
    "6": 99.0482182233776,
    "7": 98.54483851080647,
    "8": 98.2478291615915,
    "9": 99.18440287746839
  },
  "heads_b": {
    "10": 98.63905638375299,
    "11": 98.55437795182101,
    "12": 98.4316729357381,
    "13": 98.23871128854917,
    "14": 98.06252982681352,
    "15": 99.09898506961949,
    "16": 98.1123416495265,
    "17": 97.96443983217341,
    "18": 99.0565080299008,
    "19": 98.51489011972768,
    "20": 98.23068029402614,
    "21": 98.09613788888264,
    "22": 97.85091287842538,
    "23": 98.90971071818115,
    "24": 98.49897652332506,
    "25": 98.22021579794661,
    "26": 98.08566331204864,
    "27": 100.0,
    "3": 99.86548845892499,
    "4": 99.54822445610434,
    "5": 99.4846252222003,
    "6": 99.01424024796628,
    "7": 98.56547647190988,
    "8": 98.20824994098611,
    "9": 99.1844028774684
  },
  "max_violation": 0.0,
  "min_demand_viol": 3.691716613063538e-08,
  "norm": 2.0,
  "objective": 0.0006753021450079782,
  "p": 2,
  "radius": 0.025986576246361852,
  "solver_status": "HxSolutionStatus.OPTIMAL"
}