{
  "junctions": {
    "10": {
      "demand_a": 0.012389651435822657,
      "demand_b": 0.003226763912600669,
      "demand_lb": 1e-06,
      "head_a": 98.65075535960007,
      "head_a_tag": "",
      "head_b": 98.669476937886,
      "head_b_tag": "",
      "head_lb": 86.59928162241783,
      "head_ub": 113.40071837758217
    },
    "11": {
      "demand_a": 0.0021760390329334245,
      "demand_b": 0.011003836983449318,
      "demand_lb": 1e-06,
      "head_a": 98.56607683975993,
      "head_a_tag": "",
      "head_b": 98.56492054143354,
      "head_b_tag": "",
      "head_lb": 85.54316009208108,
      "head_ub": 114.45683990791892
    },
    "12": {
      "demand_a": 0.014171708848291654,
      "demand_b": 0.008591279021713093,
      "demand_lb": 1e-06,
      "head_a": 98.44337171616591,
      "head_a_tag": "",
      "head_b": 98.46681097349514,
      "head_b_tag": "",
      "head_lb": 84.33481739251032,
      "head_ub": 115.66518260748968
    },
    "13": {
      "demand_a": 0.008135935774959484,
      "demand_b": 0.013798742769055853,
      "demand_lb": 1e-06,
      "head_a": 98.24950245719735,
      "head_a_tag": "",
      "head_b": 98.24950245719737,
      "head_b_tag": "",
      "head_lb": 82.05642023912475,
      "head_ub": 117.94357976087525
    },
    "14": {
      "demand_a": 0.0065978007353524985,
      "demand_b": 0.01060164317752371,
      "demand_lb": 1e-06,
      "head_a": 98.07332019076236,
      "head_a_tag": "",
      "head_b": 98.01278457779723,
      "head_b_tag": "",
      "head_lb": 78.36141323779582,
      "head_ub": 121.63858676220418
    },
    "15": {
      "demand_a": 0.01098849972504312,
      "demand_b": 0.007460297195542278,
      "demand_lb": 1e-06,
      "head_a": 99.09898590071536,
      "head_a_tag": "",
      "head_b": 99.09313902429736,
      "head_b_tag": "",
      "head_lb": 91.7092797959201,
      "head_ub": 108.2907202040799
    },
    "16": {
      "demand_a": 0.008571489070544898,
      "demand_b": 0.006594179767076756,
      "demand_lb": 1e-06,
      "head_a": 98.12268661777362,
      "head_a_tag": "",
      "head_b": 98.120676456935,
      "head_b_tag": "",
      "head_lb": 80.45195379991088,
      "head_ub": 119.54804620008912
    },
    "17": {
      "demand_a": 0.006728277304246571,
      "demand_b": 0.0038975314550947337,
      "demand_lb": 1e-06,
      "head_a": 97.91235035085451,
      "head_a_tag": "",
      "head_b": 97.95027820586218,
      "head_b_tag": "",
      "head_lb": 76.27685648606263,
      "head_ub": 123.72314351393737
    },
    "18": {
      "demand_a": 0.0014964012809502904,
      "demand_b": 0.0034544437862535464,
      "demand_lb": 1e-06,
      "head_a": 99.05650884987703,
      "head_a_tag": "",
      "head_b": 99.04137635886568,
      "head_b_tag": "",
      "head_lb": 91.21616132819784,
      "head_ub": 108.78383867180216
    },
    "19": {
      "demand_a": 0.0028186985148561487,
      "demand_b": 0.006013230578642316,
      "demand_lb": 1e-06,
      "head_a": 98.5265897407123,
      "head_a_tag": "",
      "head_b": 98.5265897407123,
      "head_b_tag": "",
      "head_lb": 85.09107641733966,
      "head_ub": 114.90892358266034
    },
    "20": {
      "demand_a": 0.004782922481610087,
      "demand_b": 1.378425824108409e-06,
      "demand_lb": 1e-06,
      "head_a": 98.24147082480594,
      "head_a_tag": "",
      "head_b": 98.25593523163111,
      "head_b_tag": "",
      "head_lb": 81.95592940539649,
      "head_ub": 118.04407059460351
    },
    "21": {
      "demand_a": 0.007954919464755492,
      "demand_b": 0.013009719481689812,
      "demand_lb": 1e-06,
      "head_a": 98.11682942305491,
      "head_a_tag": "",
      "head_b": 98.10447233934866,
      "head_b_tag": "",
      "head_lb": 80.29368313429404,
      "head_ub": 119.70631686570596
    },
    "22": {
      "demand_a": 0.003959658602790637,
      "demand_b": 0.005369740977874582,
      "demand_lb": 1e-06,
      "head_a": 97.87637404099176,
      "head_a_tag": "",
      "head_b": 97.83674863264729,
      "head_b_tag": "",
      "head_lb": 75.36701637652837,
      "head_ub": 124.63298362347163
    },
    "23": {
      "demand_a": 0.002344606555418925,
      "demand_b": 0.001650505152532799,
      "demand_lb": 1e-06,
      "head_a": 98.90970978341376,
      "head_a_tag": "",
      "head_b": 98.91502298967177,
      "head_b_tag": "",
      "head_lb": 89.28563267090023,
      "head_ub": 110.71436732909977
    },
    "24": {
      "demand_a": 0.004782783657939909,
      "demand_b": 0.003685347886660878,
      "demand_lb": 1e-06,
      "head_a": 98.51067569549107,
      "head_a_tag": "",
      "head_b": 98.51983961620094,
      "head_b_tag": "",
      "head_lb": 84.91835360074052,
      "head_ub": 115.08164639925948
    },
    "25": {
      "demand_a": 0.0022268763874289813,
      "demand_b": 0.003564685679629156,
      "demand_lb": 1e-06,
      "head_a": 98.23100828334226,
      "head_a_tag": "",
      "head_b": 98.22830440200514,
      "head_b_tag": "",
      "head_lb": 81.56952160812698,
      "head_ub": 118.43047839187302
    },
    "26": {
      "demand_a": 0.00293940797501579,
      "demand_b": 0.0013167841293469469,
      "demand_lb": 1e-06,
      "head_a": 98.07614601496425,
      "head_a_tag": "",
      "head_b": 98.09399949483681,
      "head_b_tag": "",
      "head_lb": 79.74597586422558,
      "head_ub": 120.25402413577442
    },
    "3": {
      "demand_a": 0.011249057586759065,
      "demand_b": 0.015189854002079867,
      "demand_lb": 1e-06,
      "head_a": 99.86548845892499,
      "head_a_tag": "",
      "head_b": 99.86548845892499,
      "head_b_tag": "",
      "head_lb": 98.86528131212901,
      "head_ub": 101.13471868787099
    },
    "4": {
      "demand_a": 0.011269080777588258,
      "demand_b": 1.0559857981096155e-06,
      "demand_lb": 1e-06,
      "head_a": 99.54822488936286,
      "head_a_tag": "",
      "head_b": 99.56507063522736,
      "head_b_tag": "",
      "head_lb": 96.22023709746742,
      "head_ub": 103.77976290253258
    },
    "5": {
      "demand_a": 0.004256899604321473,
      "demand_b": 0.007120491901034427,
      "demand_lb": 1e-06,
      "head_a": 99.48462568749409,
      "head_a_tag": "",
      "head_b": 99.49334668294779,
      "head_b_tag": "",
      "head_lb": 95.64820714338538,
      "head_ub": 104.35179285661462
    },
    "6": {
      "demand_a": 0.004030830216234703,
      "demand_b": 0.0021085512245335516,
      "demand_lb": 1e-06,
      "head_a": 99.02502340910236,
      "head_a_tag": "",
      "head_b": 99.05339852966407,
      "head_b_tag": "",
      "head_lb": 89.48828179556567,
      "head_ub": 110.51171820443433
    },
    "7": {
      "demand_a": 0.001176066241293329,
      "demand_b": 0.003972779862639081,
      "demand_lb": 1e-06,
      "head_a": 98.57626421122477,
      "head_a_tag": "",
      "head_b": 98.55001378524965,
      "head_b_tag": "",
      "head_lb": 83.45901484936377,
      "head_ub": 116.54098515063623
    },
    "8": {
      "demand_a": 0.009527301399905872,
      "demand_b": 0.0027033544992399374,
      "demand_lb": 1e-06,
      "head_a": 98.21904058382918,
      "head_a_tag": "",
      "head_b": 98.25300190896736,
      "head_b_tag": "",
      "head_lb": 81.64697482475928,
      "head_ub": 118.35302517524072
    },
    "9": {
      "demand_a": 0.002425087206727447,
      "demand_b": 0.012663802024955165,
      "demand_lb": 1e-06,
      "head_a": 99.18440375762883,
      "head_a_tag": "",
      "head_b": 99.16266982699416,
      "head_b_tag": "",
      "head_lb": 92.48894338194484,
      "head_ub": 107.51105661805516
    }
  },
  "metadata": {
    "DEMAND_LB": 1e-06,
    "DEMAND_RESTRICTION_MODE": null,
    "DEVIATION_ALPHA": null,
    "FIX_TOTAL_DEMAND": true,
    "GLOBAL_SOLVER": null,
    "HEADLOSS_MODEL": "hw",
    "MEASUREMENT_HEADS_EQUAL_ONLY": true,
    "MEASUREMENT_SITES": [
      "13",
      "19"
    ],
    "MULTI_STARTS": 1,
    "MULTI_START_NOISE": 0.05,
    "MULTI_START_NOISE_REL": 0.25,
    "NORM": 2.0,