{
  "junctions": {
    "10": {
      "demand_a": 0.002900062755743768,
      "demand_b": 0.013387433764909452,
      "demand_lb": 1e-06,
      "head_a": 98.67871953117233,
      "head_a_tag": "",
      "head_b": 98.63905711245911,
      "head_b_tag": "",
      "head_lb": 86.59928162241783,
      "head_ub": 113.40071837758217
    },
    "11": {
      "demand_a": 0.011003842368662767,
      "demand_b": 0.0021760391250433067,
      "demand_lb": 1e-06,
      "head_a": 98.57416301362426,
      "head_a_tag": "",
      "head_b": 98.55437869726418,
      "head_b_tag": "",
      "head_lb": 85.54316009208108,
      "head_ub": 114.45683990791892
    },
    "12": {
      "demand_a": 0.007041549356976675,
      "demand_b": 0.014228321969578163,
      "demand_lb": 1e-06,
      "head_a": 98.47605332366285,
      "head_a_tag": "",
      "head_b": 98.43167373491009,
      "head_b_tag": "",
      "head_lb": 84.33481739251032,
      "head_ub": 115.66518260748968
    },
    "13": {
      "demand_a": 0.015887575181031607,
      "demand_b": 0.008179175895384595,
      "demand_lb": 1e-06,
      "head_a": 98.23181035840383,
      "head_a_tag": "",
      "head_b": 98.23871238494834,
      "head_b_tag": "",
      "head_lb": 82.05642023912475,
      "head_ub": 117.94357976087525
    },
    "14": {
      "demand_a": 0.009719453055059587,
      "demand_b": 0.007264382212182606,
      "demand_lb": 1e-06,
      "head_a": 97.99509085996687,
      "head_a_tag": "",
      "head_b": 98.06253129548335,
      "head_b_tag": "",
      "head_lb": 78.36141323779582,
      "head_ub": 121.63858676220418
    },
    "15": {
      "demand_a": 0.007460289672497169,
      "demand_b": 0.01098850702566851,
      "demand_lb": 1e-06,
      "head_a": 99.10235315275321,
      "head_a_tag": "",
      "head_b": 99.09898545951668,
      "head_b_tag": "",
      "head_lb": 91.7092797959201,
      "head_ub": 108.2907202040799
    },
    "16": {
      "demand_a": 0.008129574588284037,
      "demand_b": 0.006397171376029699,
      "demand_lb": 1e-06,
      "head_a": 98.11394403067142,
      "head_a_tag": "",
      "head_b": 98.11394403067142,
      "head_b_tag": "",
      "head_lb": 80.45195379991088,
      "head_ub": 119.54804620008912
    },
    "17": {
      "demand_a": 0.007104575949801731,
      "demand_b": 0.003975585939813021,
      "demand_lb": 1e-06,
      "head_a": 97.85726846038952,
      "head_a_tag": "",
      "head_b": 97.96604263293615,
      "head_b_tag": "",
      "head_lb": 76.27685648606263,
      "head_ub": 123.72314351393737
    },
    "18": {
      "demand_a": 0.003454386344915959,
      "demand_b": 0.0014964603824530812,
      "demand_lb": 1e-06,
      "head_a": 99.0505904734318,
      "head_a_tag": "",
      "head_b": 99.05650841981617,
      "head_b_tag": "",
      "head_lb": 91.21616132819784,
      "head_ub": 108.78383867180216
    },
    "19": {
      "demand_a": 0.005140024149973676,
      "demand_b": 0.002848248610485441,
      "demand_lb": 1e-06,
      "head_a": 98.53583302504374,
      "head_a_tag": "",
      "head_b": 98.51489085060904,
      "head_b_tag": "",
      "head_lb": 85.09107641733966,
      "head_ub": 114.90892358266034
    },
    "20": {
      "demand_a": 0.0019247060398602314,
      "demand_b": 0.004327312921395543,
      "demand_lb": 1e-06,
      "head_a": 98.2382425665158,
      "head_a_tag": "",
      "head_b": 98.23068160053995,
      "head_b_tag": "",
      "head_lb": 81.95592940539649,
      "head_ub": 118.04407059460351
    },
    "21": {
      "demand_a": 0.008177995408543557,
      "demand_b": 0.012459702421917275,
      "demand_lb": 1e-06,
      "head_a": 98.10808668313742,
      "head_a_tag": "",
      "head_b": 98.09774015927077,
      "head_b_tag": "",
      "head_lb": 80.29368313429404,
      "head_ub": 119.70631686570596
    },
    "22": {
      "demand_a": 0.00442681380292318,
      "demand_b": 0.005214914314043003,
      "demand_lb": 1e-06,
      "head_a": 97.82128746200448,
      "head_a_tag": "",
      "head_b": 97.85252219837619,
      "head_b_tag": "",
      "head_lb": 75.36701637652837,
      "head_ub": 124.63298362347163
    },
    "23": {
      "demand_a": 0.0016508560484053466,
      "demand_b": 0.002233653315804371,
      "demand_lb": 1e-06,
      "head_a": 98.92423550547609,
      "head_a_tag": "",
      "head_b": 98.90971110802188,
      "head_b_tag": "",
      "head_lb": 89.28563267090023,
      "head_ub": 110.71436732909977
    },
    "24": {
      "demand_a": 0.0034435022153675443,
      "demand_b": 0.004902118540830467,
      "demand_lb": 1e-06,
      "head_a": 98.52908256595562,
      "head_a_tag": "",
      "head_b": 98.498977203409,
      "head_b_tag": "",
      "head_lb": 84.91835360074052,
      "head_ub": 115.08164639925948
    },
    "25": {
      "demand_a": 0.003970664140363976,
      "demand_b": 0.0025315207994645833,
      "demand_lb": 1e-06,
      "head_a": 98.21061339638466,
      "head_a_tag": "",
      "head_b": 98.22021738525781,
      "head_b_tag": "",
      "head_lb": 81.56952160812698,
      "head_ub": 118.43047839187302
    },
    "26": {
      "demand_a": 0.0014775361646083333,
      "demand_b": 0.0014529641591615912,
      "demand_lb": 1e-06,
      "head_a": 98.08724205491316,
      "head_a_tag": "",
      "head_b": 98.08724205491318,
      "head_b_tag": "",
      "head_lb": 79.74597586422558,
      "head_ub": 120.25402413577442
    },
    "3": {
      "demand_a": 0.01738820721793244,
      "demand_b": 0.01124898233468924,
      "demand_lb": 1e-06,
      "head_a": 99.86548845892499,
      "head_a_tag": "",
      "head_b": 99.86548845892499,
      "head_b_tag": "",
      "head_lb": 98.86528131212901,
      "head_ub": 101.13471868787099
    },
    "4": {
      "demand_a": 1.031803815693122e-06,
      "demand_b": 0.01126909468956766,
      "demand_lb": 1e-06,
      "head_a": 99.57428395419063,
      "head_a_tag": "",
      "head_b": 99.54822456364843,
      "head_b_tag": "",
      "head_lb": 96.22023709746742,
      "head_ub": 103.77976290253258
    },
    "5": {
      "demand_a": 0.003447230973311885,
      "demand_b": 0.004644636212986414,
      "demand_lb": 1e-06,
      "head_a": 99.51068411086182,
      "head_a_tag": "",
      "head_b": 99.48462517747907,
      "head_b_tag": "",
      "head_lb": 95.64820714338538,
      "head_ub": 104.35179285661462
    },
    "6": {
      "demand_a": 0.004098867972511532,
      "demand_b": 0.0029535781469201723,
      "demand_lb": 1e-06,
      "head_a": 99.02662105178962,
      "head_a_tag": "",
      "head_b": 99.0365258228656,
      "head_b_tag": "",
      "head_lb": 89.48828179556567,
      "head_ub": 110.51171820443433
    },
    "7": {
      "demand_a": 0.0037823089104801044,
      "demand_b": 0.0016614616251324314,
      "demand_lb": 1e-06,
      "head_a": 98.53231838452147,
      "head_a_tag": "",
      "head_b": 98.56547876558771,
      "head_b_tag": "",
      "head_lb": 83.45901484936377,
      "head_ub": 116.54098515063623
    },
    "8": {
      "demand_a": 0.0027032226447089736,
      "demand_b": 0.00952739000738284,
      "demand_lb": 1e-06,
      "head_a": 98.23530976842379,
      "head_a_tag": "",
      "head_b": 98.2082512972422,
      "head_b_tag": "",
      "head_lb": 81.64697482475928,
      "head_ub": 118.35302517524072
    },
    "9": {
      "demand_a": 0.012665723115010935,
      "demand_b": 0.001631344089947237,
      "demand_lb": 1e-06,
      "head_a": 99.17188391751911,
      "head_a_tag": "",
      "head_b": 99.1844033580595,
      "head_b_tag": "",
      "head_lb": 92.48894338194484,
      "head_ub": 107.51105661805516
    }
  },
  "metadata": {
    "DEMAND_LB": 1e-06,
    "DEMAND_RESTRICTION_MODE": null,
    "DEVIATION_ALPHA": null,
    "FIX_TOTAL_DEMAND": true,
    "GLOBAL_SOLVER": null,
    "HEADLOSS_MODEL": "hw",
    "MEASUREMENT_HEADS_EQUAL_ONLY": true,
    "MEASUREMENT_SITES": [
      "16",
      "26"
    ],
    "MULTI_STARTS": 1,
    "MULTI_START_NOISE": 0.05,
    "MULTI_START_NOISE_REL": 0.25,
    "NORM": 2.0,