{
  "junctions": {
    "1": {
      "demand_a": 0.2703352408508095,
      "demand_b": 0.10020192277692838,
      "demand_lb": 1e-06,
      "head_a": 207.79390483021032,
      "head_a_tag": "",
      "head_b": 207.82621478337555,
      "head_b_tag": "",
      "head_lb": 193.4611532898627,
      "head_ub": 226.5388467101373
    },
    "2": {
      "demand_a": 0.08350708334239942,
      "demand_b": 0.10845694156869756,
      "demand_lb": 1e-06,
      "head_a": 208.3993620394407,
      "head_a_tag": "",
      "head_b": 208.3993620394407,
      "head_b_tag": "",
      "head_lb": 197.73885171300606,
      "head_ub": 222.26114828699394
    },
    "3": {
      "demand_a": 0.12379246640952363,
      "demand_b": 0.0562885106303016,
      "demand_lb": 1e-06,
      "head_a": 208.08525007149638,
      "head_a_tag": "",
      "head_b": 208.11301457472516,
      "head_b_tag": "",
      "head_lb": 195.62629393444394,
      "head_ub": 224.37370606555606
    },
    "4": {
      "demand_a": 0.13324136268423892,
      "demand_b": 0.10106371482513643,
      "demand_lb": 1e-06,
      "head_a": 207.93881750438538,
      "head_a_tag": "",
      "head_b": 207.94222891458816,
      "head_b_tag": "",
      "head_lb": 194.2896568934707,
      "head_ub": 225.7103431065293
    },
    "5": {
      "demand_a": 0.203952151877123,
      "demand_b": 0.3641532439145467,
      "demand_lb": 1e-06,
      "head_a": 207.90822007071148,
      "head_a_tag": "",
      "head_b": 207.8904826535358,
      "head_b_tag": "",
      "head_lb": 194.17031922671646,
      "head_ub": 225.82968077328354
    },
    "6": {
      "demand_a": 0.30517169960427704,
      "demand_b": 0.38983567105276085,
      "demand_lb": 1e-06,
      "head_a": 207.79390830450149,
      "head_a_tag": "",
      "head_b": 207.8089158785847,
      "head_b_tag": "",
      "head_lb": 193.36886889046428,
      "head_ub": 226.63113110953572
    }
  },
  "metadata": {
    "DEMAND_INTERVALS": false,
    "DEMAND_LB": 1e-06,
    "FIX_TOTAL_DEMAND": true,
    "GLOBAL_SOLVER": "couenne",
    "HEADLOSS_MODEL": "hw",
    "MEASUREMENT_HEADS_EQUAL_ONLY": true,
    "MEASUREMENT_SITES": [],
    "MULTI_STARTS": 10,
    "MULTI_START_NOISE": 0.05,
    "NORM": 2,
    "PIPE_BOUNDS": true,
    "PIPE_BOUND_METHOD": "perturb",
    "PIPE_BOUND_PERTURB_BASE": "base",
    "PIPE_BOUND_PERTURB_FIX_TOTAL": true,
    "PIPE_BOUND_PERTURB_SAMPLES": 25,
    "PIPE_BOUND_PERTURB_SEED": 1,
    "PIPE_BOUND_PERTURB_SIGMA": 0.15,
    "PIPE_BOUND_POLICY": "minmax",
    "PIPE_BOUND_SAFENESS": 0.85,
    "RADIUS": true,
    "SCENARIO_SOURCE": "base",
    "SINGLE_NODE_SOLUTION": false,
    "SOLVER": "hexaly_xd",
    "USE_RESERVOIR_OUTFLOW_CONSTRAINT": false,
    "WDN_NAME": "Alperovits",
    "output_dir": "data/Alperovits-B-batch-20260401-112751/none",
    "timestamp": "20260401-112751"
  },
  "output_dir": "data/Alperovits-B-batch-20260401-112751/none",
  "pipes": {
    "1": {
      "flow_a": 1.1200000047683716,
      "flow_a_tag": "lb",
      "flow_b": 1.1200000047683716,
      "flow_b_tag": "lb",
      "flow_lb": 1.1200000047683716,
      "flow_ub": 1.1200000047683716,
      "headloss_res_a": -10.660510326434622,
      "headloss_res_b": -10.660510326434622
    },
    "2": {
      "flow_a": 0.4648961118886979,
      "flow_a_tag": "ub",
      "flow_b": 0.4422363467821036,
      "flow_b_tag": "lb",
      "flow_lb": 0.44223544001579285,
      "flow_ub": 0.4648970067501068,
      "headloss_res_a": -1.7984376778719366,
      "headloss_res_b": -1.6252830892930505
    },
    "3": {
      "flow_a": 0.5715968095372742,
      "flow_a_tag": "",
      "flow_b": 0.5693067164175704,
      "flow_b_tag": "",
      "flow_lb": 0.5527145266532898,
      "flow_ub": 0.5940340161323547,
      "headloss_res_a": -2.7330125814415798,
      "headloss_res_b": -2.7108853872873215
    },
    "4": {
      "flow_a": 0.13220378307552563,
      "flow_a_tag": "lb",
      "flow_b": 0.1755734209311178,
      "flow_b_tag": "ub",
      "flow_lb": 0.13220331072807312,
      "flow_ub": 0.17557385563850403,
      "headloss_res_a": -0.14023993027152376,
      "headloss_res_b": -0.2495631094449005
    },
    "5": {
      "flow_a": 0.3061516637775097,
      "flow_a_tag": "",
      "flow_b": 0.2926695806613161,
      "flow_b_tag": "",
      "flow_lb": 0.2579752802848816,
      "flow_ub": 0.329729825258255,
      "headloss_res_a": -0.771244508143356,
      "headloss_res_b": -0.7039275373097854
    },
    "6": {
      "flow_a": -0.0009799641732326579,
      "flow_a_tag": "lb",
      "flow_b": 0.09716609039144472,
      "flow_b_tag": "ub",
      "flow_lb": -0.000980442389845848,
      "flow_ub": 0.097166508436203,
      "headloss_res_a": 5.912464056736116e-06,
      "headloss_res_b": -0.07498470052891042
    },
    "7": {
      "flow_a": 0.34110364547917427,
      "flow_a_tag": "lb",
      "flow_b": 0.385947836151802,
      "flow_b_tag": "ub",
      "flow_lb": 0.3411029875278473,
      "flow_ub": 0.38594850897789,
      "headloss_res_a": -0.9602510879527009,
      "headloss_res_b": -1.2334377101256326
    },
    "8": {
      "flow_a": 0.26935527667757686,
      "flow_a_tag": "ub",
      "flow_b": 0.1973680131683731,
      "flow_b_tag": "lb",
      "flow_lb": 0.19736750423908234,
      "flow_ub": 0.269355833530426,
      "headloss_res_a": -0.5948477641668831,
      "headloss_res_b": -0.3164897768447084
    }
  },
  "summary": {
    "flow_at_bounds": {
      "a_lb": 4,
      "a_ub": 2,
      "b_lb": 3,
      "b_ub": 3
    },
    "head_at_bounds": {
      "a_lb": 0,
      "a_ub": 0,
      "b_lb": 0,
      "b_ub": 0
    },
    "head_bounds_count": 6,
    "junction_count": 6,
    "min_demand_slack_a": 0.08350608334239942,
    "min_demand_slack_b": 0.0562875106303016,
    "pipe_count": 8,
    "total_demand_a": 1.1200000047683716,
    "total_demand_b": 1.1200000047683716,
    "total_demand_res_a": 0.0,
    "total_demand_res_b": 0.0,
    "total_demand_target": 1.1200000047683716
  }
}