{
  "best_bound": null,
  "demands_a": {
    "1": 0.2703352408508095,
    "2": 0.08350708334239942,
    "3": 0.12379246640952363,
    "4": 0.13324136268423892,
    "5": 0.203952151877123,
    "6": 0.30517169960427704,
    "7": -1.1200000047683716
  },
  "demands_b": {
    "1": 0.10020192277692838,
    "2": 0.10845694156869756,
    "3": 0.0562885106303016,
    "4": 0.10106371482513643,
    "5": 0.3641532439145467,
    "6": 0.38983567105276085,
    "7": -1.1200000047683716
  },
  "flows_a": {
    "1": 1.1200000047683716,
    "2": 0.4648961118886979,
    "3": 0.5715968095372742,
    "4": 0.13220378307552563,
    "5": 0.3061516637775097,
    "6": -0.0009799641732326579,
    "7": 0.34110364547917427,
    "8": 0.26935527667757686
  },
  "flows_b": {
    "1": 1.1200000047683716,
    "2": 0.4422363467821036,
    "3": 0.5693067164175704,
    "4": 0.1755734209311178,
    "5": 0.2926695806613161,
    "6": 0.09716609039144472,
    "7": 0.385947836151802,
    "8": 0.1973680131683731
  },
  "heads_a": {
    "1": 207.79390483021032,
    "2": 208.3993620394407,
    "3": 208.08525007149638,
    "4": 207.93881750438538,
    "5": 207.90822007071148,
    "6": 207.79390830450149,
    "7": 210.0
  },
  "heads_b": {
    "1": 207.82621478337555,
    "2": 208.3993620394407,
    "3": 208.11301457472516,
    "4": 207.94222891458816,
    "5": 207.8904826535358,
    "6": 207.8089158785847,
    "7": 210.0
  },
  "max_violation": 0.0,
  "min_demand_viol": 0.0562875106303016,
  "norm": 2,
  "objective": 0.06799240436334111,
  "p": 0,
  "radius": 0.260753531832919,
  "solver_status": "HxSolutionStatus.OPTIMAL"
}