{
  "junctions": {
    "10": {
      "demand_a": 0.011224288101619392,
      "demand_b": 0.003215334465083458,
      "demand_lb": 1e-06,
      "head_a": 98.66783246026546,
      "head_a_tag": "",
      "head_b": 98.66783246026546,
      "head_b_tag": "",
      "head_lb": 86.59928162241783,
      "head_ub": 113.40071837758217
    },
    "11": {
      "demand_a": 0.0021760439492342423,
      "demand_b": 0.011003831456932435,
      "demand_lb": 1e-06,
      "head_a": 98.58315390095733,
      "head_a_tag": "",
      "head_b": 98.56327611417478,
      "head_b_tag": "",
      "head_lb": 85.54316009208108,
      "head_ub": 114.45683990791892
    },
    "12": {
      "demand_a": 0.01422698692790018,
      "demand_b": 0.0077549495547221195,
      "demand_lb": 1e-06,
      "head_a": 98.46044874733607,
      "head_a_tag": "",
      "head_b": 98.46516657854406,
      "head_b_tag": "",
      "head_lb": 84.33481739251032,
      "head_ub": 115.66518260748968
    },
    "13": {
      "demand_a": 0.00808038177850807,
      "demand_b": 0.01463517191327425,
      "demand_lb": 1e-06,
      "head_a": 98.26746552818044,
      "head_a_tag": "",
      "head_b": 98.23350264681224,
      "head_b_tag": "",
      "head_lb": 82.05642023912475,
      "head_ub": 117.94357976087525
    },
    "14": {
      "demand_a": 0.006597800519708515,
      "demand_b": 0.01060164317689378,
      "demand_lb": 1e-06,
      "head_a": 98.09128205466067,
      "head_a_tag": "",
      "head_b": 97.99678511889869,
      "head_b_tag": "",
      "head_lb": 78.36141323779582,
      "head_ub": 121.63858676220418
    },
    "15": {
      "demand_a": 0.01098849406746805,
      "demand_b": 0.007460309207771385,
      "demand_lb": 1e-06,
      "head_a": 99.0989858968602,
      "head_a_tag": "",
      "head_b": 99.09313983606795,
      "head_b_tag": "",
      "head_lb": 91.7092797959201,
      "head_ub": 108.2907202040799
    },
    "16": {
      "demand_a": 0.008571733278977782,
      "demand_b": 0.006594113055019439,
      "demand_lb": 1e-06,
      "head_a": 98.14064473066817,
      "head_a_tag": "",
      "head_b": 98.10467793735154,
      "head_b_tag": "",
      "head_lb": 80.45195379991088,
      "head_ub": 119.54804620008912
    },
    "17": {
      "demand_a": 0.006728226319951221,
      "demand_b": 0.0038975455331060355,
      "demand_lb": 1e-06,
      "head_a": 97.93031218172985,
      "head_a_tag": "",
      "head_b": 97.93427874615924,
      "head_b_tag": "",
      "head_lb": 76.27685648606263,
      "head_ub": 123.72314351393737
    },
    "18": {
      "demand_a": 0.0014965063566475482,
      "demand_b": 0.0034544929786151854,
      "demand_lb": 1e-06,
      "head_a": 99.05650889748773,
      "head_a_tag": "",
      "head_b": 99.04137717724998,
      "head_b_tag": "",
      "head_lb": 91.21616132819784,
      "head_ub": 108.78383867180216
    },
    "19": {
      "demand_a": 0.002847504606774135,
      "demand_b": 0.005543043347653431,
      "demand_lb": 1e-06,
      "head_a": 98.54366607115495,
      "head_a_tag": "",
      "head_b": 98.52494606055467,
      "head_b_tag": "",
      "head_lb": 85.09107641733966,
      "head_ub": 114.90892358266034
    },
    "20": {
      "demand_a": 0.004753950175121166,
      "demand_b": 0.00047145076257021357,
      "demand_lb": 1e-06,
      "head_a": 98.25943386140399,
      "head_a_tag": "",
      "head_b": 98.23993558999959,
      "head_b_tag": "",
      "head_lb": 81.95592940539649,
      "head_ub": 118.04407059460351
    },
    "21": {
      "demand_a": 0.007955220666108069,
      "demand_b": 0.013009658690510538,
      "demand_lb": 1e-06,
      "head_a": 98.13478754899798,
      "head_a_tag": "",
      "head_b": 98.08847379257918,
      "head_b_tag": "",
      "head_lb": 80.29368313429404,
      "head_ub": 119.70631686570596
    },
    "22": {
      "demand_a": 0.00395963174149657,
      "demand_b": 0.005369747293046132,
      "demand_lb": 1e-06,
      "head_a": 97.89433580855234,
      "head_a_tag": "",
      "head_b": 97.82074917327998,
      "head_b_tag": "",
      "head_lb": 75.36701637652837,
      "head_ub": 124.63298362347163
    },
    "23": {
      "demand_a": 0.0025090383867246704,
      "demand_b": 0.0016346924326409683,
      "demand_lb": 1e-06,
      "head_a": 98.90971307774028,
      "head_a_tag": "",
      "head_b": 98.91502515919106,
      "head_b_tag": "",
      "head_lb": 89.28563267090023,
      "head_ub": 110.71436732909977
    },
    "24": {
      "demand_a": 0.0046264954327410535,
      "demand_b": 0.0035711611964839773,
      "demand_lb": 1e-06,
      "head_a": 98.52775228044253,
      "head_a_tag": "",
      "head_b": 98.518195571927,
      "head_b_tag": "",
      "head_lb": 84.91835360074052,
      "head_ub": 115.08164639925948
    },
    "25": {
      "demand_a": 0.002218541958058107,
      "demand_b": 0.003694743047270801,
      "demand_lb": 1e-06,
      "head_a": 98.24897117385633,
      "head_a_tag": "",
      "head_b": 98.21230401365183,
      "head_b_tag": "",
      "head_lb": 81.56952160812698,
      "head_ub": 118.43047839187302
    },
    "26": {
      "demand_a": 0.0029395041145981217,
      "demand_b": 0.0013167492794322073,
      "demand_lb": 1e-06,
      "head_a": 98.09410407871785,
      "head_a_tag": "",
      "head_b": 98.07800097164747,
      "head_b_tag": "",
      "head_lb": 79.74597586422558,
      "head_ub": 120.25402413577442
    },
    "3": {
      "demand_a": 0.01124904162246751,
      "demand_b": 0.015190044585328882,
      "demand_lb": 1e-06,
      "head_a": 99.86548845892499,
      "head_a_tag": "",
      "head_b": 99.86548845892499,
      "head_b_tag": "",
      "head_lb": 98.86528131212901,
      "head_ub": 101.13471868787099
    },
    "4": {
      "demand_a": 0.011269081977817105,
      "demand_b": 1.0509589276896936e-06,
      "demand_lb": 1e-06,
      "head_a": 99.54822482026468,
      "head_a_tag": "",
      "head_b": 99.56507143968444,
      "head_b_tag": "",
      "head_lb": 96.22023709746742,
      "head_ub": 103.77976290253258
    },
    "5": {
      "demand_a": 0.004864721225698119,
      "demand_b": 0.006577325892297113,
      "demand_lb": 1e-06,
      "head_a": 99.48462557863121,
      "head_a_tag": "",
      "head_b": 99.49334815222107,
      "head_b_tag": "",
      "head_lb": 95.64820714338538,
      "head_ub": 104.35179285661462
    },
    "6": {
      "demand_a": 0.0034148204208219526,
      "demand_b": 0.0027795282605036983,
      "demand_lb": 1e-06,
      "head_a": 99.04299777030317,
      "head_a_tag": "",
      "head_b": 99.03738594048785,
      "head_b_tag": "",
      "head_lb": 89.48828179556567,
      "head_ub": 110.51171820443433
    },
    "7": {
      "demand_a": 0.0011761790676079846,
      "demand_b": 0.003972650676297542,
      "demand_lb": 1e-06,
      "head_a": 98.59422946673833,
      "head_a_tag": "",
      "head_b": 98.53401136908506,
      "head_b_tag": "",
      "head_lb": 83.45901484936377,
      "head_ub": 116.54098515063623
    },
    "8": {
      "demand_a": 0.009527426510463467,
      "demand_b": 0.0027032415136504055,
      "demand_lb": 1e-06,
      "head_a": 98.23700245039365,
      "head_a_tag": "",
      "head_b": 98.23700245039365,
      "head_b_tag": "",
      "head_lb": 81.64697482475928,
      "head_ub": 118.35302517524072
    },
    "9": {
      "demand_a": 0.0035983806742776597,
      "demand_b": 0.01254752060275903,
      "demand_lb": 1e-06,
      "head_a": 99.18440366135978,
      "head_a_tag": "",
      "head_b": 99.16267071227485,
      "head_b_tag": "",
      "head_lb": 92.48894338194484,
      "head_ub": 107.51105661805516
    }
  },
  "metadata": {
    "DEMAND_LB": 1e-06,
    "DEMAND_RESTRICTION_MODE": null,
    "DEVIATION_ALPHA": null,
    "FIX_TOTAL_DEMAND": true,
    "GLOBAL_SOLVER": null,
    "HEADLOSS_MODEL": "hw",
    "MEASUREMENT_HEADS_EQUAL_ONLY": true,
    "MEASUREMENT_SITES": [
      "10",
      "8"
    ],
    "MULTI_STARTS": 1,
    "MULTI_START_NOISE": 0.05,
    "MULTI_START_NOISE_REL": 0.25,
    "NORM": 2.0,