{
  "best_bound": null,
  "demands_a": {
    "10": 0.011224288101619392,
    "11": 0.0021760439492342423,
    "12": 0.01422698692790018,
    "13": 0.00808038177850807,
    "14": 0.006597800519708515,
    "15": 0.01098849406746805,
    "16": 0.008571733278977782,
    "17": 0.006728226319951221,
    "18": 0.0014965063566475482,
    "19": 0.002847504606774135,
    "20": 0.004753950175121166,
    "21": 0.007955220666108069,
    "22": 0.00395963174149657,
    "23": 0.0025090383867246704,
    "24": 0.0046264954327410535,
    "25": 0.002218541958058107,
    "26": 0.0029395041145981217,
    "27": -0.14699999988079068,
    "3": 0.01124904162246751,
    "4": 0.011269081977817105,
    "5": 0.004864721225698119,
    "6": 0.0034148204208219526,
    "7": 0.0011761790676079846,
    "8": 0.009527426510463467,
    "9": 0.0035983806742776597
  },
  "demands_b": {
    "10": 0.003215334465083458,
    "11": 0.011003831456932435,
    "12": 0.0077549495547221195,
    "13": 0.01463517191327425,
    "14": 0.01060164317689378,
    "15": 0.007460309207771385,
    "16": 0.006594113055019439,
    "17": 0.0038975455331060355,
    "18": 0.0034544929786151854,
    "19": 0.005543043347653431,
    "20": 0.00047145076257021357,
    "21": 0.013009658690510538,
    "22": 0.005369747293046132,
    "23": 0.0016346924326409683,
    "24": 0.0035711611964839773,
    "25": 0.003694743047270801,
    "26": 0.0013167492794322073,
    "27": -0.14699999988079074,
    "3": 0.015190044585328882,
    "4": 1.0509589276896936e-06,
    "5": 0.006577325892297113,
    "6": 0.0027795282605036983,
    "7": 0.003972650676297542,
    "8": 0.0027032415136504055,
    "9": 0.01254752060275903
  },
  "flows_a": {
    "1": 0.1469999998807907,
    "10": 0.009358611290331572,
    "12": 0.06622437073702049,
    "13": 0.038722329478754675,
    "14": 0.03654628552952043,
    "15": 0.02231929860162025,
    "16": 0.02188084185638515,
    "17": 0.010892347788917098,
    "18": 0.022468209817468093,
    "19": -0.0010803586754856323,
    "2": 0.1357509582583232,
    "20": 0.011404625984704563,
    "21": 0.0027608107706230574,
    "22": 0.017055304057491238,
    "23": 0.012025778753601097,
    "24": 0.002832892705726781,
    "25": 0.005131630903837022,
    "26": 0.00939584143226955,
    "27": 0.0025654011532027197,
    "28": 0.0013559338042546068,
    "29": 0.0017718198893827875,
    "3": 0.03277828301282279,
    "30": 0.001164215354508857,
    "31": 0.00688680304554488,
    "32": 0.004825708766006547,
    "33": 0.003963100612203047,
    "34": 0.002795416386987713,
    "4": 0.02791356178712467,
    "5": 0.01830828470548104,
    "6": 0.017132105637873055,
    "7": 0.0917035932676833,
    "8": 0.006190456660821678,
    "9": 0.001753932162921986
  },
  "flows_b": {
    "1": 0.1469999998807907,
    "10": 0.012258219394877395,
    "12": 0.06470509906944541,
    "13": 0.04339193988727769,
    "14": 0.03238810843034526,
    "15": 0.02463315887562314,
    "16": 0.019579780480399357,
    "17": 0.012119471272627972,
    "18": 0.024238108826358122,
    "19": 0.0009583371119867577,
    "2": 0.13180995529546183,
    "20": 0.011501578411365976,
    "21": 0.0016565762179836156,
    "22": 0.01708050386107608,
    "23": 0.01335999619584729,
    "24": 0.004907465356346537,
    "25": 0.004406285104396879,
    "26": 0.008664978294012787,
    "27": 0.0016145616176286137,
    "28": 0.0022907197906718176,
    "29": 0.0008515177572864093,
    "3": 0.03497650418393035,
    "30": 0.0021653157892744593,
    "31": 0.007030285861371818,
    "32": 0.005073686282516455,
    "33": 0.003669663025917471,
    "34": 0.0032044315037716726,
    "4": 0.028399178291633236,
    "5": 0.019479365921855674,
    "6": 0.015506715245558132,
    "7": 0.09683240015260379,
    "8": 0.006140284109273862,
    "9": -0.0005452543370303302
  },
  "heads_a": {
    "10": 98.66783246026546,
    "11": 98.58315390095733,
    "12": 98.46044874733607,
    "13": 98.26746552818044,
    "14": 98.09128205466067,
    "15": 99.0989858968602,
    "16": 98.14064473066817,
    "17": 97.93031218172985,
    "18": 99.05650889748773,
    "19": 98.54366607115495,
    "20": 98.25943386140399,
    "21": 98.13478754899798,
    "22": 97.89433580855234,
    "23": 98.90971307774028,
    "24": 98.52775228044253,
    "25": 98.24897117385633,
    "26": 98.09410407871785,
    "27": 100.0,
    "3": 99.86548845892499,
    "4": 99.54822482026468,
    "5": 99.48462557863121,
    "6": 99.04299777030317,
    "7": 98.59422946673833,
    "8": 98.23700245039365,
    "9": 99.18440366135978
  },
  "heads_b": {
    "10": 98.66783246026546,
    "11": 98.56327611417478,
    "12": 98.46516657854406,
    "13": 98.23350264681224,
    "14": 97.99678511889869,
    "15": 99.09313983606795,
    "16": 98.10467793735154,
    "17": 97.93427874615924,
    "18": 99.04137717724998,
    "19": 98.52494606055467,
    "20": 98.23993558999959,
    "21": 98.08847379257918,
    "22": 97.82074917327998,
    "23": 98.91502515919106,
    "24": 98.518195571927,
    "25": 98.21230401365183,
    "26": 98.07800097164747,
    "27": 100.0,
    "3": 99.86548845892499,
    "4": 99.56507143968444,
    "5": 99.49334815222107,
    "6": 99.03738594048785,
    "7": 98.53401136908506,
    "8": 98.23700245039365,
    "9": 99.16267071227485
  },
  "max_violation": 0.0,
  "min_demand_viol": 5.095892768969361e-08,
  "norm": 2.0,
  "objective": 0.0006113077157098561,
  "p": 2,
  "radius": 0.024724637827678208,
  "solver_status": "HxSolutionStatus.OPTIMAL"
}