{
  "best_radius": 1.1535312242643256,
  "norm": 2,
  "runs": [
    {
      "max_violation": 0.0,
      "min_demand_viol": 9.909724638101913e-07,
      "radius": 1.1535312242602604,
      "run": 0,
      "start_flows": {
        "1": 1.2815567346722234,
        "2": 0.5079918228882377,
        "3": 0.6951903973155601,
        "4": 0.11733902074069337,
        "5": 0.4146193862233981,
        "6": 0.12765986191642986,
        "7": 0.4760279185304429,
        "8": 0.4504296835896591
      },
      "start_heads": {
        "1": 207.08409215508462,
        "2": 207.9297180233659,
        "3": 207.52170920563617,
        "4": 207.3274941137872,
        "5": 207.3381869044361,
        "6": 206.9574908858291,
        "7": 209.93770445263735
      },
      "success": true
    },
    {
      "max_violation": 0.0,
      "min_demand_viol": 9.903856793558319e-07,
      "radius": 1.1535312242602755,
      "run": 1,
      "start_flows": {
        "1": 1.2386568558823812,
        "2": 0.4873841169099374,
        "3": 0.6473542569749383,
        "4": 0.13267554170174803,
        "5": 0.49352852335358754,
        "6": 0.1031533760237539,
        "7": 0.47915108980142035,
        "8": 0.36981590175886636
      },
      "start_heads": {
        "1": 207.0721454469979,
        "2": 207.9824802886609,
        "3": 207.63015378827106,
        "4": 207.3633584518021,
        "5": 207.29894564300105,
        "6": 207.0276561557481,
        "7": 210.0110097561735
      },
      "success": true
    },
    {
      "max_violation": 0.0,
      "min_demand_viol": 9.909724637546802e-07,
      "radius": 1.1535312242602818,
      "run": 2,
      "start_flows": {
        "1": 1.224789314440617,
        "2": 0.5041382873092172,
        "3": 0.6552080142976721,
        "4": 0.13913629411733178,
        "5": 0.4521358110067707,
        "6": 0.1273487446229517,
        "7": 0.37813648580301906,
        "8": 0.3965949537485586
      },
      "start_heads": {
        "1": 207.13409730831629,
        "2": 208.00410355865932,
        "3": 207.6596518364495,
        "4": 207.29570456030885,
        "5": 207.4118167942057,
        "6": 207.14103619575016,
        "7": 210.01322278151648
      },
      "success": true
    },
    {
      "max_violation": 0.0,
      "min_demand_viol": 9.903856781345866e-07,
      "radius": 1.1535312242643256,
      "run": 3,
      "start_flows": {
        "1": 1.2595740828907322,
        "2": 0.5874981002296508,
        "3": 0.7611821806158943,
        "4": 0.20217575837634766,
        "5": 0.5071580431181721,
        "6": 0.12744912970390343,
        "7": 0.3504119846598275,
        "8": 0.40285292877719286
      },
      "start_heads": {
        "1": 207.03582583994339,
        "2": 207.99772853191007,
        "3": 207.520562206001,
        "4": 207.37841393992315,
        "5": 207.35761379020985,
        "6": 207.10854456075919,
        "7": 209.96691487139805
      },
      "success": true
    },
    {
      "max_violation": 0.0,
      "min_demand_viol": 9.909724638101913e-07,
      "radius": 1.1535312242602456,
      "run": 4,
      "start_flows": {
        "1": 1.2534484612603927,
        "2": 0.45610697066415967,
        "3": 0.7501376586499027,
        "4": 0.08729847846093379,
        "5": 0.45785133635446373,
        "6": 0.09665148189725942,
        "7": 0.4900015602140422,
        "8": 0.46909368478728897
      },
      "start_heads": {
        "1": 207.06413638604587,
        "2": 207.99657241629748,
        "3": 207.47480478515615,
        "4": 207.36125928562706,
        "5": 207.37030491500758,
        "6": 207.12394050335314,
        "7": 210.0911005681664
      },
      "success": true
    },
    {
      "max_violation": 0.0,
      "min_demand_viol": 9.909724624779237e-07,
      "radius": 1.1535312242634999,
      "run": 5,
      "start_flows": {
        "1": 1.209248675116889,
        "2": 0.48152066496204193,
        "3": 0.7099217641990971,
        "4": 0.11454674557430697,
        "5": 0.5415224840637164,
        "6": 0.1190060687965789,
        "7": 0.3791682117643247,
        "8": 0.3841974601715566
      },
      "start_heads": {
        "1": 207.05730144871825,
        "2": 207.9103474792753,
        "3": 207.52109627086915,
        "4": 207.39017841145247,
        "5": 207.3651788960894,
        "6": 207.1384703655331,
        "7": 210.0844553726222
      },
      "success": true
    },
    {
      "max_violation": 0.0,
      "min_demand_viol": 9.909724637546802e-07,
      "radius": 1.1535312242603095,
      "run": 6,
      "start_flows": {
        "1": 1.2609008382271203,
        "2": 0.5933174799950323,
        "3": 0.6415299724342661,
        "4": 0.07531985026592763,
        "5": 0.453892123459387,
        "6": 0.16115276341442925,
        "7": 0.41887839510970326,
        "8": 0.3737991942270302
      },
      "start_heads": {
        "1": 207.04131349536982,
        "2": 207.8978437994524,
        "3": 207.5149042684426,
        "4": 207.38379197940782,
        "5": 207.38560625713305,
        "6": 207.06552769492976,
        "7": 210.0436521076311
      },
      "success": true
    },
    {
      "max_violation": 0.0,
      "min_demand_viol": 9.909724623113902e-07,
      "radius": 1.153531224262804,
      "run": 7,
      "start_flows": {
        "1": 1.211250526381825,
        "2": 0.47894366129983923,
        "3": 0.6942201574704009,
        "4": -0.0004130437956882116,
        "5": 0.46072133475976895,
        "6": 0.08049806735048046,
        "7": 0.41629190114782677,
        "8": 0.3992905591221559
      },
      "start_heads": {
        "1": 207.13721837139641,
        "2": 207.97501050490845,
        "3": 207.61968887602382,
        "4": 207.32073934936915,
        "5": 207.40716970658434,
        "6": 207.1100471140084,
        "7": 210.05824319905554
      },
      "success": true
    },
    {
      "max_violation": 0.0,
      "min_demand_viol": 9.903856781345866e-07,
      "radius": 1.1535312242599087,
      "run": 8,
      "start_flows": {
        "1": 1.3146496347028471,
        "2": 0.5568010000817325,
        "3": 0.6669489453305403,
        "4": 0.040755322333554764,
        "5": 0.434650599879603,
        "6": 0.07110437716212034,
        "7": 0.3396908278481654,
        "8": 0.4159982749788464
      },
      "start_heads": {
        "1": 207.1611546117696,
        "2": 207.93647731244886,
        "3": 207.5334900572879,
        "4": 207.30650778291047,
        "5": 207.3495414594542,
        "6": 207.09167602201956,
        "7": 209.9993042665738
      },
      "success": true
    },
    {
      "max_violation": 0.0,
      "min_demand_viol": 9.909724638101913e-07,
      "radius": 1.1535312242602416,
      "run": 9,
      "start_flows": {
        "1": 1.327362211578195,
        "2": 0.584710307391429,
        "3": 0.7206775466008806,
        "4": -0.006171180430807333,
        "5": 0.5028370408416247,
        "6": 0.12656110958338776,
        "7": 0.4320164839166034,
        "8": 0.42163700632000994
      },
      "start_heads": {
        "1": 207.0548451458552,
        "2": 207.9840426431698,
        "3": 207.60095099020108,
        "4": 207.34071217148713,
        "5": 207.24103884054995,
        "6": 207.06829668816567,
        "7": 210.0540081706269
      },
      "success": true
    }
  ],
  "unique_local_optima": 1
}