{
  "demands_a": {
    "1": 0.08403953782630225,
    "2": 0.14719334337748524,
    "3": 9.927702574463737e-07,
    "4": 9.903856781345866e-07,
    "5": 0.1739250021262524,
    "6": 0.8701103571315784,
    "7": -1.2752702236175537
  },
  "demands_b": {
    "1": 0.6885302383543164,
    "2": 0.019437683188190835,
    "3": 0.30168066332545157,
    "4": 0.26561965601676657,
    "5": 9.917603657760843e-07,
    "6": 9.909724624779237e-07,
    "7": -1.2752702236175537
  },
  "flows_a": {
    "1": 1.2752702236175537,
    "2": 0.4649076154466654,
    "3": 0.6631692647934031,
    "4": 0.11209401488304138,
    "5": 0.5510742595246836,
    "6": 0.3190360976068948,
    "7": 0.464906622676408,
    "8": 0.403075635433197
  },
  "flows_b": {
    "1": 1.2752702236175537,
    "2": 0.592663275635973,
    "3": 0.6631692647933898,
    "4": 0.11209401488304138,
    "5": 0.2854555938935818,
    "6": -0.28545460292111935,
    "7": 0.2909826123105214,
    "8": 0.403075635433197
  },
  "heads_a": {
    "1": 207.09503173828125,
    "2": 207.96490478515625,
    "3": 207.65480889075727,
    "4": 207.35865783691406,
    "5": 207.33612060546875,
    "6": 206.91457302635092,
    "7": 210.0
  },
  "heads_b": {
    "1": 207.09503173828125,
    "2": 207.96490478515625,
    "3": 207.46096490320176,
    "4": 207.35865783691406,
    "5": 207.33612060546875,
    "6": 207.2394999526557,
    "7": 210.0
  },
  "max_violation": 0.0,
  "min_demand_viol": 9.903856781345866e-07,
  "norm": 2,
  "p": 3,
  "radius": 1.1535312242643256
}