{
  "junctions": {
    "1": {
      "demand_a": 0.13321638450380618,
      "demand_b": 0.24684263856381905,
      "demand_lb": 1e-06,
      "head_a": 207.83516328008133,
      "head_a_tag": "",
      "head_b": 207.8019067537165,
      "head_b_tag": "",
      "head_lb": 193.62708714484413,
      "head_ub": 226.37291285515587
    },
    "2": {
      "demand_a": 0.11387699425707631,
      "demand_b": 0.09874553842551181,
      "demand_lb": 1e-06,
      "head_a": 208.3993620394407,
      "head_a_tag": "",
      "head_b": 208.3993620394407,
      "head_b_tag": "",
      "head_lb": 197.73885171300606,
      "head_ub": 222.26114828699394
    },
    "3": {
      "demand_a": 0.08201560810654196,
      "demand_b": 0.11580467841589448,
      "demand_lb": 1e-06,
      "head_a": 208.10821692715137,
      "head_a_tag": "",
      "head_b": 208.0896688487645,
      "head_b_tag": "",
      "head_lb": 195.6583771104362,
      "head_ub": 224.3416228895638
    },
    "4": {
      "demand_a": 0.09991002629227486,
      "demand_b": 0.07470853470195216,
      "demand_lb": 1e-06,
      "head_a": 207.95611733150508,
      "head_a_tag": "",
      "head_b": 207.95611733150508,
      "head_b_tag": "",
      "head_lb": 194.40450298777,
      "head_ub": 225.59549701223
    },
    "5": {
      "demand_a": 0.32066650258454843,
      "demand_b": 0.2545460552498462,
      "demand_lb": 1e-06,
      "head_a": 207.90834273324046,
      "head_a_tag": "",
      "head_b": 207.90834273324046,
      "head_b_tag": "",
      "head_lb": 194.28361303052068,
      "head_ub": 225.71638696947932
    },
    "6": {
      "demand_a": 0.3703144890241239,
      "demand_b": 0.32935255941134783,
      "demand_lb": 1e-06,
      "head_a": 207.82351379935554,
      "head_a_tag": "",
      "head_b": 207.80152902068866,
      "head_b_tag": "",
      "head_lb": 193.56687411412554,
      "head_ub": 226.43312588587446
    }
  },
  "metadata": {
    "DEMAND_INTERVALS": false,
    "DEMAND_LB": 1e-06,
    "FIX_TOTAL_DEMAND": true,
    "GLOBAL_SOLVER": "couenne",
    "HEADLOSS_MODEL": "hw",
    "MEASUREMENT_HEADS_EQUAL_ONLY": true,
    "MEASUREMENT_SITES": [
      "4",
      "5"
    ],
    "MULTI_STARTS": 10,
    "MULTI_START_NOISE": 0.05,
    "NORM": 2,
    "PIPE_BOUNDS": true,
    "PIPE_BOUND_METHOD": "perturb",
    "PIPE_BOUND_PERTURB_BASE": "base",
    "PIPE_BOUND_PERTURB_FIX_TOTAL": true,
    "PIPE_BOUND_PERTURB_SAMPLES": 25,
    "PIPE_BOUND_PERTURB_SEED": 1,
    "PIPE_BOUND_PERTURB_SIGMA": 0.1,
    "PIPE_BOUND_POLICY": "minmax",
    "PIPE_BOUND_SAFENESS": 0.85,
    "RADIUS": true,
    "SCENARIO_SOURCE": "base",
    "SINGLE_NODE_SOLUTION": false,
    "SOLVER": "hexaly_xd",
    "USE_RESERVOIR_OUTFLOW_CONSTRAINT": false,
    "WDN_NAME": "Alperovits",
    "output_dir": "data/Alperovits-B-batch-20260401-112946/4_5",
    "timestamp": "20260401-112946"
  },
  "output_dir": "data/Alperovits-B-batch-20260401-112946/4_5",
  "pipes": {
    "1": {
      "flow_a": 1.1200000047683716,
      "flow_a_tag": "lb",
      "flow_b": 1.1200000047683716,
      "flow_b_tag": "lb",
      "flow_lb": 1.1200000047683716,
      "flow_ub": 1.1200000047683716,
      "headloss_res_a": -10.660510326434622,
      "headloss_res_b": -10.660510326434622
    },
    "2": {
      "flow_a": 0.4462218672073428,
      "flow_a_tag": "lb",
      "flow_b": 0.46135332303890747,
      "flow_b_tag": "ub",
      "flow_lb": 0.44622185826301575,
      "flow_ub": 0.4613533318042755,
      "headloss_res_a": -1.6550966803651852,
      "headloss_res_b": -1.7707813328387596
    },
    "3": {
      "flow_a": 0.5599011433039525,
      "flow_a_tag": "",
      "flow_b": 0.5599011433039522,
      "flow_b_tag": "",
      "flow_lb": 0.5568748712539673,
      "flow_ub": 0.5840606689453125,
      "headloss_res_a": -2.6209602041286444,
      "headloss_res_b": -2.620960204128642
    },
    "4": {
      "flow_a": 0.16816361250595974,
      "flow_a_tag": "",
      "flow_b": 0.16816361250597242,
      "flow_b_tag": "",
      "flow_lb": 0.13911864161491394,
      "flow_ub": 0.16816721856594086,
      "headloss_res_a": -0.2286388395999106,
      "headloss_res_b": -0.2286388395999523
    },
    "5": {
      "flow_a": 0.29182750450571787,
      "flow_a_tag": "",
      "flow_b": 0.3170289960960277,
      "flow_b_tag": "",
      "flow_lb": 0.27015259861946106,
      "flow_ub": 0.3175203204154968,
      "headloss_res_a": -0.6998261136273088,
      "headloss_res_b": -0.8278223501784086
    },
    "6": {
      "flow_a": 0.07848698451840604,
      "flow_a_tag": "ub",
      "flow_b": 0.012323563315320142,
      "flow_b_tag": "lb",
      "flow_lb": 0.012323553673923016,
      "flow_ub": 0.07848699390888214,
      "headloss_res_a": -0.04856353558457774,
      "headloss_res_b": -0.0011067242294072622
    },
    "7": {
      "flow_a": 0.36420625910080084,
      "flow_a_tag": "",
      "flow_b": 0.345548644623013,
      "flow_b_tag": "lb",
      "flow_lb": 0.3455483019351959,
      "flow_ub": 0.3750304579734802,
      "headloss_res_a": -1.0966777064866926,
      "headloss_res_b": -0.9857884349844366
    },
    "8": {
      "flow_a": 0.2117033690222122,
      "flow_a_tag": "lb",
      "flow_b": 0.2591662018791392,
      "flow_b_tag": "ub",
      "flow_lb": 0.211703360080719,
      "flow_ub": 0.2591662108898163,
      "headloss_res_a": -0.364897730636598,
      "headloss_res_b": -0.5500898605005012
    }
  },
  "summary": {
    "flow_at_bounds": {
      "a_lb": 3,
      "a_ub": 1,
      "b_lb": 3,
      "b_ub": 2
    },
    "head_at_bounds": {
      "a_lb": 0,
      "a_ub": 0,
      "b_lb": 0,
      "b_ub": 0
    },
    "head_bounds_count": 6,
    "junction_count": 6,
    "min_demand_slack_a": 0.08201460810654196,
    "min_demand_slack_b": 0.07470753470195216,
    "pipe_count": 8,
    "total_demand_a": 1.1200000047683716,
    "total_demand_b": 1.1200000047683716,
    "total_demand_res_a": 0.0,
    "total_demand_res_b": 0.0,
    "total_demand_target": 1.1200000047683716
  }
}