{
  "best_bound": null,
  "demands_a": {
    "1": 0.13321638450380618,
    "2": 0.11387699425707631,
    "3": 0.08201560810654196,
    "4": 0.09991002629227486,
    "5": 0.32066650258454843,
    "6": 0.3703144890241239,
    "7": -1.1200000047683716
  },
  "demands_b": {
    "1": 0.24684263856381905,
    "2": 0.09874553842551181,
    "3": 0.11580467841589448,
    "4": 0.07470853470195216,
    "5": 0.2545460552498462,
    "6": 0.32935255941134783,
    "7": -1.1200000047683716
  },
  "flows_a": {
    "1": 1.1200000047683716,
    "2": 0.4462218672073428,
    "3": 0.5599011433039525,
    "4": 0.16816361250595974,
    "5": 0.29182750450571787,
    "6": 0.07848698451840604,
    "7": 0.36420625910080084,
    "8": 0.2117033690222122
  },
  "flows_b": {
    "1": 1.1200000047683716,
    "2": 0.46135332303890747,
    "3": 0.5599011433039522,
    "4": 0.16816361250597242,
    "5": 0.3170289960960277,
    "6": 0.012323563315320142,
    "7": 0.345548644623013,
    "8": 0.2591662018791392
  },
  "heads_a": {
    "1": 207.83516328008133,
    "2": 208.3993620394407,
    "3": 208.10821692715137,
    "4": 207.95611733150508,
    "5": 207.90834273324046,
    "6": 207.82351379935554,
    "7": 210.0
  },
  "heads_b": {
    "1": 207.8019067537165,
    "2": 208.3993620394407,
    "3": 208.0896688487645,
    "4": 207.95611733150508,
    "5": 207.90834273324046,
    "6": 207.80152902068866,
    "7": 210.0
  },
  "max_violation": 0.0,
  "min_demand_viol": 0.07470753470195216,
  "norm": 2,
  "objective": 0.0209664962513838,
  "p": 2,
  "radius": 0.14479812240282608,
  "solver_status": "HxSolutionStatus.OPTIMAL"
}