{
  "best_bound": null,
  "demands_a": {
    "1": 0.06700353394294283,
    "2": 0.10984323178134603,
    "3": 0.04101038592364625,
    "4": 0.09492222277671236,
    "5": 0.39835795939219576,
    "6": 0.4088626709515283,
    "7": -1.1200000047683716
  },
  "demands_b": {
    "1": 0.2935722889260028,
    "2": 0.08204409724551764,
    "3": 0.12947303423696627,
    "4": 0.13546023456534662,
    "5": 0.18283210612740952,
    "6": 0.29661824366712874,
    "7": -1.1200000047683716
  },
  "flows_a": {
    "1": 1.1200000047683716,
    "2": 0.4383659387180913,
    "3": 0.5717908342689342,
    "4": 0.18279338875153914,
    "5": 0.29407522274068265,
    "6": 0.11478744821084562,
    "7": 0.39735555279444507,
    "8": 0.18179098215378844
  },
  "flows_b": {
    "1": 1.1200000047683716,
    "2": 0.46616507325391954,
    "3": 0.5717908342689344,
    "4": 0.1252423279537995,
    "5": 0.3110882717497883,
    "6": -0.014470028082659545,
    "7": 0.33669203901695327,
    "8": 0.2791022608433432
  },
  "heads_a": {
    "1": 207.82758074117376,
    "2": 208.3993620394407,
    "3": 208.11763853126604,
    "4": 207.9385279416923,
    "5": 207.8827718725939,
    "6": 207.8040266819711,
    "7": 210.0
  },
  "heads_b": {
    "1": 207.78875307422197,
    "2": 208.3993620394407,
    "3": 208.08366034446735,
    "4": 207.9385279416923,
    "5": 207.91084728261288,
    "6": 207.78926162065454,
    "7": 210.0
  },
  "max_violation": 0.0,
  "min_demand_viol": 0.04100938592364625,
  "norm": 2,
  "objective": 0.12062536804381356,
  "p": 1,
  "radius": 0.34731162958330886,
  "solver_status": "HxSolutionStatus.OPTIMAL"
}