{
  "junctions": {
    "1": {
      "demand_a": 0.13832042067889583,
      "demand_b": 0.17238483530744686,
      "demand_lb": 1e-06,
      "head_a": 207.82388840359513,
      "head_a_tag": "",
      "head_b": 207.7622935051332,
      "head_b_tag": "",
      "head_lb": 192.50486793246043,
      "head_ub": 227.49513206753957
    },
    "2": {
      "demand_a": 0.16243222089215947,
      "demand_b": 0.002274946634778452,
      "demand_lb": 1e-06,
      "head_a": 208.3993620394407,
      "head_a_tag": "",
      "head_b": 208.3993620394407,
      "head_b_tag": "",
      "head_lb": 197.73885171300606,
      "head_ub": 222.26114828699394
    },
    "3": {
      "demand_a": 0.1049967944966741,
      "demand_b": 0.03134496364988387,
      "demand_lb": 1e-06,
      "head_a": 208.13401540990176,
      "head_a_tag": "",
      "head_b": 208.07130604430142,
      "head_b_tag": "",
      "head_lb": 195.4480958089859,
      "head_ub": 224.5519041910141
    },
    "4": {
      "demand_a": 0.049318336620802594,
      "demand_b": 0.29033074899877376,
      "demand_lb": 1e-06,
      "head_a": 207.9945367994762,
      "head_a_tag": "",
      "head_b": 207.82861755756528,
      "head_b_tag": "",
      "head_lb": 193.65759424996153,
      "head_ub": 226.34240575003847
    },
    "5": {
      "demand_a": 0.1008370266222327,
      "demand_b": 0.5056276255784147,
      "demand_lb": 1e-06,
      "head_a": 207.97726072419763,
      "head_a_tag": "",
      "head_b": 207.78213796572496,
      "head_b_tag": "",
      "head_lb": 193.51611954073178,
      "head_ub": 226.48388045926822
    },
    "6": {
      "demand_a": 0.5640952054576069,
      "demand_b": 0.11803688459907381,
      "demand_lb": 1e-06,
      "head_a": 207.77116295307277,
      "head_a_tag": "",
      "head_b": 207.7711629530725,
      "head_b_tag": "",
      "head_lb": 192.19739489998213,
      "head_ub": 227.80260510001787
    }
  },
  "metadata": {
    "DEMAND_INTERVALS": false,
    "DEMAND_LB": 1e-06,
    "FIX_TOTAL_DEMAND": true,
    "GLOBAL_SOLVER": "couenne",
    "HEADLOSS_MODEL": "hw",
    "MEASUREMENT_HEADS_EQUAL_ONLY": true,
    "MEASUREMENT_SITES": [
      "6"
    ],
    "MULTI_STARTS": 10,
    "MULTI_START_NOISE": 0.05,
    "NORM": 2,
    "PIPE_BOUNDS": true,
    "PIPE_BOUND_METHOD": "perturb",
    "PIPE_BOUND_PERTURB_BASE": "base",
    "PIPE_BOUND_PERTURB_FIX_TOTAL": true,
    "PIPE_BOUND_PERTURB_SAMPLES": 25,
    "PIPE_BOUND_PERTURB_SEED": 1,
    "PIPE_BOUND_PERTURB_SIGMA": 0.4,
    "PIPE_BOUND_POLICY": "minmax",
    "PIPE_BOUND_SAFENESS": 0.85,
    "RADIUS": true,
    "SCENARIO_SOURCE": "base",
    "SINGLE_NODE_SOLUTION": false,
    "SOLVER": "hexaly_xd",
    "USE_RESERVOIR_OUTFLOW_CONSTRAINT": false,
    "WDN_NAME": "Alperovits",
    "output_dir": "data/Alperovits-B-batch-20260401-112551/6",
    "timestamp": "20260401-112551"
  },
  "output_dir": "data/Alperovits-B-batch-20260401-112551/6",
  "pipes": {
    "1": {
      "flow_a": 1.1200000047683716,
      "flow_a_tag": "lb",
      "flow_b": 1.1200000047683716,
      "flow_b_tag": "lb",
      "flow_lb": 1.1200000047683716,
      "flow_ub": 1.1200000047683716,
      "headloss_res_a": -10.660510326434622,
      "headloss_res_b": -10.660510326434622
    },
    "2": {
      "flow_a": 0.4244170254552666,
      "flow_a_tag": "",
      "flow_b": 0.4759281495070772,
      "flow_b_tag": "",
      "flow_lb": 0.41987699270248413,
      "flow_ub": 0.4841075539588928,
      "headloss_res_a": -1.4953344218467992,
      "headloss_res_b": -1.885945352847056
    },
    "3": {
      "flow_a": 0.5331507584209455,
      "flow_a_tag": "",
      "flow_b": 0.6417969086265158,
      "flow_b_tag": "",
      "flow_lb": 0.5331490635871887,
      "flow_ub": 0.6461739540100098,
      "headloss_res_a": -2.373577243425219,
      "headloss_res_b": -3.455409100663207
    },
    "4": {
      "flow_a": 0.09709683020840872,
      "flow_a_tag": "lb",
      "flow_b": 0.16568675157036783,
      "flow_b_tag": "",
      "flow_lb": 0.09709644317626953,
      "flow_ub": 0.20990444719791412,
      "headloss_res_a": -0.0748760170533656,
      "headloss_res_b": -0.22185129279147647
    },
    "5": {
      "flow_a": 0.3867355915917342,
      "flow_a_tag": "ub",
      "flow_b": 0.18577940805737425,
      "flow_b_tag": "lb",
      "flow_lb": 0.18577921390533447,
      "flow_ub": 0.3867356777191162,
      "headloss_res_a": -1.2385453895144807,
      "headloss_res_b": -0.2799027989332213
    },
    "6": {
      "flow_a": 0.17735961386587268,
      "flow_a_tag": "ub",
      "flow_b": -0.06774252345830044,
      "flow_b_tag": "lb",
      "flow_lb": -0.0677427425980568,
      "flow_ub": 0.17736011743545532,
      "headloss_res_a": -0.25474583597325945,
      "headloss_res_b": 0.03598627252201363
    },
    "7": {
      "flow_a": 0.3194202309585925,
      "flow_a_tag": "lb",
      "flow_b": 0.4445831858571933,
      "flow_b_tag": "ub",
      "flow_lb": 0.3194199204444885,
      "flow_ub": 0.4445835053920746,
      "headloss_res_a": -0.8405318013981823,
      "headloss_res_b": -1.6428054125454554
    },
    "8": {
      "flow_a": 0.3156800345447685,
      "flow_a_tag": "",
      "flow_b": 0.10464231184914642,
      "flow_b_tag": "lb",
      "flow_lb": 0.10464206337928772,
      "flow_ub": 0.32164889574050903,
      "headloss_res_a": -0.8206957926563063,
      "headloss_res_b": -0.08718657995029962
    }
  },
  "summary": {
    "flow_at_bounds": {
      "a_lb": 3,
      "a_ub": 2,
      "b_lb": 4,
      "b_ub": 1
    },
    "head_at_bounds": {
      "a_lb": 0,
      "a_ub": 0,
      "b_lb": 0,
      "b_ub": 0
    },
    "head_bounds_count": 6,
    "junction_count": 6,
    "min_demand_slack_a": 0.04931733662080259,
    "min_demand_slack_b": 0.002273946634778452,
    "pipe_count": 8,
    "total_demand_a": 1.1200000047683716,
    "total_demand_b": 1.1200000047683714,
    "total_demand_res_a": 0.0,
    "total_demand_res_b": -2.220446049250313e-16,
    "total_demand_target": 1.1200000047683716
  }
}