{
  "best_bound": null,
  "demands_a": {
    "1": 0.13832042067889583,
    "2": 0.16243222089215947,
    "3": 0.1049967944966741,
    "4": 0.049318336620802594,
    "5": 0.1008370266222327,
    "6": 0.5640952054576069,
    "7": -1.1200000047683716
  },
  "demands_b": {
    "1": 0.17238483530744686,
    "2": 0.002274946634778452,
    "3": 0.03134496364988387,
    "4": 0.29033074899877376,
    "5": 0.5056276255784147,
    "6": 0.11803688459907381,
    "7": -1.1200000047683714
  },
  "flows_a": {
    "1": 1.1200000047683716,
    "2": 0.4244170254552666,
    "3": 0.5331507584209455,
    "4": 0.09709683020840872,
    "5": 0.3867355915917342,
    "6": 0.17735961386587268,
    "7": 0.3194202309585925,
    "8": 0.3156800345447685
  },
  "flows_b": {
    "1": 1.1200000047683716,
    "2": 0.4759281495070772,
    "3": 0.6417969086265158,
    "4": 0.16568675157036783,
    "5": 0.18577940805737425,
    "6": -0.06774252345830044,
    "7": 0.4445831858571933,
    "8": 0.10464231184914642
  },
  "heads_a": {
    "1": 207.82388840359513,
    "2": 208.3993620394407,
    "3": 208.13401540990176,
    "4": 207.9945367994762,
    "5": 207.97726072419763,
    "6": 207.77116295307277,
    "7": 210.0
  },
  "heads_b": {
    "1": 207.7622935051332,
    "2": 208.3993620394407,
    "3": 208.07130604430142,
    "4": 207.82861755756528,
    "5": 207.78213796572496,
    "6": 207.7711629530725,
    "7": 210.0
  },
  "max_violation": 0.0,
  "min_demand_viol": 0.002273946634778452,
  "norm": 2,
  "objective": 0.4531457665593119,
  "p": 1,
  "radius": 0.6731610257281031,
  "solver_status": "HxSolutionStatus.OPTIMAL"
}