{
  "junctions": {
    "1": {
      "demand_a": 0.1002010414702096,
      "demand_b": 0.22546286440077587,
      "demand_lb": 1e-06,
      "head_a": 207.84395188623742,
      "head_a_tag": "",
      "head_b": 207.82664936765232,
      "head_b_tag": "",
      "head_lb": 193.4611532898627,
      "head_ub": 226.5388467101373
    },
    "2": {
      "demand_a": 0.12049370906257095,
      "demand_b": 0.08350566014890459,
      "demand_lb": 1e-06,
      "head_a": 208.3993620394407,
      "head_a_tag": "",
      "head_b": 208.3993620394407,
      "head_b_tag": "",
      "head_lb": 197.73885171300606,
      "head_ub": 222.26114828699394
    },
    "3": {
      "demand_a": 0.07321356500045595,
      "demand_b": 0.12379389264751417,
      "demand_lb": 1e-06,
      "head_a": 208.1130156551776,
      "head_a_tag": "",
      "head_b": 208.08524895884884,
      "head_b_tag": "",
      "head_lb": 195.62629393444394,
      "head_ub": 224.37370606555606
    },
    "4": {
      "demand_a": 0.08902731175901185,
      "demand_b": 0.17278785074615355,
      "demand_lb": 1e-06,
      "head_a": 207.9599659704737,
      "head_a_tag": "",
      "head_b": 207.93881670757986,
      "head_b_tag": "",
      "head_lb": 194.2896568934707,
      "head_ub": 225.7103431065293
    },
    "5": {
      "demand_a": 0.34722818664324373,
      "demand_b": 0.24882399968209196,
      "demand_lb": 1e-06,
      "head_a": 207.90821947441682,
      "head_a_tag": "",
      "head_b": 207.9082194744168,
      "head_b_tag": "",
      "head_lb": 194.17031922671646,
      "head_ub": 225.82968077328354
    },
    "6": {
      "demand_a": 0.38983619083287946,
      "demand_b": 0.2656257371429315,
      "demand_lb": 1e-06,
      "head_a": 207.8266528450261,
      "head_a_tag": "",
      "head_b": 207.8266528450261,
      "head_b_tag": "",
      "head_lb": 193.36886889046428,
      "head_ub": 226.63113110953572
    }
  },
  "metadata": {
    "DEMAND_INTERVALS": false,
    "DEMAND_LB": 1e-06,
    "FIX_TOTAL_DEMAND": true,
    "GLOBAL_SOLVER": "couenne",
    "HEADLOSS_MODEL": "hw",
    "MEASUREMENT_HEADS_EQUAL_ONLY": true,
    "MEASUREMENT_SITES": [
      "5",
      "6"
    ],
    "MULTI_STARTS": 10,
    "MULTI_START_NOISE": 0.05,
    "NORM": 2,
    "PIPE_BOUNDS": true,
    "PIPE_BOUND_METHOD": "perturb",
    "PIPE_BOUND_PERTURB_BASE": "base",
    "PIPE_BOUND_PERTURB_FIX_TOTAL": true,
    "PIPE_BOUND_PERTURB_SAMPLES": 25,
    "PIPE_BOUND_PERTURB_SEED": 1,
    "PIPE_BOUND_PERTURB_SIGMA": 0.15,
    "PIPE_BOUND_POLICY": "minmax",
    "PIPE_BOUND_SAFENESS": 0.85,
    "RADIUS": true,
    "SCENARIO_SOURCE": "base",
    "SINGLE_NODE_SOLUTION": false,
    "SOLVER": "hexaly_xd",
    "USE_RESERVOIR_OUTFLOW_CONSTRAINT": false,
    "WDN_NAME": "Alperovits",
    "output_dir": "data/Alperovits-B-batch-20260401-112751/5_6",
    "timestamp": "20260401-112751"
  },
  "output_dir": "data/Alperovits-B-batch-20260401-112751/5_6",
  "pipes": {
    "1": {
      "flow_a": 1.1200000047683716,
      "flow_a_tag": "lb",
      "flow_b": 1.1200000047683716,
      "flow_b_tag": "lb",
      "flow_lb": 1.1200000047683716,
      "flow_ub": 1.1200000047683716,
      "headloss_res_a": -10.660510326434622,
      "headloss_res_b": -10.660510326434622
    },
    "2": {
      "flow_a": 0.4422354457795187,
      "flow_a_tag": "lb",
      "flow_b": 0.46489700106482723,
      "flow_b_tag": "ub",
      "flow_lb": 0.44223544001579285,
      "flow_ub": 0.4648970067501068,
      "headloss_res_a": -1.6252763803255275,
      "headloss_res_b": -1.7984446463008599
    },
    "3": {
      "flow_a": 0.557270849926282,
      "flow_a_tag": "",
      "flow_b": 0.5715973435546398,
      "flow_b_tag": "",
      "flow_lb": 0.5527145266532898,
      "flow_ub": 0.5940340161323547,
      "headloss_res_a": -2.5960865356242318,
      "headloss_res_b": -2.733017751834356
    },
    "4": {
      "flow_a": 0.1755738514724587,
      "flow_a_tag": "ub",
      "flow_b": 0.13220331528010695,
      "flow_b_tag": "lb",
      "flow_lb": 0.13220331072807312,
      "flow_ub": 0.17557385563850403,
      "headloss_res_a": -0.24956435218456235,
      "headloss_res_b": -0.14023892178829495
    },
    "5": {
      "flow_a": 0.2926696866948114,
      "flow_a_tag": "",
      "flow_b": 0.26660617752837923,
      "flow_b_tag": "",
      "flow_lb": 0.2579752802848816,
      "flow_ub": 0.329729825258255,
      "headloss_res_a": -0.7039280545263027,
      "headloss_res_b": -0.5825972664889594
    },
    "6": {
      "flow_a": 0.09716650413806803,
      "flow_a_tag": "ub",
      "flow_b": -0.0009804403854477717,
      "flow_b_tag": "lb",
      "flow_lb": -0.000980442389845848,
      "flow_ub": 0.097166508436203,
      "headloss_res_a": -0.07498535002275769,
      "headloss_res_b": 5.918506615834931e-06
    },
    "7": {
      "flow_a": 0.3690218807790627,
      "flow_a_tag": "",
      "flow_b": 0.34110310841731306,
      "flow_b_tag": "lb",
      "flow_lb": 0.3411029875278473,
      "flow_ub": 0.38594850897789,
      "headloss_res_a": -1.1262690271187983,
      "headloss_res_b": -0.960248023049094
    },
    "8": {
      "flow_a": 0.19736754560827763,
      "flow_a_tag": "lb",
      "flow_b": 0.22448242401532809,
      "flow_b_tag": "",
      "flow_lb": 0.19736750423908234,
      "flow_ub": 0.269355833530426,
      "headloss_res_a": -0.3164882548162008,
      "headloss_res_b": -0.4109906212253229
    }
  },
  "summary": {
    "flow_at_bounds": {
      "a_lb": 3,
      "a_ub": 2,
      "b_lb": 4,
      "b_ub": 1
    },
    "head_at_bounds": {
      "a_lb": 0,
      "a_ub": 0,
      "b_lb": 0,
      "b_ub": 0
    },
    "head_bounds_count": 6,
    "junction_count": 6,
    "min_demand_slack_a": 0.07321256500045595,
    "min_demand_slack_b": 0.08350466014890459,
    "pipe_count": 8,
    "total_demand_a": 1.1200000047683716,
    "total_demand_b": 1.1200000047683716,
    "total_demand_res_a": 0.0,
    "total_demand_res_b": 0.0,
    "total_demand_target": 1.1200000047683716
  }
}