{
  "best_bound": null,
  "demands_a": {
    "1": 0.1002010414702096,
    "2": 0.12049370906257095,
    "3": 0.07321356500045595,
    "4": 0.08902731175901185,
    "5": 0.34722818664324373,
    "6": 0.38983619083287946,
    "7": -1.1200000047683716
  },
  "demands_b": {
    "1": 0.22546286440077587,
    "2": 0.08350566014890459,
    "3": 0.12379389264751417,
    "4": 0.17278785074615355,
    "5": 0.24882399968209196,
    "6": 0.2656257371429315,
    "7": -1.1200000047683716
  },
  "flows_a": {
    "1": 1.1200000047683716,
    "2": 0.4422354457795187,
    "3": 0.557270849926282,
    "4": 0.1755738514724587,
    "5": 0.2926696866948114,
    "6": 0.09716650413806803,
    "7": 0.3690218807790627,
    "8": 0.19736754560827763
  },
  "flows_b": {
    "1": 1.1200000047683716,
    "2": 0.46489700106482723,
    "3": 0.5715973435546398,
    "4": 0.13220331528010695,
    "5": 0.26660617752837923,
    "6": -0.0009804403854477717,
    "7": 0.34110310841731306,
    "8": 0.22448242401532809
  },
  "heads_a": {
    "1": 207.84395188623742,
    "2": 208.3993620394407,
    "3": 208.1130156551776,
    "4": 207.9599659704737,
    "5": 207.90821947441682,
    "6": 207.8266528450261,
    "7": 210.0
  },
  "heads_b": {
    "1": 207.82664936765232,
    "2": 208.3993620394407,
    "3": 208.08524895884884,
    "4": 207.93881670757986,
    "5": 207.9082194744168,
    "6": 207.8266528450261,
    "7": 210.0
  },
  "max_violation": 0.0,
  "min_demand_viol": 0.07321256500045595,
  "norm": 2,
  "objective": 0.051744458299976585,
  "p": 2,
  "radius": 0.22747408269949476,
  "solver_status": "HxSolutionStatus.OPTIMAL"
}