{
  "best_bound": null,
  "demands_a": {
    "1": 0.14505423057664701,
    "2": 0.11387835907665478,
    "3": 0.08201571439956168,
    "4": 0.0908041508704518,
    "5": 0.30883214846615836,
    "6": 0.37941540137889784,
    "7": -1.1200000047683716
  },
  "demands_b": {
    "1": 0.21121765717070817,
    "2": 0.08916592284484848,
    "3": 0.11580478643456271,
    "4": 0.1602094149413399,
    "5": 0.2611259664732005,
    "6": 0.2824762569037117,
    "7": -1.1200000047683716
  },
  "flows_a": {
    "1": 1.1200000047683716,
    "2": 0.4462218677406201,
    "3": 0.5598997779510966,
    "4": 0.16816721262376055,
    "5": 0.30092841445688423,
    "6": 0.07848698692201363,
    "7": 0.36420615334105844,
    "8": 0.22354121749866063
  },
  "flows_b": {
    "1": 1.1200000047683716,
    "2": 0.46135332227032494,
    "3": 0.5694807596531981,
    "4": 0.13911864813612115,
    "5": 0.2701526965757371,
    "6": 0.012323560327974627,
    "7": 0.3455485358357622,
    "8": 0.2235412174986828
  },
  "heads_a": {
    "1": 207.82740499734135,
    "2": 208.3993620394407,
    "3": 208.1082169265077,
    "4": 207.95611933353874,
    "5": 207.90834284066798,
    "6": 207.815755515955,
    "7": 210.0
  },
  "heads_b": {
    "1": 207.82740499734132,
    "2": 208.3993620394407,
    "3": 208.08966884972136,
    "4": 207.9419700631292,
    "5": 207.908342840668,
    "6": 207.82702726450108,
    "7": 210.0
  },
  "max_violation": 0.0,
  "min_demand_viol": 0.08201471439956168,
  "norm": 2.0,
  "objective": 0.02262017312484124,
  "p": 2,
  "radius": 0.1504000436331095,
  "solver_status": "HxSolutionStatus.OPTIMAL"
}