{
  "C_bounds": {
    "1": 0.18912002444267273,
    "10": 0.037094879895448685,
    "12": 0.019883129745721817,
    "14": 0.021436985582113266,
    "16": 0.014262482523918152,
    "18": 0.025614239275455475,
    "2": 0.08126632869243622,
    "20": 0.006846603937447071,
    "22": 0.016797976568341255,
    "24": 0.010511047206819057,
    "26": 0.020829951390624046,
    "28": 0.015310738235712051,
    "30": 0.019574880599975586,
    "32": 0.019740989431738853,
    "34": 0.028005842119455338,
    "36": 0.01881066896021366,
    "38": 0.018880587071180344,
    "4": 0.06550092995166779,
    "40": 0.0352771021425724,
    "42": 0.01329136360436678,
    "44": 0.016134459525346756,
    "46": 0.02026054821908474,
    "48": 0.007044963072985411,
    "50": 0.028059057891368866,
    "52": 0.017505863681435585,
    "54": 0.02289876528084278,
    "56": 0.015087492763996124,
    "58": 0.03019123151898384,
    "6": 0.03940384089946747,
    "60": 0.019592784345149994,
    "62": 0.009699055925011635,
    "64": 0.005495249759405851,
    "66": 0.004486588295549154,
    "68": 0.01480045635253191,
    "70": 0.013779793865978718,
    "72": 0.004793699365109205,
    "74": 0.023760538548231125,
    "76": 0.008544033393263817,
    "8": 0.002491282531991601
  },
  "base_flows": {
    "1": 0.18912002444267273,
    "10": 0.03665953502058983,
    "12": 0.019781170412898064,
    "14": 0.021195676177740097,
    "16": 0.014074712991714478,
    "18": 0.02548769861459732,
    "2": 0.08088889718055725,
    "20": 0.006450112909078598,
    "22": 0.016311058774590492,
    "24": 0.010134711861610413,
    "26": 0.019738774746656418,
    "28": 0.014659506268799305,
    "30": 0.019326739013195038,
    "32": 0.019523635506629944,
    "34": 0.027695585042238235,
    "36": 0.018563633784651756,
    "38": 0.018440065905451775,
    "4": 0.06521343439817429,
    "40": 0.034758370369672775,
    "42": 0.012581492774188519,
    "44": 0.015087845735251904,
    "46": 0.019572850316762924,
    "48": 0.006522620562463999,
    "50": 0.027788860723376274,
    "52": 0.016951432451605797,
    "54": 0.019672133028507233,
    "56": 0.013583564199507236,
    "58": 0.027408115565776825,
    "6": 0.03917767107486725,
    "60": 0.01795167848467827,
    "62": 0.007670691702514887,
    "64": 0.005088323261588812,
    "66": 0.004423312842845917,
    "68": 0.012113513424992561,
    "70": 0.011530648916959763,
    "72": 0.003246487583965063,
    "74": 0.022435840219259262,
    "76": 0.007075839210301638,
    "8": 0.0022925168741494417
  },
  "c_bounds": {
    "1": 0.18912002444267273,
    "10": 0.03621004894375801,
    "12": 0.01969151757657528,
    "14": 0.020930293947458267,
    "16": 0.013912584632635117,
    "18": 0.025259651243686676,
    "2": 0.0807003304362297,
    "20": 0.00594573887065053,
    "22": 0.016077831387519836,
    "24": 0.009536479599773884,
    "26": 0.01894422248005867,
    "28": 0.014291252009570599,
    "30": 0.01899469830095768,
    "32": 0.01927671954035759,
    "34": 0.0273591261357069,
    "36": 0.018348271027207375,
    "38": 0.017696484923362732,
    "4": 0.06507140398025513,
    "40": 0.03409574180841446,
    "42": 0.011307762935757637,
    "44": 0.013517831452190876,
    "46": 0.018659140914678574,
    "48": 0.005763679277151823,
    "50": 0.027486592531204224,
    "52": 0.016400272026658058,
    "54": 0.016385603696107864,
    "56": 0.012008121237158775,
    "58": 0.024640610441565514,
    "6": 0.0390416719019413,
    "60": 0.014521673321723938,
    "62": 0.004098441917449236,
    "64": 0.004575498402118683,
    "66": 0.0043516443111002445,
    "68": 0.010593310929834843,
    "70": 0.009873676113784313,
    "72": 0.00036285450914874673,
    "74": 0.021433977410197258,
    "76": 0.0054750386625528336,
    "8": 0.0020796682219952345
  },
  "inp_path": "./wdn/Anytown.inp",
  "pipe_bounds_enabled": true,
  "pipe_bounds_params": {
    "PIPE_BOUND_METHOD": "perturb",
    "PIPE_BOUND_PERTURB_BASE": "base",
    "PIPE_BOUND_PERTURB_FIX_TOTAL": true,
    "PIPE_BOUND_PERTURB_SAMPLES": 25,
    "PIPE_BOUND_PERTURB_SEED": 1,
    "PIPE_BOUND_PERTURB_SIGMA": 0.1,
    "PIPE_BOUND_POLICY": "minmax",
    "PIPE_BOUND_SAFENESS": 0.85
  },
  "scenario_demands": {
    "100": 0.0024,
    "110": 0.0024,
    "115": 0.0384,
    "120": 0.057600000000000005,
    "130": 0.057600000000000005,
    "140": 0.0384,
    "150": 0.057600000000000005,
    "160": 0.057600000000000005,
    "170": 0.057600000000000005,
    "20": 0.0096,
    "30": 0.0024,
    "40": 0.0024,
    "50": 0.0024,
    "55": 0.0384,
    "60": 0.0024,
    "70": 0.0024,
    "75": 0.0384,
    "80": 0.0024,
    "90": 0.0024
  },
  "scenario_flows": {
    "1": 0.18912002444267273,
    "10": 0.03665953502058983,
    "12": 0.019781170412898064,
    "14": 0.021195676177740097,
    "16": 0.014074712991714478,
    "18": 0.02548769861459732,
    "2": 0.08088889718055725,
    "20": 0.006450112909078598,
    "22": 0.016311058774590492,
    "24": 0.010134711861610413,
    "26": 0.019738774746656418,
    "28": 0.014659506268799305,
    "30": 0.019326739013195038,
    "32": 0.019523635506629944,
    "34": 0.027695585042238235,
    "36": 0.018563633784651756,
    "38": 0.018440065905451775,
    "4": 0.06521343439817429,
    "40": 0.034758370369672775,
    "42": 0.012581492774188519,
    "44": 0.015087845735251904,
    "46": 0.019572850316762924,
    "48": 0.006522620562463999,
    "50": 0.027788860723376274,
    "52": 0.016951432451605797,
    "54": 0.019672133028507233,
    "56": 0.013583564199507236,
    "58": 0.027408115565776825,
    "6": 0.03917767107486725,
    "60": 0.01795167848467827,
    "62": 0.007670691702514887,
    "64": 0.005088323261588812,
    "66": 0.004423312842845917,
    "68": 0.012113513424992561,
    "70": 0.011530648916959763,
    "72": 0.003246487583965063,
    "74": 0.022435840219259262,
    "76": 0.007075839210301638,
    "8": 0.0022925168741494417
  },
  "scenario_hash": "8f18d5cad377061d310f76c1d450460aa9eb08df938ff45639d0a4ab545da900",
  "scenario_heads": {
    "100": 106.24346160888672,
    "110": 106.07441711425781,
    "115": 105.615234375,
    "120": 105.70913696289062,
    "130": 105.46675872802734,
    "140": 105.85082244873047,
    "150": 106.06112670898438,
    "160": 105.76670837402344,
    "170": 105.06056213378906,
    "180": 120.0,
    "20": 119.11461639404297,
    "30": 106.76632690429688,
    "40": 106.60629272460938,
    "50": 106.46052551269531,
    "55": 105.72283935546875,
    "60": 106.60926818847656,
    "70": 106.81730651855469,
    "75": 105.63580322265625,
    "80": 106.3165512084961,
    "90": 106.37239074707031
  },
  "scenario_name": "base",
  "scenario_source": "base",
  "timestamp": "20260417-151451",
  "wdn": "Anytown",
  "wdn_name": "Anytown"
}