{
  "junctions": {
    "1": {
      "demand_a": 0.2205816917926351,
      "demand_b": 0.1332164619598951,
      "demand_lb": 1e-06,
      "head_a": 207.82402142080056,
      "head_a_tag": "",
      "head_b": 207.8240214208006,
      "head_b_tag": "",
      "head_lb": 193.62708714484413,
      "head_ub": 226.37291285515587
    },
    "2": {
      "demand_a": 0.09361507878142472,
      "demand_b": 0.10632108208515745,
      "demand_lb": 1e-06,
      "head_a": 208.3993620394407,
      "head_a_tag": "",
      "head_b": 208.3993620394407,
      "head_b_tag": "",
      "head_lb": 197.73885171300606,
      "head_ub": 222.26114828699394
    },
    "3": {
      "demand_a": 0.11338070408144924,
      "demand_b": 0.07119256275009894,
      "demand_lb": 1e-06,
      "head_a": 208.0926759859611,
      "head_a_tag": "",
      "head_b": 208.1082155440573,
      "head_b_tag": "",
      "head_lb": 195.6583771104362,
      "head_ub": 224.3416228895638
    },
    "4": {
      "demand_a": 0.15017502362094043,
      "demand_b": 0.10745888258412134,
      "demand_lb": 1e-06,
      "head_a": 207.94497741737425,
      "head_a_tag": "",
      "head_b": 207.94497741737425,
      "head_b_tag": "",
      "head_lb": 194.40450298777,
      "head_ub": 225.59549701223
    },
    "5": {
      "demand_a": 0.25176170741331466,
      "demand_b": 0.3314942122471708,
      "demand_lb": 1e-06,
      "head_a": 207.91135019463917,
      "head_a_tag": "",
      "head_b": 207.89720092492325,
      "head_b_tag": "",
      "head_lb": 194.28361303052068,
      "head_ub": 225.71638696947932
    },
    "6": {
      "demand_a": 0.29048579907860744,
      "demand_b": 0.3703168031419279,
      "demand_lb": 1e-06,
      "head_a": 207.82364368792886,
      "head_a_tag": "",
      "head_b": 207.81237193948326,
      "head_b_tag": "",
      "head_lb": 193.56687411412554,
      "head_ub": 226.43312588587446
    }
  },
  "metadata": {
    "DEMAND_LB": 1e-06,
    "DEMAND_RESTRICTION_MODE": null,
    "DEVIATION_ALPHA": null,
    "FIX_TOTAL_DEMAND": true,
    "GLOBAL_SOLVER": null,
    "HEADLOSS_MODEL": "hw",
    "MEASUREMENT_HEADS_EQUAL_ONLY": true,
    "MEASUREMENT_SITES": [
      "1",
      "4"
    ],
    "MULTI_STARTS": 1,
    "MULTI_START_NOISE": 0.05,
    "MULTI_START_NOISE_REL": 0.25,
    "NORM": 2.0,
    "OUTPUT_DIR": "data/Alperovits/3e031e7c",
    "PIPE_BOUNDS": true,
    "RADIUS_TO_FIXED": null,
    "SCENARIO": "base",
    "SCENARIO_FILE": "scenario/Alperovits/base.json",
    "SOLVER": "Hexaly_xd",
    "USE_RESERVOIR_OUTFLOW_CONSTRAINT": false,
    "WDN": "Alperovits",
    "WDN_NAME": "Alperovits",
    "output_dir": "data/Alperovits/3e031e7c/1_4",
    "timestamp": "20260421-175331"
  },
  "output_dir": "data/Alperovits/3e031e7c/1_4",
  "pipes": {
    "1": {
      "flow_a": 1.1200000047683716,
      "flow_a_tag": "lb",
      "flow_b": 1.1200000047683716,
      "flow_b_tag": "lb",
      "flow_lb": 1.1200000047683716,
      "flow_ub": 1.1200000047683716,
      "headloss_res_a": -10.660510326434622,
      "headloss_res_b": -10.660510326434622
    },
    "2": {
      "flow_a": 0.4589290151061567,
      "flow_a_tag": "",
      "flow_b": 0.4462230118024239,
      "flow_b_tag": "",
      "flow_lb": 0.44622185826301575,
      "flow_ub": 0.4613533318042755,
      "headloss_res_a": -1.751981066221643,
      "headloss_res_b": -1.655105281818263
    },
    "3": {
      "flow_a": 0.5674559108807902,
      "flow_a_tag": "",
      "flow_b": 0.5674559108807902,
      "flow_b_tag": "",
      "flow_lb": 0.5568748712539673,
      "flow_ub": 0.5840606689453125,
      "headloss_res_a": -2.693069034067389,
      "headloss_res_b": -2.693069034067389
    },
    "4": {
      "flow_a": 0.13911864874711494,
      "flow_a_tag": "lb",
      "flow_b": 0.1681672118251195,
      "flow_b_tag": "ub",
      "flow_lb": 0.13911864161491394,
      "flow_ub": 0.16816721856594086,
      "headloss_res_a": -0.15554867224765206,
      "headloss_res_b": -0.22864877806646083
    },
    "5": {
      "flow_a": 0.2781622385127348,
      "flow_a_tag": "",
      "flow_b": 0.2918298164715493,
      "flow_b_tag": "",
      "flow_lb": 0.27015259861946106,
      "flow_ub": 0.3175203204154968,
      "headloss_res_a": -0.6349616396560817,
      "headloss_res_b": -0.6998373575714957
    },
    "6": {
      "flow_a": 0.012323560565872648,
      "flow_a_tag": "lb",
      "flow_b": 0.07848698667037857,
      "flow_b_tag": "ub",
      "flow_lb": 0.012323553673923016,
      "flow_ub": 0.07848699390888214,
      "headloss_res_a": -0.0011067237231767997,
      "headloss_res_b": -0.04856353829490285
    },
    "7": {
      "flow_a": 0.34554831102470746,
      "flow_a_tag": "lb",
      "flow_b": 0.37503044905232497,
      "flow_b_tag": "ub",
      "flow_lb": 0.3455483019351959,
      "flow_ub": 0.3750304579734802,
      "headloss_res_a": -0.985786505684715,
      "headloss_res_b": -1.1637493953761975
    },
    "8": {
      "flow_a": 0.23290525235850773,
      "flow_a_tag": "",
      "flow_b": 0.21170344863027366,
      "flow_b_tag": "lb",
      "flow_lb": 0.211703360080719,
      "flow_ub": 0.2591662108898163,
      "headloss_res_a": -0.4428882419649123,
      "headloss_res_b": -0.36489800913859793
    }
  },
  "summary": {
    "flow_at_bounds": {
      "a_lb": 4,
      "a_ub": 0,
      "b_lb": 2,
      "b_ub": 3
    },
    "head_at_bounds": {
      "a_lb": 0,
      "a_ub": 0,
      "b_lb": 0,
      "b_ub": 0
    },
    "head_bounds_count": 6,
    "junction_count": 6,
    "min_demand_slack_a": 0.09361407878142472,
    "min_demand_slack_b": 0.07119156275009894,
    "pipe_count": 8,
    "total_demand_a": 1.1200000047683716,
    "total_demand_b": 1.1200000047683714,
    "total_demand_res_a": 0.0,
    "total_demand_res_b": -2.220446049250313e-16,
    "total_demand_target": 1.1200000047683716
  }
}