{
  "best_bound": null,
  "demands_a": {
    "1": 0.13321636617183685,
    "2": 0.10632316341179071,
    "3": 0.07119140028953552,
    "4": 0.10745748912638309,
    "5": 0.3314943164587021,
    "6": 0.3703172693101233,
    "7": -1.1200000047683716
  },
  "demands_b": {
    "1": 0.24684265721589327,
    "2": 0.10528916917676945,
    "3": 0.1070116688755306,
    "4": 0.12201520076663663,
    "5": 0.22550073266029358,
    "6": 0.31334057607324795,
    "7": -1.1200000047683716
  },
  "flows_a": {
    "1": 1.1200000047683716,
    "2": 0.44622185826301575,
    "3": 0.5674549830935651,
    "4": 0.16816721856594086,
    "5": 0.2918302754012412,
    "6": 0.07848699390888214,
    "7": 0.3750304579734802,
    "8": 0.211703360080719
  },
  "flows_b": {
    "1": 1.1200000047683716,
    "2": 0.4525599708107265,
    "3": 0.5621508647808755,
    "4": 0.13911864161491394,
    "5": 0.30101702239932493,
    "6": 0.012323553673923016,
    "7": 0.3455483019351959,
    "8": 0.2591662108898163
  },
  "heads_a": {
    "1": 207.82402243764443,
    "2": 208.3993620394407,
    "3": 208.1082169153323,
    "4": 207.94497876027253,
    "5": 207.897202286902,
    "6": 207.81237295433735,
    "7": 210.0
  },
  "heads_b": {
    "1": 207.81275063120955,
    "2": 208.3993620394407,
    "3": 208.1005118707577,
    "4": 207.952813330319,
    "5": 207.91918608826927,
    "6": 207.81237289872902,
    "7": 210.0
  },
  "max_violation": 0.0,
  "min_demand_viol": 0.07119040028953552,
  "norm": 2,
  "objective": 0.028888005148919524,
  "p": 2,
  "radius": 0.16996471736486815,
  "solver_status": "HxSolutionStatus.OPTIMAL"
}