{
  "best_bound": null,
  "demands_a": {
    "10": 0.002900062755743768,
    "11": 0.011003842368662767,
    "12": 0.007041549356976675,
    "13": 0.015887575181031607,
    "14": 0.009719453055059587,
    "15": 0.007460289672497169,
    "16": 0.008129574588284037,
    "17": 0.007104575949801731,
    "18": 0.003454386344915959,
    "19": 0.005140024149973676,
    "20": 0.0019247060398602332,
    "21": 0.008177995408543557,
    "22": 0.00442681380292318,
    "23": 0.0016508560484053466,
    "24": 0.0034435022153675443,
    "25": 0.003970664140363976,
    "26": 0.0014775361646083333,
    "27": -0.14699999988079068,
    "3": 0.01738820721793244,
    "4": 1.031803815693122e-06,
    "5": 0.003447230973311885,
    "6": 0.004098867972511532,
    "7": 0.0037823089104801044,
    "8": 0.0027032226447089736,
    "9": 0.012665723115010935
  },
  "demands_b": {
    "10": 0.013387433764909452,
    "11": 0.0021760391250433067,
    "12": 0.014228321969578163,
    "13": 0.008179175895384595,
    "14": 0.007264382212182606,
    "15": 0.01098850702566851,
    "16": 0.006397171376029699,
    "17": 0.003975585939813021,
    "18": 0.0014964603824530812,
    "19": 0.002848248610485441,
    "20": 0.004327312921395543,
    "21": 0.012459702421917275,
    "22": 0.005214914314043003,
    "23": 0.002233653315804371,
    "24": 0.004902118540830467,
    "25": 0.0025315207994645833,
    "26": 0.0014529641591615912,
    "27": -0.14699999988079068,
    "3": 0.01124898233468924,
    "4": 0.01126909468956766,
    "5": 0.004644636212986414,
    "6": 0.0029535781469201723,
    "7": 0.0016614616251324314,
    "8": 0.00952739000738284,
    "9": 0.001631344089947237
  },
  "flows_a": {
    "1": 0.1469999998807907,
    "10": 0.0122582628437582,
    "12": 0.06458682375211584,
    "13": 0.04339197830862687,
    "14": 0.032388135939964105,
    "15": 0.02534658658298743,
    "16": 0.019579763535444595,
    "17": 0.012119473862947426,
    "18": 0.024238118573400604,
    "19": 0.0009582779786844214,
    "2": 0.12961179266285827,
    "20": 0.010962510606685351,
    "21": 0.0025388097886986124,
    "22": 0.017483536644269285,
    "23": 0.012309940553123452,
    "24": 0.002832936018401314,
    "25": 0.00573006232719512,
    "26": 0.008665087518031467,
    "27": 0.0016145577791576446,
    "28": 0.002290612072601179,
    "29": 0.001234818835786088,
    "3": 0.0327784504564712,
    "30": 0.0011642961660920006,
    "31": 0.00701423146962612,
    "32": 0.005185287033416221,
    "33": 0.0035052349656534247,
    "34": 0.0032625176368311797,
    "4": 0.029331219483159317,
    "5": 0.019289015624992384,
    "6": 0.01550670671451228,
    "7": 0.09683231040257137,
    "8": 0.0059433358856554016,
    "9": -0.0005452212260451071
  },
  "flows_b": {
    "1": 0.1469999998807907,
    "10": 0.009358597627842231,
    "12": 0.06819139513482729,
    "13": 0.03872229389495966,
    "14": 0.03654625476991635,
    "15": 0.02231793280033819,
    "16": 0.02188086039658507,
    "17": 0.010892353370916558,
    "18": 0.02246819738308807,
    "19": -0.0010802945848668512,
    "2": 0.13575101754610147,
    "20": 0.011304592026866967,
    "21": 0.002094215415659625,
    "22": 0.0170545601270654,
    "23": 0.01245150108841364,
    "24": 0.004907420650837269,
    "25": 0.00404659218565112,
    "26": 0.009395892988463477,
    "27": 0.0025653886455372305,
    "28": 0.001356040702123069,
    "29": 0.0008526271316825134,
    "3": 0.032778323235174205,
    "30": 0.0021652216614977252,
    "31": 0.007162239672659106,
    "32": 0.004825509777365869,
    "33": 0.003650029680024355,
    "34": 0.003049692652545277,
    "4": 0.02813368702218779,
    "5": 0.018793578967137726,
    "6": 0.017132117342005294,
    "7": 0.0917035996213596,
    "8": 0.006386529908129892,
    "9": 0.0017538702932197762
  },
  "heads_a": {
    "10": 98.67871953117233,
    "11": 98.57416301362426,
    "12": 98.47605332366285,
    "13": 98.23181035840383,
    "14": 97.99509085996687,
    "15": 99.10235315275321,
    "16": 98.11394403067142,
    "17": 97.85726846038952,
    "18": 99.0505904734318,
    "19": 98.53583302504374,
    "20": 98.2382425665158,
    "21": 98.10808668313742,
    "22": 97.82128746200448,
    "23": 98.92423550547609,
    "24": 98.52908256595562,
    "25": 98.21061339638466,
    "26": 98.08724205491316,
    "27": 100.0,
    "3": 99.86548845892499,
    "4": 99.57428395419063,
    "5": 99.51068411086182,
    "6": 99.02662105178962,
    "7": 98.53231838452147,
    "8": 98.23530976842379,
    "9": 99.17188391751911
  },
  "heads_b": {
    "10": 98.63905711245911,
    "11": 98.55437869726418,
    "12": 98.43167373491009,
    "13": 98.23871238494834,
    "14": 98.06253129548335,
    "15": 99.09898545951668,
    "16": 98.11394403067142,
    "17": 97.96604263293615,
    "18": 99.05650841981617,
    "19": 98.51489085060904,
    "20": 98.23068160053995,
    "21": 98.09774015927077,
    "22": 97.85252219837619,
    "23": 98.90971110802188,
    "24": 98.498977203409,
    "25": 98.22021738525781,
    "26": 98.08724205491318,
    "27": 100.0,
    "3": 99.86548845892499,
    "4": 99.54822456364843,
    "5": 99.48462517747907,
    "6": 99.0365258228656,
    "7": 98.56547876558771,
    "8": 98.2082512972422,
    "9": 99.1844033580595
  },
  "max_violation": 0.0,
  "min_demand_viol": 3.180381569312201e-08,
  "norm": 2.0,
  "objective": 0.0007088325341265497,
  "p": 2,
  "radius": 0.026623909069228537,
  "solver_status": "HxSolutionStatus.OPTIMAL"
}