{
  "junctions": {
    "10": {
      "demand_a": 0.013304554935784856,
      "demand_b": 0.002903729256283072,
      "demand_lb": 1e-06,
      "head_a": 98.63905652400614,
      "head_a_tag": "",
      "head_b": 98.67872168208784,
      "head_b_tag": "",
      "head_lb": 86.59928162241783,
      "head_ub": 113.40071837758217
    },
    "11": {
      "demand_a": 0.0021760311098780183,
      "demand_b": 0.011003848394622685,
      "demand_lb": 1e-06,
      "head_a": 98.5543780865702,
      "head_a_tag": "",
      "head_b": 98.57416519130696,
      "head_b_tag": "",
      "head_lb": 85.54316009208108,
      "head_ub": 114.45683990791892
    },
    "12": {
      "demand_a": 0.014228307127098088,
      "demand_b": 0.007041568450779731,
      "demand_lb": 1e-06,
      "head_a": 98.43167304022896,
      "head_a_tag": "",
      "head_b": 98.47605556880166,
      "head_b_tag": "",
      "head_lb": 84.33481739251032,
      "head_ub": 115.66518260748968
    },
    "13": {
      "demand_a": 0.008077270273822056,
      "demand_b": 0.01578287268924971,
      "demand_lb": 1e-06,
      "head_a": 98.23871123632597,
      "head_a_tag": "",
      "head_b": 98.23181315887676,
      "head_b_tag": "",
      "head_lb": 82.05642023912475,
      "head_ub": 117.94357976087525
    },
    "14": {
      "demand_a": 0.006597802701227517,
      "demand_b": 0.010601647990297957,
      "demand_lb": 1e-06,
      "head_a": 98.06252961653989,
      "head_a_tag": "",
      "head_b": 97.99509475943715,
      "head_b_tag": "",
      "head_lb": 78.36141323779582,
      "head_ub": 121.63858676220418
    },
    "15": {
      "demand_a": 0.010988507025069939,
      "demand_b": 0.007460289673084319,
      "demand_lb": 1e-06,
      "head_a": 99.09898535276713,
      "head_a_tag": "",
      "head_b": 99.10235506457803,
      "head_b_tag": "",
      "head_lb": 91.7092797959201,
      "head_ub": 108.2907202040799
    },
    "16": {
      "demand_a": 0.008573556805906045,
      "demand_b": 0.006159782273965719,
      "demand_lb": 1e-06,
      "head_a": 98.1118528176053,
      "head_a_tag": "",
      "head_b": 98.11185281760531,
      "head_b_tag": "",
      "head_lb": 80.45195379991088,
      "head_ub": 119.54804620008912
    },
    "17": {
      "demand_a": 0.006727671457614194,
      "demand_b": 0.004032593099381789,
      "demand_lb": 1e-06,
      "head_a": 97.90156071987069,
      "head_a_tag": "",
      "head_b": 97.9325876879868,
      "head_b_tag": "",
      "head_lb": 76.27685648606263,
      "head_ub": 123.72314351393737
    },
    "18": {
      "demand_a": 0.0014964603862320427,
      "demand_b": 0.0034543863412650026,
      "demand_lb": 1e-06,
      "head_a": 99.0565083130672,
      "head_a_tag": "",
      "head_b": 99.0505923852559,
      "head_b_tag": "",
      "head_lb": 91.21616132819784,
      "head_ub": 108.78383867180216
    },
    "19": {
      "demand_a": 0.0028481973701237027,
      "demand_b": 0.00514007252642423,
      "demand_lb": 1e-06,
      "head_a": 98.51489028020715,
      "head_a_tag": "",
      "head_b": 98.53583515576837,
      "head_b_tag": "",
      "head_lb": 85.09107641733966,
      "head_ub": 114.90892358266034
    },
    "20": {
      "demand_a": 0.004751276245060583,
      "demand_b": 0.0013024937274113968,
      "demand_lb": 1e-06,
      "head_a": 98.2306795840354,
      "head_a_tag": "",
      "head_b": 98.23824610671923,
      "head_b_tag": "",
      "head_lb": 81.95592940539649,
      "head_ub": 118.04407059460351
    },
    "21": {
      "demand_a": 0.007957733752880102,
      "demand_b": 0.01244657054695721,
      "demand_lb": 1e-06,
      "head_a": 98.10599562420954,
      "head_a_tag": "",
      "head_b": 98.09564867970205,
      "head_b_tag": "",
      "head_lb": 80.29368313429404,
      "head_ub": 119.70631686570596
    },
    "22": {
      "demand_a": 0.0039593225451894695,
      "demand_b": 0.005428916829260674,
      "demand_lb": 1e-06,
      "head_a": 97.86558449209213,
      "head_a_tag": "",
      "head_b": 97.81905791089898,
      "head_b_tag": "",
      "head_lb": 75.36701637652837,
      "head_ub": 124.63298362347163
    },
    "23": {
      "demand_a": 0.0022336486617930695,
      "demand_b": 0.0016508582858666444,
      "demand_lb": 1e-06,
      "head_a": 98.90971100138464,
      "head_a_tag": "",
      "head_b": 98.9242374171991,
      "head_b_tag": "",
      "head_lb": 89.28563267090023,
      "head_ub": 110.71436732909977
    },
    "24": {
      "demand_a": 0.0049021248825174635,
      "demand_b": 0.0034434915513934785,
      "demand_lb": 1e-06,
      "head_a": 98.49897660289362,
      "head_a_tag": "",
      "head_b": 98.52908471073147,
      "head_b_tag": "",
      "head_lb": 84.91835360074052,
      "head_ub": 115.08164639925948
    },
    "25": {
      "demand_a": 0.002217841809005824,
      "demand_b": 0.003939167451391697,
      "demand_lb": 1e-06,
      "head_a": 98.2202166852792,
      "head_a_tag": "",
      "head_b": 98.21061478866262,
      "head_b_tag": "",
      "head_lb": 81.56952160812698,
      "head_ub": 118.43047839187302
    },
    "26": {
      "demand_a": 0.0029403269928094814,
      "demand_b": 0.0011247568904725128,
      "demand_lb": 1e-06,
      "head_a": 98.06531218108499,
      "head_a_tag": "",
      "head_b": 98.08517577495972,
      "head_b_tag": "",
      "head_lb": 79.74597586422558,
      "head_ub": 120.25402413577442
    },
    "3": {
      "demand_a": 0.011248972329406193,
      "demand_b": 0.01738841780521866,
      "demand_lb": 1e-06,
      "head_a": 99.86548845892499,
      "head_a_tag": "",
      "head_b": 99.86548845892499,
      "head_b_tag": "",
      "head_lb": 98.86528131212901,
      "head_ub": 101.13471868787099
    },
    "4": {
      "demand_a": 0.011269102839356324,
      "demand_b": 1.0286062248621164e-06,
      "demand_lb": 1e-06,
      "head_a": 99.54822452034244,
      "head_a_tag": "",
      "head_b": 99.57428483043735,
      "head_b_tag": "",
      "head_lb": 96.22023709746742,
      "head_ub": 103.77976290253258
    },
    "5": {
      "demand_a": 0.0043240031870098485,
      "demand_b": 0.0034602470541063753,
      "demand_lb": 1e-06,
      "head_a": 99.48462515853582,
      "head_a_tag": "",
      "head_b": 99.51068524882713,
      "head_b_tag": "",
      "head_lb": 95.64820714338538,
      "head_ub": 104.35179285661462
    },
    "6": {
      "demand_a": 0.003562786821198042,
      "demand_b": 0.00407370043807135,
      "demand_lb": 1e-06,
      "head_a": 99.02702216920953,
      "head_a_tag": "",
      "head_b": 99.02702216920953,
      "head_b_tag": "",
      "head_lb": 89.48828179556567,
      "head_ub": 110.51171820443433
    },
    "7": {
      "demand_a": 0.0014557734177557992,
      "demand_b": 0.003790720771217747,
      "demand_lb": 1e-06,
      "head_a": 98.56547780034487,
      "head_a_tag": "",
      "head_b": 98.53232080131606,
      "head_b_tag": "",
      "head_lb": 83.45901484936377,
      "head_ub": 116.54098515063623
    },
    "8": {
      "demand_a": 0.009527407001165302,
      "demand_b": 0.0027032337635408757,
      "demand_lb": 1e-06,
      "head_a": 98.20824981440032,
      "head_a_tag": "",
      "head_b": 98.23531262856885,
      "head_b_tag": "",
      "head_lb": 81.64697482475928,
      "head_ub": 118.35302517524072
    },
    "9": {
      "demand_a": 0.0016313202028867546,
      "demand_b": 0.012665605464303023,
      "demand_lb": 1e-06,
      "head_a": 99.18440325130503,
      "head_a_tag": "",
      "head_b": 99.17188582934841,
      "head_b_tag": "",
      "head_lb": 92.48894338194484,
      "head_ub": 107.51105661805516
    }
  },
  "metadata": {
    "DEMAND_LB": 1e-06,
    "DEMAND_RESTRICTION_MODE": null,
    "DEVIATION_ALPHA": null,
    "FIX_TOTAL_DEMAND": true,
    "GLOBAL_SOLVER": null,
    "HEADLOSS_MODEL": "hw",
    "MEASUREMENT_HEADS_EQUAL_ONLY": true,
    "MEASUREMENT_SITES": [
      "16",
      "6"
    ],
    "MULTI_STARTS": 1,
    "MULTI_START_NOISE": 0.05,
    "MULTI_START_NOISE_REL": 0.25,
    "NORM": 2.0,