{
  "junctions": {
    "1": {
      "demand_a": 0.24684263761037464,
      "demand_b": 0.1332163842200069,
      "demand_lb": 1e-06,
      "head_a": 207.80882169457723,
      "head_a_tag": "",
      "head_b": 207.8279289492168,
      "head_b_tag": "",
      "head_lb": 193.62708714484413,
      "head_ub": 226.37291285515587
    },
    "2": {
      "demand_a": 0.09942201982153498,
      "demand_b": 0.09942201982153565,
      "demand_lb": 1e-06,
      "head_a": 208.3993620394407,
      "head_a_tag": "",
      "head_b": 208.3993620394407,
      "head_b_tag": "",
      "head_lb": 197.73885171300606,
      "head_ub": 222.26114828699394
    },
    "3": {
      "demand_a": 0.11021356385912312,
      "demand_b": 0.09590607253962585,
      "demand_lb": 1e-06,
      "head_a": 208.09658378516417,
      "head_a_tag": "",
      "head_b": 208.09658378516417,
      "head_b_tag": "",
      "head_lb": 195.6583771104362,
      "head_ub": 224.3416228895638
    },
    "4": {
      "demand_a": 0.12467945357360088,
      "demand_b": 0.10481880951485623,
      "demand_lb": 1e-06,
      "head_a": 207.94888489554737,
      "head_a_tag": "",
      "head_b": 207.94888489554737,
      "head_b_tag": "",
      "head_lb": 194.40450298777,
      "head_ub": 225.59549701223
    },
    "5": {
      "demand_a": 0.22550109284591696,
      "demand_b": 0.31631997587981286,
      "demand_lb": 1e-06,
      "head_a": 207.9152576725774,
      "head_a_tag": "",
      "head_b": 207.90110840326005,
      "head_b_tag": "",
      "head_lb": 194.28361303052068,
      "head_ub": 225.71638696947932
    },
    "6": {
      "demand_a": 0.3133412370578211,
      "demand_b": 0.370316742792534,
      "demand_lb": 1e-06,
      "head_a": 207.80844396161012,
      "head_a_tag": "",
      "head_b": 207.81627946803366,
      "head_b_tag": "",
      "head_lb": 193.56687411412554,
      "head_ub": 226.43312588587446
    }
  },
  "metadata": {
    "DEMAND_LB": 1e-06,
    "DEMAND_RESTRICTION_MODE": null,
    "DEVIATION_ALPHA": null,
    "FIX_TOTAL_DEMAND": true,
    "GLOBAL_SOLVER": null,
    "HEADLOSS_MODEL": "hw",
    "MEASUREMENT_HEADS_EQUAL_ONLY": true,
    "MEASUREMENT_SITES": [
      "3",
      "4"
    ],
    "MULTI_STARTS": 1,
    "MULTI_START_NOISE": 0.05,
    "MULTI_START_NOISE_REL": 0.25,
    "NORM": 2.0,
    "OUTPUT_DIR": "data/Alperovits/3e031e7c",
    "PIPE_BOUNDS": true,
    "RADIUS_TO_FIXED": null,
    "SCENARIO": "base",
    "SCENARIO_FILE": "scenario/Alperovits/base.json",
    "SOLVER": "Hexaly_xd",
    "USE_RESERVOIR_OUTFLOW_CONSTRAINT": false,
    "WDN": "Alperovits",
    "WDN_NAME": "Alperovits",
    "output_dir": "data/Alperovits/3e031e7c/3_4",
    "timestamp": "20260421-175331"
  },
  "output_dir": "data/Alperovits/3e031e7c/3_4",
  "pipes": {
    "1": {
      "flow_a": 1.1200000047683716,
      "flow_a_tag": "lb",
      "flow_b": 1.1200000047683716,
      "flow_b_tag": "lb",
      "flow_lb": 1.1200000047683716,
      "flow_ub": 1.1200000047683716,
      "headloss_res_a": -10.660510326434622,
      "headloss_res_b": -10.660510326434622
    },
    "2": {
      "flow_a": 0.4557622073090439,
      "flow_a_tag": "",
      "flow_b": 0.4557622073090434,
      "flow_b_tag": "",
      "flow_lb": 0.44622185826301575,
      "flow_ub": 0.4613533318042755,
      "headloss_res_a": -1.7275755118194325,
      "headloss_res_b": -1.7275755118194285
    },
    "3": {
      "flow_a": 0.5648157776377928,
      "flow_a_tag": "",
      "flow_b": 0.5648157776377926,
      "flow_b_tag": "",
      "flow_lb": 0.5568748712539673,
      "flow_ub": 0.5840606689453125,
      "headloss_res_a": -2.667757092334961,
      "headloss_res_b": -2.6677570923349583
    },
    "4": {
      "flow_a": 0.1391186492729833,
      "flow_a_tag": "lb",
      "flow_b": 0.1681672115148732,
      "flow_b_tag": "ub",
      "flow_lb": 0.13911864161491394,
      "flow_ub": 0.16816721856594086,
      "headloss_res_a": -0.15554867344294454,
      "headloss_res_b": -0.2286487772102052
    },
    "5": {
      "flow_a": 0.3010176747912086,
      "flow_a_tag": "",
      "flow_b": 0.2918297566080631,
      "flow_b_tag": "",
      "flow_lb": 0.27015259861946106,
      "flow_ub": 0.3175203204154968,
      "headloss_res_a": -0.7452436576509345,
      "headloss_res_b": -0.6998370664283268
    },
    "6": {
      "flow_a": 0.01232356226661248,
      "flow_a_tag": "lb",
      "flow_b": 0.07848698618447095,
      "flow_b_tag": "ub",
      "flow_lb": 0.012323553673923016,
      "flow_ub": 0.07848699390888214,
      "headloss_res_a": -0.0011067240374964841,
      "headloss_res_b": -0.04856353768353229
    },
    "7": {
      "flow_a": 0.34554864344992076,
      "flow_a_tag": "lb",
      "flow_b": 0.3598561347694175,
      "flow_b_tag": "",
      "flow_lb": 0.3455483019351959,
      "flow_ub": 0.3750304579734802,
      "headloss_res_a": -0.9857884299973056,
      "headloss_res_b": -1.0702891367021599
    },
    "8": {
      "flow_a": 0.25916619987698714,
      "flow_a_tag": "ub",
      "flow_b": 0.21170337040447784,
      "flow_b_tag": "lb",
      "flow_lb": 0.211703360080719,
      "flow_ub": 0.2591662108898163,
      "headloss_res_a": -0.5500898518804783,
      "headloss_res_b": -0.3648977354731207
    }
  },
  "summary": {
    "flow_at_bounds": {
      "a_lb": 4,
      "a_ub": 1,
      "b_lb": 2,
      "b_ub": 2
    },
    "head_at_bounds": {
      "a_lb": 0,
      "a_ub": 0,
      "b_lb": 0,
      "b_ub": 0
    },
    "head_bounds_count": 6,
    "junction_count": 6,
    "min_demand_slack_a": 0.09942101982153498,
    "min_demand_slack_b": 0.09590507253962585,
    "pipe_count": 8,
    "total_demand_a": 1.1200000047683718,
    "total_demand_b": 1.1200000047683716,
    "total_demand_res_a": 0.0,
    "total_demand_res_b": -2.220446049250313e-16,
    "total_demand_target": 1.1200000047683718
  }
}