{
  "best_bound": null,
  "demands_a": {
    "1": 0.1332164642971096,
    "2": 0.1138783686162248,
    "3": 0.082015724967681,
    "4": 0.09990273808952477,
    "5": 0.3206699025534112,
    "6": 0.3703168062444202,
    "7": -1.1200000047683716
  },
  "demands_b": {
    "1": 0.21640596716935862,
    "2": 0.08916593052957911,
    "3": 0.11580480192258197,
    "4": 0.15578152291575076,
    "5": 0.2559376423195079,
    "6": 0.2869041399115933,
    "7": -1.1200000047683716
  },
  "flows_a": {
    "1": 1.1200000047683716,
    "2": 0.446221866797332,
    "3": 0.5598997693548148,
    "4": 0.1681672122208918,
    "5": 0.29182981904439825,
    "6": 0.07848698720002197,
    "7": 0.364206141829651,
    "8": 0.21170345149713155
  },
  "flows_b": {
    "1": 1.1200000047683716,
    "2": 0.4613533232614486,
    "3": 0.569480750977344,
    "4": 0.1391186483463602,
    "5": 0.274580579715233,
    "6": 0.012323560196360318,
    "7": 0.34554852133886665,
    "8": 0.22872952736571894
  },
  "heads_a": {
    "1": 207.83516334753082,
    "2": 208.3993620394407,
    "3": 208.1082169276474,
    "4": 207.95611934610673,
    "5": 207.90834285344772,
    "6": 207.82351386606962,
    "7": 210.0
  },
  "heads_b": {
    "1": 207.82389159890326,
    "2": 208.3993620394407,
    "3": 208.08966884848843,
    "4": 207.94197007600297,
    "5": 207.90834285344775,
    "6": 207.82351386606962,
    "7": 210.0
  },
  "max_violation": 0.0,
  "min_demand_viol": 0.082014724967681,
  "norm": 2,
  "objective": 0.022943276719179406,
  "p": 2,
  "radius": 0.15147038231674007,
  "solver_status": "HxSolutionStatus.OPTIMAL"
}