{
  "junctions": {
    "1": {
      "demand_a": 0.13321639527200382,
      "demand_b": 0.20000002160668373,
      "demand_lb": 1e-06,
      "head_a": 207.82402284489888,
      "head_a_tag": "",
      "head_b": 207.81752766203098,
      "head_b_tag": "",
      "head_lb": 193.62708714484413,
      "head_ub": 226.37291285515587
    },
    "2": {
      "demand_a": 0.10632314074645555,
      "demand_b": 0.09999996423721313,
      "demand_lb": 1e-06,
      "head_a": 208.3993620394407,
      "head_a_tag": "",
      "head_b": 208.3993620394407,
      "head_b_tag": "",
      "head_lb": 197.73885171300606,
      "head_ub": 222.26114828699394
    },
    "3": {
      "demand_a": 0.07119144176769077,
      "demand_b": 0.10000002384185791,
      "demand_lb": 1e-06,
      "head_a": 208.10821691138239,
      "head_a_tag": "",
      "head_b": 208.09809129587055,
      "head_b_tag": "",
      "head_lb": 195.6583771104362,
      "head_ub": 224.3416228895638
    },
    "4": {
      "demand_a": 0.1074580219217719,
      "demand_b": 0.11999998986721039,
      "demand_lb": 1e-06,
      "head_a": 207.94497879229408,
      "head_a_tag": "",
      "head_b": 207.9479261851134,
      "head_b_tag": "",
      "head_lb": 194.40450298777,
      "head_ub": 225.59549701223
    },
    "5": {
      "demand_a": 0.3314942667619228,
      "demand_b": 0.26999999582767487,
      "demand_lb": 1e-06,
      "head_a": 207.89720230323877,
      "head_a_tag": "",
      "head_b": 207.9079348048752,
      "head_b_tag": "",
      "head_lb": 194.28361303052068,
      "head_ub": 225.71638696947932
    },
    "6": {
      "demand_a": 0.3703167382985266,
      "demand_b": 0.33000000938773155,
      "demand_lb": 1e-06,
      "head_a": 207.81237336490858,
      "head_a_tag": "",
      "head_b": 207.81458994978962,
      "head_b_tag": "",
      "head_lb": 193.56687411412554,
      "head_ub": 226.43312588587446
    }
  },
  "metadata": {
    "DEMAND_LB": 1e-06,
    "DEMAND_RESTRICTION_MODE": null,
    "DEVIATION_ALPHA": null,
    "FIX_TOTAL_DEMAND": true,
    "GLOBAL_SOLVER": null,
    "HEADLOSS_MODEL": "hw",
    "MEASUREMENT_HEADS_EQUAL_ONLY": true,
    "MEASUREMENT_SITES": [],
    "MULTI_STARTS": 1,
    "MULTI_START_NOISE": 0.05,
    "MULTI_START_NOISE_REL": 0.25,
    "NORM": 2.0,
    "OUTPUT_DIR": "data/Alperovits/384aaa05",
    "PIPE_BOUNDS": true,
    "RADIUS_TO_FIXED": null,
    "SCENARIO": "base",
    "SCENARIO_FILE": "scenario/Alperovits/base.json",
    "SOLVER": "Hexaly_xd",
    "USE_RESERVOIR_OUTFLOW_CONSTRAINT": false,
    "WDN": "Alperovits",
    "WDN_NAME": "Alperovits",
    "output_dir": "data/Alperovits/384aaa05/none",
    "timestamp": "20260421-175245"
  },
  "output_dir": "data/Alperovits/384aaa05/none",
  "pipes": {
    "1": {
      "flow_a": 1.1200000047683716,
      "flow_a_tag": "lb",
      "flow_b": 1.1200000047683716,
      "flow_b_tag": "lb",
      "flow_lb": 1.1200000047683716,
      "flow_ub": 1.1200000047683716,
      "headloss_res_a": -10.660510326434622,
      "headloss_res_b": -10.660510326434622
    },
    "2": {
      "flow_a": 0.446221880273047,
      "flow_a_tag": "lb",
      "flow_b": 0.4545355270863106,
      "flow_b_tag": "",
      "flow_lb": 0.44622185826301575,
      "flow_ub": 0.4613533318042755,
      "headloss_res_a": -1.6550967785709774,
      "headloss_res_b": -1.718168369830006
    },
    "3": {
      "flow_a": 0.5674549837488689,
      "flow_a_tag": "",
      "flow_b": 0.5654645134448478,
      "flow_b_tag": "",
      "flow_lb": 0.5568748712539673,
      "flow_ub": 0.5840606689453125,
      "headloss_res_a": -2.6930601241269696,
      "headloss_res_b": -2.6739655752427183
    },
    "4": {
      "flow_a": 0.1681672053713924,
      "flow_a_tag": "ub",
      "flow_b": 0.15276744360218572,
      "flow_b_tag": "",
      "flow_lb": 0.13911864161491394,
      "flow_ub": 0.16816721856594086,
      "headloss_res_a": -0.2286487602454852,
      "headloss_res_b": -0.1881251295931869
    },
    "5": {
      "flow_a": 0.29182975645570464,
      "flow_a_tag": "",
      "flow_b": 0.2926970799754517,
      "flow_b_tag": "",
      "flow_lb": 0.27015259861946106,
      "flow_ub": 0.3175203204154968,
      "headloss_res_a": -0.6998370656873341,
      "headloss_res_b": -0.7040616800892286
    },
    "6": {
      "flow_a": 0.07848698184282202,
      "flow_a_tag": "ub",
      "flow_b": 0.037302929412279834,
      "flow_b_tag": "",
      "flow_lb": 0.012323553673923016,
      "flow_ub": 0.07848699390888214,
      "headloss_res_a": -0.04856353221480856,
      "headloss_res_b": -0.01066360507356615
    },
    "7": {
      "flow_a": 0.3750304385053562,
      "flow_a_tag": "ub",
      "flow_b": 0.3545355032444527,
      "flow_b_tag": "",
      "flow_lb": 0.3455483019351959,
      "flow_ub": 0.3750304579734802,
      "headloss_res_a": -1.1637493290417333,
      "headloss_res_b": -1.0384549631037314
    },
    "8": {
      "flow_a": 0.21170337711482584,
      "flow_a_tag": "lb",
      "flow_b": 0.23730295101896356,
      "flow_b_tag": "",
      "flow_lb": 0.211703360080719,
      "flow_ub": 0.2591662108898163,
      "headloss_res_a": -0.3648977589478777,
      "headloss_res_b": -0.4600219416143744
    }
  },
  "summary": {
    "flow_at_bounds": {
      "a_lb": 3,
      "a_ub": 3,
      "b_lb": 1,
      "b_ub": 0
    },
    "head_at_bounds": {
      "a_lb": 0,
      "a_ub": 0,
      "b_lb": 0,
      "b_ub": 0
    },
    "head_bounds_count": 6,
    "junction_count": 6,
    "min_demand_slack_a": 0.07119044176769077,
    "min_demand_slack_b": 0.09999896423721313,
    "pipe_count": 8,
    "total_demand_a": 1.1200000047683714,
    "total_demand_b": 1.1200000047683716,
    "total_demand_res_a": 0.0,
    "total_demand_res_b": 2.220446049250313e-16,
    "total_demand_target": 1.1200000047683714
  }
}