{
  "junctions": {
    "10": {
      "demand_a": 0.0029833093042202496,
      "demand_b": 0.013191538227428634,
      "demand_lb": 1e-06,
      "head_a": 98.6912385122894,
      "head_a_tag": "",
      "head_b": 98.63905638375299,
      "head_b_tag": "",
      "head_lb": 86.59928162241783,
      "head_ub": 113.40071837758217
    },
    "11": {
      "demand_a": 0.011003845574454038,
      "demand_b": 0.002176034617008833,
      "demand_lb": 1e-06,
      "head_a": 98.58668201433412,
      "head_a_tag": "",
      "head_b": 98.55437795182101,
      "head_b_tag": "",
      "head_lb": 85.54316009208108,
      "head_ub": 114.45683990791892
    },
    "12": {
      "demand_a": 0.007041561306089655,
      "demand_b": 0.0142283120479702,
      "demand_lb": 1e-06,
      "head_a": 98.48857236698827,
      "head_a_tag": "",
      "head_b": 98.4316729357381,
      "head_b_tag": "",
      "head_lb": 84.33481739251032,
      "head_ub": 115.66518260748968
    },
    "13": {
      "demand_a": 0.015196840979867435,
      "demand_b": 0.00810104986320072,
      "demand_lb": 1e-06,
      "head_a": 98.2443297505385,
      "head_a_tag": "",
      "head_b": 98.23871128854917,
      "head_b_tag": "",
      "head_lb": 82.05642023912475,
      "head_ub": 117.94357976087525
    },
    "14": {
      "demand_a": 0.009582152371974023,
      "demand_b": 0.007245686800044313,
      "demand_lb": 1e-06,
      "head_a": 98.00761037007392,
      "head_a_tag": "",
      "head_b": 98.06252982681352,
      "head_b_tag": "",
      "head_lb": 78.36141323779582,
      "head_ub": 121.63858676220418
    },
    "15": {
      "demand_a": 0.007460302211089599,
      "demand_b": 0.010988494478659433,
      "demand_lb": 1e-06,
      "head_a": 99.11487203025588,
      "head_a_tag": "",
      "head_b": 99.09898506961949,
      "head_b_tag": "",
      "head_lb": 91.7092797959201,
      "head_ub": 108.2907202040799
    },
    "16": {
      "demand_a": 0.008820297214863942,
      "demand_b": 0.00647531074209442,
      "demand_lb": 1e-06,
      "head_a": 98.11234164952648,
      "head_a_tag": "",
      "head_b": 98.1123416495265,
      "head_b_tag": "",
      "head_lb": 80.45195379991088,
      "head_ub": 119.54804620008912
    },
    "17": {
      "demand_a": 0.00724191136944986,
      "demand_b": 0.003994226910518681,
      "demand_lb": 1e-06,
      "head_a": 97.85566738053151,
      "head_a_tag": "",
      "head_b": 97.96443983217341,
      "head_b_tag": "",
      "head_lb": 76.27685648606263,
      "head_ub": 123.72314351393737
    },
    "18": {
      "demand_a": 0.0034543863394079083,
      "demand_b": 0.0014964603874756382,
      "demand_lb": 1e-06,
      "head_a": 99.06310935095435,
      "head_a_tag": "",
      "head_b": 99.0565080299008,
      "head_b_tag": "",
      "head_lb": 91.21616132819784,
      "head_ub": 108.78383867180216
    },
    "19": {
      "demand_a": 0.005140039251286928,
      "demand_b": 0.0028482345933840032,
      "demand_lb": 1e-06,
      "head_a": 98.54835200760365,
      "head_a_tag": "",
      "head_b": 98.51489011972768,
      "head_b_tag": "",
      "head_lb": 85.09107641733966,
      "head_ub": 114.90892358266034
    },
    "20": {
      "demand_a": 0.001220613879488592,
      "demand_b": 0.004246572609476057,
      "demand_lb": 1e-06,
      "head_a": 98.25076212380642,
      "head_a_tag": "",
      "head_b": 98.23068029402614,
      "head_b_tag": "",
      "head_lb": 81.95592940539649,
      "head_ub": 118.04407059460351
    },
    "21": {
      "demand_a": 0.008345197664687342,
      "demand_b": 0.012541462390934502,
      "demand_lb": 1e-06,
      "head_a": 98.10648428130771,
      "head_a_tag": "",
      "head_b": 98.09613788888264,
      "head_b_tag": "",
      "head_lb": 80.29368313429404,
      "head_ub": 119.70631686570596
    },
    "22": {
      "demand_a": 0.004293008494026765,
      "demand_b": 0.00521519596356787,
      "demand_lb": 1e-06,
      "head_a": 97.81968948792759,
      "head_a_tag": "",
      "head_b": 97.85091287842538,
      "head_b_tag": "",
      "head_lb": 75.36701637652837,
      "head_ub": 124.63298362347163
    },
    "23": {
      "demand_a": 0.0016508568363727463,
      "demand_b": 0.0022336505804971514,
      "demand_lb": 1e-06,
      "head_a": 98.93675438292026,
      "head_a_tag": "",
      "head_b": 98.90971071818115,
      "head_b_tag": "",
      "head_lb": 89.28563267090023,
      "head_ub": 110.71436732909977
    },
    "24": {
      "demand_a": 0.003443514881460192,
      "demand_b": 0.00490210837225167,
      "demand_lb": 1e-06,
      "head_a": 98.54160152529894,
      "head_a_tag": "",
      "head_b": 98.49897652332506,
      "head_b_tag": "",
      "head_lb": 84.91835360074052,
      "head_ub": 115.08164639925948
    },
    "25": {
      "demand_a": 0.0034788684143374823,
      "demand_b": 0.002508233514307075,
      "demand_lb": 1e-06,
      "head_a": 98.22313354466091,
      "head_a_tag": "",
      "head_b": 98.22021579794661,
      "head_b_tag": "",
      "head_lb": 81.56952160812698,
      "head_ub": 118.43047839187302
    },
    "26": {
      "demand_a": 0.0026399525766979525,
      "demand_b": 0.0014750327580375245,
      "demand_lb": 1e-06,
      "head_a": 98.0658048296035,
      "head_a_tag": "",
      "head_b": 98.08566331204864,
      "head_b_tag": "",
      "head_lb": 79.74597586422558,
      "head_ub": 120.25402413577442
    },
    "3": {
      "demand_a": 0.01751526478503243,
      "demand_b": 0.011248957488028677,
      "demand_lb": 1e-06,
      "head_a": 99.86548845892499,
      "head_a_tag": "",
      "head_b": 99.86548845892499,
      "head_b_tag": "",
      "head_lb": 98.86528131212901,
      "head_ub": 101.13471868787099
    },
    "4": {
      "demand_a": 1.0369171661306353e-06,
      "demand_b": 0.011269111138099294,
      "demand_lb": 1e-06,
      "head_a": 99.57481241608704,
      "head_a_tag": "",
      "head_b": 99.54822445610434,
      "head_b_tag": "",
      "head_lb": 96.22023709746742,
      "head_ub": 103.77976290253258
    },
    "5": {
      "demand_a": 0.005762061352580755,
      "demand_b": 0.00389753086737072,
      "demand_lb": 1e-06,
      "head_a": 99.50593491639914,
      "head_a_tag": "",
      "head_b": 99.4846252222003,
      "head_b_tag": "",
      "head_lb": 95.64820714338538,
      "head_ub": 104.35179285661462
    },
    "6": {
      "demand_a": 0.0029520777916478558,
      "demand_b": 0.004381943059773102,
      "demand_lb": 1e-06,
      "head_a": 99.0482182233776,
      "head_a_tag": "",
      "head_b": 99.01424024796628,
      "head_b_tag": "",
      "head_lb": 89.48828179556567,
      "head_ub": 110.51171820443433
    },
    "7": {
      "demand_a": 0.003972745963875066,
      "demand_b": 0.0011760919039100794,
      "demand_lb": 1e-06,
      "head_a": 98.54483851080647,
      "head_a_tag": "",
      "head_b": 98.56547647190988,
      "head_b_tag": "",
      "head_lb": 83.45901484936377,
      "head_ub": 116.54098515063623
    },
    "8": {
      "demand_a": 0.0027032464471302923,
      "demand_b": 0.009527369912825516,
      "demand_lb": 1e-06,
      "head_a": 98.2478291615915,
      "head_a_tag": "",
      "head_b": 98.20824994098611,
      "head_b_tag": "",
      "head_lb": 81.64697482475928,
      "head_ub": 118.35302517524072
    },
    "9": {
      "demand_a": 0.011096907953583451,
      "demand_b": 0.0016313906539265899,
      "demand_lb": 1e-06,
      "head_a": 99.18440287746839,
      "head_a_tag": "",
      "head_b": 99.1844028774684,
      "head_b_tag": "",
      "head_lb": 92.48894338194484,
      "head_ub": 107.51105661805516
    }
  },
  "metadata": {
    "DEMAND_LB": 1e-06,
    "DEMAND_RESTRICTION_MODE": null,
    "DEVIATION_ALPHA": null,
    "FIX_TOTAL_DEMAND": true,
    "GLOBAL_SOLVER": null,
    "HEADLOSS_MODEL": "hw",
    "MEASUREMENT_HEADS_EQUAL_ONLY": true,
    "MEASUREMENT_SITES": [
      "16",
      "9"
    ],
    "MULTI_STARTS": 1,
    "MULTI_START_NOISE": 0.05,
    "MULTI_START_NOISE_REL": 0.25,
    "NORM": 2.0,