{
  "best_radius": 0.3168117870162128,
  "norm": 2,
  "runs": [
    {
      "max_violation": 0.0,
      "min_demand_viol": 0.0010058014130588933,
      "radius": 0.31566053394307386,
      "run": 0,
      "start_flows": {
        "1": 1.2815567346722234,
        "2": 0.5315943822919763,
        "3": 0.6951903973155606,
        "4": 0.2396104029074372,
        "5": 0.3979245852800009,
        "6": 0.02711284679507469,
        "7": 0.5080691683606727,
        "8": 0.38091871090268564
      },
      "start_heads": {
        "1": 207.08409215508462,
        "2": 207.9297180233659,
        "3": 207.4860586496982,
        "4": 207.3274941137872,
        "5": 207.26220452303141,
        "6": 206.9786355319523,
        "7": 209.93770445263735
      },
      "success": true
    },
    {
      "max_violation": 0.0,
      "min_demand_viol": 6.185814875103723e-05,
      "radius": 0.3168117870161636,
      "run": 1,
      "start_flows": {
        "1": 1.2386568558823812,
        "2": 0.5109866763136759,
        "3": 0.6473542569749389,
        "4": 0.2549469238684919,
        "5": 0.47683372241019034,
        "6": 0.002606360902398736,
        "7": 0.5111923396316502,
        "8": 0.3003049290718929
      },
      "start_heads": {
        "1": 207.0721454469979,
        "2": 207.9824802886609,
        "3": 207.5945032323331,
        "4": 207.3633584518021,
        "5": 207.22296326159636,
        "6": 207.04880080187132,
        "7": 210.0110097561735
      },
      "success": true
    },
    {
      "max_violation": 0.0,
      "min_demand_viol": 0.0010058014130607806,
      "radius": 0.3156605339431339,
      "run": 2,
      "start_flows": {
        "1": 1.224789314440617,
        "2": 0.5277408467129557,
        "3": 0.6552080142976726,
        "4": 0.26140767628407563,
        "5": 0.4354410100633735,
        "6": 0.026801729501596518,
        "7": 0.4101777356332489,
        "8": 0.3270839810615851
      },
      "start_heads": {
        "1": 207.13409730831629,
        "2": 208.00410355865932,
        "3": 207.62400128051155,
        "4": 207.29570456030885,
        "5": 207.335834412801,
        "6": 207.16218084187338,
        "7": 210.01322278151648
      },
      "success": true
    },
    {
      "max_violation": 0.0,
      "min_demand_viol": 0.0077540689032169485,
      "radius": 0.3168117870160767,
      "run": 3,
      "start_flows": {
        "1": 1.2595740828907322,
        "2": 0.6111006596333893,
        "3": 0.7611821806158948,
        "4": 0.3244471405430915,
        "5": 0.49046324217477494,
        "6": 0.02690211458254825,
        "7": 0.3824532344900573,
        "8": 0.3333419560902194
      },
      "start_heads": {
        "1": 207.03582583994339,
        "2": 207.99772853191007,
        "3": 207.48491165006303,
        "4": 207.37841393992315,
        "5": 207.28163140880517,
        "6": 207.1296892068824,
        "7": 209.96691487139805
      },
      "success": true
    },
    {
      "max_violation": 0.0,
      "min_demand_viol": 0.007754068903218836,
      "radius": 0.3168117870162128,
      "run": 4,
      "start_flows": {
        "1": 1.2534484612603927,
        "2": 0.47970953006789824,
        "3": 0.7501376586499032,
        "4": 0.20956986062767763,
        "5": 0.44115653541106653,
        "6": -0.003895533224095752,
        "7": 0.522042810044272,
        "8": 0.3995827121003155
      },
      "start_heads": {
        "1": 207.06413638604587,
        "2": 207.99657241629748,
        "3": 207.4391542292182,
        "4": 207.36125928562706,
        "5": 207.2943225336029,
        "6": 207.14508514947636,
        "7": 210.0911005681664
      },
      "success": true
    },
    {
      "max_violation": 0.0,
      "min_demand_viol": 0.007754068903218059,
      "radius": 0.3168117870161805,
      "run": 5,
      "start_flows": {
        "1": 1.209248675116889,
        "2": 0.5051232243657805,
        "3": 0.7099217641990977,
        "4": 0.23681812774105082,
        "5": 0.5248276831203192,
        "6": 0.018459053675223727,
        "7": 0.4112094615945545,
        "8": 0.3146864874845831
      },
      "start_heads": {
        "1": 207.05730144871825,
        "2": 207.9103474792753,
        "3": 207.4854457149312,
        "4": 207.39017841145247,
        "5": 207.2891965146847,
        "6": 207.1596150116563,
        "7": 210.0844553726222
      },
      "success": true
    },
    {
      "max_violation": 0.0,
      "min_demand_viol": 6.185814875470097e-05,
      "radius": 0.3168117870161852,
      "run": 6,
      "start_flows": {
        "1": 1.2609008382271203,
        "2": 0.6169200393987708,
        "3": 0.6415299724342667,
        "4": 0.1975912324326715,
        "5": 0.4371973225159898,
        "6": 0.060605748293074066,
        "7": 0.4509196449399331,
        "8": 0.3042882215400567
      },
      "start_heads": {
        "1": 207.04131349536982,
        "2": 207.8978437994524,
        "3": 207.47925371250463,
        "4": 207.38379197940782,
        "5": 207.30962387572836,
        "6": 207.08667234105297,
        "7": 210.0436521076311
      },
      "success": true
    },
    {
      "max_violation": 0.0,
      "min_demand_viol": 0.007754068903205513,
      "radius": 0.31681178701621066,
      "run": 7,
      "start_flows": {
        "1": 1.211250526381825,
        "2": 0.5025462207035778,
        "3": 0.6942201574704014,
        "4": 0.12185833837105564,
        "5": 0.44402653381637175,
        "6": -0.02004894777087471,
        "7": 0.4483331509780566,
        "8": 0.3297795864351824
      },
      "start_heads": {
        "1": 207.13721837139641,
        "2": 207.97501050490845,
        "3": 207.58403832008585,
        "4": 207.32073934936915,
        "5": 207.33118732517966,
        "6": 207.13119176013163,
        "7": 210.05824319905554
      },
      "success": true
    },
    {
      "max_violation": 0.0,
      "min_demand_viol": 0.007754068903223721,
      "radius": 0.31681178701607127,
      "run": 8,
      "start_flows": {
        "1": 1.3146496347028471,
        "2": 0.5804035594854711,
        "3": 0.6669489453305408,
        "4": 0.1630267045002986,
        "5": 0.41795579893620577,
        "6": -0.029442637959234838,
        "7": 0.3717320776783952,
        "8": 0.3464873022918729
      },
      "start_heads": {
        "1": 207.1611546117696,
        "2": 207.93647731244886,
        "3": 207.49783950134994,
        "4": 207.30650778291047,
        "5": 207.27355907804952,
        "6": 207.11282066814277,
        "7": 209.9993042665738
      },
      "success": true
    },
    {
      "max_violation": 0.0,
      "min_demand_viol": 0.007754068903207956,
      "radius": 0.31681178701614,
      "run": 9,
      "start_flows": {
        "1": 1.327362211578195,
        "2": 0.6083128667951676,
        "3": 0.7206775466008811,
        "4": 0.11610020173593652,
        "5": 0.48614223989822747,
        "6": 0.02601409446203258,
        "7": 0.46405773374683323,
        "8": 0.35212603363303646
      },
      "start_heads": {
        "1": 207.0548451458552,
        "2": 207.9840426431698,
        "3": 207.56530043426312,
        "4": 207.34071217148713,
        "5": 207.16505645914526,
        "6": 207.0894413342889,
        "7": 210.0540081706269
      },
      "success": true
    }
  ],
  "unique_local_optima": 2
}