{
  "demands_a": {
    "1": 0.37477357576573495,
    "2": 0.013718771378303796,
    "3": 0.23939036918815043,
    "4": 0.007754068903218836,
    "5": 0.2575187212508326,
    "6": 0.3821146549633503,
    "7": -1.275270161449591
  },
  "demands_b": {
    "1": 0.29088436745519897,
    "2": 0.1179923261326361,
    "3": 0.0027695480413169604,
    "4": 6.185814875225848e-05,
    "5": 0.3953550923932712,
    "6": 0.4682069692784155,
    "7": -1.275270161449591
  },
  "flows_a": {
    "1": 1.275270161449591,
    "2": 0.5983820167543468,
    "3": 0.6631693733169403,
    "4": 0.23313353876117582,
    "5": 0.4222817656525456,
    "6": -0.0401671106891953,
    "7": 0.35899164756619634,
    "8": 0.3346064650765396
  },
  "flows_b": {
    "1": 1.275270161449591,
    "2": 0.4941084620000299,
    "3": 0.663169373316925,
    "4": 0.2360994374166063,
    "5": 0.42700807775156646,
    "6": 0.04119889152684904,
    "7": 0.49133891395871293,
    "8": 0.332083258982048
  },
  "heads_a": {
    "1": 207.09503173828125,
    "2": 207.96490498357338,
    "3": 207.4511929227039,
    "4": 207.35865783691406,
    "5": 207.26117116881207,
    "6": 207.09789222140856,
    "7": 210.0
  },
  "heads_b": {
    "1": 207.09503173828125,
    "2": 207.96490498357335,
    "3": 207.6146314859103,
    "4": 207.35865783691406,
    "5": 207.2586749620926,
    "6": 207.0920224120767,
    "7": 210.0
  },
  "max_violation": 0.0,
  "min_demand_viol": 0.007754068903218836,
  "norm": 2,
  "p": 2,
  "radius": 0.3168117870162128
}