{
  "junctions": {
    "1": {
      "demand_a": 0.14961403629362452,
      "demand_b": 0.2154160490134247,
      "demand_lb": 1e-06,
      "head_a": 207.81764172869526,
      "head_a_tag": "",
      "head_b": 207.8003392106626,
      "head_b_tag": "",
      "head_lb": 193.4611532898627,
      "head_ub": 226.5388467101373
    },
    "2": {
      "demand_a": 0.1077128685701556,
      "demand_b": 0.06710492047789618,
      "demand_lb": 1e-06,
      "head_a": 208.3993620394407,
      "head_a_tag": "",
      "head_b": 208.3993620394407,
      "head_b_tag": "",
      "head_lb": 197.73885171300606,
      "head_ub": 222.26114828699394
    },
    "3": {
      "demand_a": 0.118469240971465,
      "demand_b": 0.07921258970470518,
      "demand_lb": 1e-06,
      "head_a": 208.09187914222593,
      "head_a_tag": "",
      "head_b": 208.09187914222593,
      "head_b_tag": "",
      "head_lb": 195.62629393444394,
      "head_ub": 224.37370606555606
    },
    "4": {
      "demand_a": 0.04741099175087993,
      "demand_b": 0.20314399849112763,
      "demand_lb": 1e-06,
      "head_a": 207.96659602436173,
      "head_a_tag": "",
      "head_b": 207.9058746397443,
      "head_b_tag": "",
      "head_lb": 194.2896568934707,
      "head_ub": 225.7103431065293
    },
    "5": {
      "demand_a": 0.26989654271121677,
      "demand_b": 0.2981275993099738,
      "demand_lb": 1e-06,
      "head_a": 207.91484953281497,
      "head_a_tag": "",
      "head_b": 207.87527740338683,
      "head_b_tag": "",
      "head_lb": 194.17031922671646,
      "head_ub": 225.82968077328354
    },
    "6": {
      "demand_a": 0.42689632447102965,
      "demand_b": 0.256994847771244,
      "demand_lb": 1e-06,
      "head_a": 207.8003426880239,
      "head_a_tag": "",
      "head_b": 207.80034268802387,
      "head_b_tag": "",
      "head_lb": 193.36886889046428,
      "head_ub": 226.63113110953572
    }
  },
  "metadata": {
    "DEMAND_INTERVALS": false,
    "DEMAND_LB": 1e-06,
    "FIX_TOTAL_DEMAND": true,
    "GLOBAL_SOLVER": "couenne",
    "HEADLOSS_MODEL": "hw",
    "MEASUREMENT_HEADS_EQUAL_ONLY": true,
    "MEASUREMENT_SITES": [
      "3",
      "6"
    ],
    "MULTI_STARTS": 10,
    "MULTI_START_NOISE": 0.05,
    "NORM": 2,
    "PIPE_BOUNDS": true,
    "PIPE_BOUND_METHOD": "perturb",
    "PIPE_BOUND_PERTURB_BASE": "base",
    "PIPE_BOUND_PERTURB_FIX_TOTAL": true,
    "PIPE_BOUND_PERTURB_SAMPLES": 25,
    "PIPE_BOUND_PERTURB_SEED": 1,
    "PIPE_BOUND_PERTURB_SIGMA": 0.15,
    "PIPE_BOUND_POLICY": "minmax",
    "PIPE_BOUND_SAFENESS": 0.85,
    "RADIUS": true,
    "SCENARIO_SOURCE": "base",
    "SINGLE_NODE_SOLUTION": false,
    "SOLVER": "hexaly_xd",
    "USE_RESERVOIR_OUTFLOW_CONSTRAINT": false,
    "WDN_NAME": "Alperovits",
    "output_dir": "data/Alperovits-B-batch-20260401-112751/3_6",
    "timestamp": "20260401-112751"
  },
  "output_dir": "data/Alperovits-B-batch-20260401-112751/3_6",
  "pipes": {
    "1": {
      "flow_a": 1.1200000047683716,
      "flow_a_tag": "lb",
      "flow_b": 1.1200000047683716,
      "flow_b_tag": "lb",
      "flow_lb": 1.1200000047683716,
      "flow_ub": 1.1200000047683716,
      "headloss_res_a": -10.660510326434622,
      "headloss_res_b": -10.660510326434622
    },
    "2": {
      "flow_a": 0.4595724792668143,
      "flow_a_tag": "",
      "flow_b": 0.45957247926681427,
      "flow_b_tag": "",
      "flow_lb": 0.44223544001579285,
      "flow_ub": 0.4648970067501068,
      "headloss_res_a": -1.7569611820256692,
      "headloss_res_b": -1.7569611820256692
    },
    "3": {
      "flow_a": 0.5527146569314015,
      "flow_a_tag": "lb",
      "flow_b": 0.5933226050236611,
      "flow_b_tag": "",
      "flow_lb": 0.5527145266532898,
      "flow_ub": 0.5940340161323547,
      "headloss_res_a": -2.5532838685843555,
      "headloss_res_b": -2.9474509021324713
    },
    "4": {
      "flow_a": 0.17557384320943745,
      "flow_a_tag": "ub",
      "flow_b": 0.13220332273231933,
      "flow_b_tag": "lb",
      "flow_lb": 0.13220331072807312,
      "flow_ub": 0.17557385563850403,
      "headloss_res_a": -0.2495643283335146,
      "headloss_res_b": -0.14023893785373365
    },
    "5": {
      "flow_a": 0.3297298219710842,
      "flow_a_tag": "ub",
      "flow_b": 0.2579752838002141,
      "flow_b_tag": "lb",
      "flow_lb": 0.2579752802848816,
      "flow_ub": 0.329729825258255,
      "headloss_res_a": -0.8964487960132108,
      "headloss_res_b": -0.5449740286991777
    },
    "6": {
      "flow_a": 0.09716650249994543,
      "flow_a_tag": "ub",
      "flow_b": -0.0009804360289701606,
      "flow_b_tag": "lb",
      "flow_lb": -0.000980442389845848,
      "flow_ub": 0.097166508436203,
      "headloss_res_a": -0.07498534745108248,
      "headloss_res_b": 5.918435622477298e-06
    },
    "7": {
      "flow_a": 0.34110323829534933,
      "flow_a_tag": "lb",
      "flow_b": 0.3803598895621091,
      "flow_b_tag": "",
      "flow_lb": 0.3411029875278473,
      "flow_ub": 0.38594850897789,
      "headloss_res_a": -0.9602487641273454,
      "headloss_res_b": -1.1975125840773695
    },
    "8": {
      "flow_a": 0.24678053879356995,
      "flow_a_tag": "",
      "flow_b": 0.21443561298445454,
      "flow_b_tag": "",
      "flow_lb": 0.19736750423908234,
      "flow_ub": 0.269355833530426,
      "headloss_res_a": -0.49806619293077947,
      "headloss_res_b": -0.3745196087745466
    }
  },
  "summary": {
    "flow_at_bounds": {
      "a_lb": 3,
      "a_ub": 3,
      "b_lb": 4,
      "b_ub": 0
    },
    "head_at_bounds": {
      "a_lb": 0,
      "a_ub": 0,
      "b_lb": 0,
      "b_ub": 0
    },
    "head_bounds_count": 6,
    "junction_count": 6,
    "min_demand_slack_a": 0.047409991750879926,
    "min_demand_slack_b": 0.06710392047789618,
    "pipe_count": 8,
    "total_demand_a": 1.1200000047683716,
    "total_demand_b": 1.1200000047683716,
    "total_demand_res_a": 0.0,
    "total_demand_res_b": 0.0,
    "total_demand_target": 1.1200000047683716
  }
}