{
  "best_bound": null,
  "demands_a": {
    "1": 0.14961403629362452,
    "2": 0.1077128685701556,
    "3": 0.118469240971465,
    "4": 0.04741099175087993,
    "5": 0.26989654271121677,
    "6": 0.42689632447102965,
    "7": -1.1200000047683716
  },
  "demands_b": {
    "1": 0.2154160490134247,
    "2": 0.06710492047789618,
    "3": 0.07921258970470518,
    "4": 0.20314399849112763,
    "5": 0.2981275993099738,
    "6": 0.256994847771244,
    "7": -1.1200000047683716
  },
  "flows_a": {
    "1": 1.1200000047683716,
    "2": 0.4595724792668143,
    "3": 0.5527146569314015,
    "4": 0.17557384320943745,
    "5": 0.3297298219710842,
    "6": 0.09716650249994543,
    "7": 0.34110323829534933,
    "8": 0.24678053879356995
  },
  "flows_b": {
    "1": 1.1200000047683716,
    "2": 0.45957247926681427,
    "3": 0.5933226050236611,
    "4": 0.13220332273231933,
    "5": 0.2579752838002141,
    "6": -0.0009804360289701606,
    "7": 0.3803598895621091,
    "8": 0.21443561298445454
  },
  "heads_a": {
    "1": 207.81764172869526,
    "2": 208.3993620394407,
    "3": 208.09187914222593,
    "4": 207.96659602436173,
    "5": 207.91484953281497,
    "6": 207.8003426880239,
    "7": 210.0
  },
  "heads_b": {
    "1": 207.8003392106626,
    "2": 208.3993620394407,
    "3": 208.09187914222593,
    "4": 207.9058746397443,
    "5": 207.87527740338683,
    "6": 207.80034268802387,
    "7": 210.0
  },
  "max_violation": 0.0,
  "min_demand_viol": 0.047409991750879926,
  "norm": 2,
  "objective": 0.061436268724728446,
  "p": 2,
  "radius": 0.2478634073935248,
  "solver_status": "HxSolutionStatus.OPTIMAL"
}