{
  "junctions": {
    "10": {
      "demand_a": 0.0032546994614697927,
      "demand_b": 0.012397057416856108,
      "demand_lb": 1e-06,
      "head_a": 98.66947595860267,
      "head_a_tag": "",
      "head_b": 98.65075391669001,
      "head_b_tag": "",
      "head_lb": 86.59928162241783,
      "head_ub": 113.40071837758217
    },
    "11": {
      "demand_a": 0.010744951552080467,
      "demand_b": 0.0021769180611606598,
      "demand_lb": 1e-06,
      "head_a": 98.566071877373,
      "head_a_tag": "",
      "head_b": 98.566071877373,
      "head_b_tag": "",
      "head_lb": 85.54316009208108,
      "head_ub": 114.45683990791892
    },
    "12": {
      "demand_a": 0.007041574376668736,
      "demand_b": 0.01422830269664039,
      "demand_lb": 1e-06,
      "head_a": 98.46796226522645,
      "head_a_tag": "",
      "head_b": 98.44336681611956,
      "head_b_tag": "",
      "head_lb": 84.33481739251032,
      "head_ub": 115.66518260748968
    },
    "13": {
      "demand_a": 0.015898812264015145,
      "demand_b": 0.007289719610048113,
      "demand_lb": 1e-06,
      "head_a": 98.22371999400765,
      "head_a_tag": "",
      "head_b": 98.25040490287337,
      "head_b_tag": "",
      "head_lb": 82.05642023912475,
      "head_ub": 117.94357976087525
    },
    "14": {
      "demand_a": 0.01060164571963054,
      "demand_b": 0.006597818794705949,
      "demand_lb": 1e-06,
      "head_a": 97.98700088765437,
      "head_a_tag": "",
      "head_b": 98.07422113472231,
      "head_b_tag": "",
      "head_lb": 78.36141323779582,
      "head_ub": 121.63858676220418
    },
    "15": {
      "demand_a": 0.007460296411782627,
      "demand_b": 0.010988500422540695,
      "demand_lb": 1e-06,
      "head_a": 99.0931394031488,
      "head_a_tag": "",
      "head_b": 99.09898587788479,
      "head_b_tag": "",
      "head_lb": 91.7092797959201,
      "head_ub": 108.2907202040799
    },
    "16": {
      "demand_a": 0.006043863136582756,
      "demand_b": 0.009361083893862365,
      "demand_lb": 1e-06,
      "head_a": 98.10607687482138,
      "head_a_tag": "",
      "head_b": 98.1068498640182,
      "head_b_tag": "",
      "head_lb": 80.45195379991088,
      "head_ub": 119.54804620008912
    },
    "17": {
      "demand_a": 0.004067408331343324,
      "demand_b": 0.006472801294351696,
      "demand_lb": 1e-06,
      "head_a": 97.92449212613413,
      "head_a_tag": "",
      "head_b": 97.91324868779463,
      "head_b_tag": "",
      "head_lb": 76.27685648606263,
      "head_ub": 123.72314351393737
    },
    "18": {
      "demand_a": 0.0034544300947575556,
      "demand_b": 0.0014964162813317534,
      "demand_lb": 1e-06,
      "head_a": 99.04137673060711,
      "head_a_tag": "",
      "head_b": 99.05650883299857,
      "head_b_tag": "",
      "head_lb": 91.21616132819784,
      "head_ub": 108.78383867180216
    },
    "19": {
      "demand_a": 0.005176767920072576,
      "demand_b": 0.002847977173949568,
      "demand_lb": 1e-06,
      "head_a": 98.52658852277503,
      "head_a_tag": "",
      "head_b": 98.52658852277503,
      "head_b_tag": "",
      "head_lb": 85.09107641733966,
      "head_ub": 114.90892358266034
    },
    "20": {
      "demand_a": 0.00137982818977039,
      "demand_b": 0.003906757478575454,
      "demand_lb": 1e-06,
      "head_a": 98.23015281146881,
      "head_a_tag": "",
      "head_b": 98.24237328343514,
      "head_b_tag": "",
      "head_lb": 81.95592940539649,
      "head_ub": 118.04407059460351
    },
    "21": {
      "demand_a": 0.01229779451946659,
      "demand_b": 0.009391336471324601,
      "demand_lb": 1e-06,
      "head_a": 98.08987292807622,
      "head_a_tag": "",
      "head_b": 98.10099263269868,
      "head_b_tag": "",
      "head_lb": 80.29368313429404,
      "head_ub": 119.70631686570596
    },
    "22": {
      "demand_a": 0.005444207512504047,
      "demand_b": 0.003973200793791096,
      "demand_lb": 1e-06,
      "head_a": 97.81096419433169,
      "head_a_tag": "",
      "head_b": 97.87587079446094,
      "head_b_tag": "",
      "head_lb": 75.36701637652837,
      "head_ub": 124.63298362347163
    },
    "23": {
      "demand_a": 0.0016505046558468574,
      "demand_b": 0.002344579517636859,
      "demand_lb": 1e-06,
      "head_a": 98.91502296730448,
      "head_a_tag": "",
      "head_b": 98.90971022436736,
      "head_b_tag": "",
      "head_lb": 89.28563267090023,
      "head_ub": 110.71436732909977
    },
    "24": {
      "demand_a": 0.0034539627808895064,
      "demand_b": 0.004791165052567409,
      "demand_lb": 1e-06,
      "head_a": 98.51983801900018,
      "head_a_tag": "",
      "head_b": 98.51067496087893,
      "head_b_tag": "",
      "head_lb": 84.91835360074052,
      "head_ub": 115.08164639925948
    },
    "25": {
      "demand_a": 0.003964385155696807,
      "demand_b": 0.0021798174290947013,
      "demand_lb": 1e-06,
      "head_a": 98.20252218091595,
      "head_a_tag": "",
      "head_b": 98.23190822278565,
      "head_b_tag": "",
      "head_lb": 81.56952160812698,
      "head_ub": 118.43047839187302
    },
    "26": {
      "demand_a": 0.0010741039506794534,
      "demand_b": 0.0026305106855954996,
      "demand_lb": 1e-06,
      "head_a": 98.07939866001021,
      "head_a_tag": "",
      "head_b": 98.07422461453294,
      "head_b_tag": "",
      "head_lb": 79.74597586422558,
      "head_ub": 120.25402413577442
    },
    "3": {
      "demand_a": 0.015189942621324753,
      "demand_b": 0.0112490520784094,
      "demand_lb": 1e-06,
      "head_a": 99.86548845892499,
      "head_a_tag": "",
      "head_b": 99.86548845892499,
      "head_b_tag": "",
      "head_lb": 98.86528131212901,
      "head_ub": 101.13471868787099
    },
    "4": {
      "demand_a": 1.0542559089055104e-06,
      "demand_b": 0.011269077682707532,
      "demand_lb": 1e-06,
      "head_a": 99.56507100929107,
      "head_a_tag": "",
      "head_b": 99.54822486552094,
      "head_b_tag": "",
      "head_lb": 96.22023709746742,
      "head_ub": 103.77976290253258
    },
    "5": {
      "demand_a": 0.0062500808757543665,
      "demand_b": 0.004287533805850639,
      "demand_lb": 1e-06,
      "head_a": 99.49334738426002,
      "head_a_tag": "",
      "head_b": 99.48462563269186,
      "head_b_tag": "",
      "head_lb": 95.64820714338538,
      "head_ub": 104.35179285661462
    },
    "6": {
      "demand_a": 0.003210081470904815,
      "demand_b": 0.00399187115222582,
      "demand_lb": 1e-06,
      "head_a": 99.02760421990594,
      "head_a_tag": "",
      "head_b": 99.02593691597254,
      "head_b_tag": "",
      "head_lb": 89.48828179556567,
      "head_ub": 110.51171820443433
    },
    "7": {
      "demand_a": 0.003972672395914928,
      "demand_b": 0.001176157997475353,
      "demand_lb": 1e-06,
      "head_a": 98.52422852964665,
      "head_a_tag": "",
      "head_b": 98.57716967277997,
      "head_b_tag": "",
      "head_lb": 83.45901484936377,
      "head_ub": 116.54098515063623
    },
    "8": {
      "demand_a": 0.0027032270990470873,
      "demand_b": 0.009527353519685798,
      "demand_lb": 1e-06,
      "head_a": 98.22721955211331,
      "head_a_tag": "",
      "head_b": 98.2199427447851,
      "head_b_tag": "",
      "head_lb": 81.64697482475928,
      "head_ub": 118.35302517524072
    },
    "9": {
      "demand_a": 0.012663705128678662,
      "demand_b": 0.0024249905704032543,
      "demand_lb": 1e-06,
      "head_a": 99.16267020660021,
      "head_a_tag": "",
      "head_b": 99.18440373387949,
      "head_b_tag": "",
      "head_lb": 92.48894338194484,
      "head_ub": 107.51105661805516
    }
  },
  "metadata": {
    "DEMAND_LB": 1e-06,
    "DEMAND_RESTRICTION_MODE": null,
    "DEVIATION_ALPHA": null,
    "FIX_TOTAL_DEMAND": true,
    "GLOBAL_SOLVER": null,
    "HEADLOSS_MODEL": "hw",
    "MEASUREMENT_HEADS_EQUAL_ONLY": true,
    "MEASUREMENT_SITES": [
      "11",
      "19"
    ],
    "MULTI_STARTS": 1,
    "MULTI_START_NOISE": 0.05,
    "MULTI_START_NOISE_REL": 0.25,
    "NORM": 2.0,