{
  "best_bound": null,
  "demands_a": {
    "10": 0.0032546994614697927,
    "11": 0.010744951552080467,
    "12": 0.007041574376668736,
    "13": 0.015898812264015145,
    "14": 0.01060164571963054,
    "15": 0.007460296411782627,
    "16": 0.006043863136582756,
    "17": 0.004067408331343324,
    "18": 0.0034544300947575556,
    "19": 0.005176767920072576,
    "20": 0.0013798281897703935,
    "21": 0.01229779451946659,
    "22": 0.005444207512504047,
    "23": 0.0016505046558468574,
    "24": 0.0034539627808895064,
    "25": 0.003964385155696807,
    "26": 0.0010741039506794534,
    "27": -0.14699999988079065,
    "3": 0.015189942621324753,
    "4": 1.0542559089055104e-06,
    "5": 0.0062500808757543665,
    "6": 0.003210081470904815,
    "7": 0.003972672395914928,
    "8": 0.0027032270990470873,
    "9": 0.012663705128678662
  },
  "demands_b": {
    "10": 0.012397057416856108,
    "11": 0.0021769180611606598,
    "12": 0.01422830269664039,
    "13": 0.007289719610048113,
    "14": 0.006597818794705949,
    "15": 0.010988500422540695,
    "16": 0.009361083893862365,
    "17": 0.006472801294351696,
    "18": 0.0014964162813317534,
    "19": 0.002847977173949568,
    "20": 0.003906757478575454,
    "21": 0.009391336471324601,
    "22": 0.003973200793791096,
    "23": 0.002344579517636859,
    "24": 0.004791165052567409,
    "25": 0.0021798174290947013,
    "26": 0.0026305106855954996,
    "27": -0.1469999998807907,
    "3": 0.0112490520784094,
    "4": 0.011269077682707532,
    "5": 0.004287533805850639,
    "6": 0.00399187115222582,
    "7": 0.001176157997475353,
    "8": 0.009527353519685798,
    "9": 0.0024249905704032543
  },
  "flows_a": {
    "1": 0.1469999998807907,
    "10": 0.01225825612069665,
    "12": 0.0645889353878438,
    "13": 0.043133073621431296,
    "14": 0.03238812206935083,
    "15": 0.025346547692682093,
    "16": 0.019579769417616952,
    "17": 0.012119473005834325,
    "18": 0.024238203728066513,
    "19": 0.0009583269957417042,
    "2": 0.13181005725946596,
    "20": 0.010951296108384623,
    "21": 0.001656610401066108,
    "22": 0.017446872257754643,
    "23": 0.01281803962403484,
    "24": 0.004907432971801867,
    "25": 0.00457609680332995,
    "26": 0.008665042911076769,
    "27": 0.001614563550239296,
    "28": 0.002290677448207707,
    "29": 0.0008515812730401649,
    "3": 0.03497659306941763,
    "30": 0.0021652988730527334,
    "31": 0.007014538255229912,
    "32": 0.005175139024579701,
    "33": 0.0035014313170906018,
    "34": 0.0032789086394513136,
    "4": 0.028726512193663265,
    "5": 0.019479389299634636,
    "6": 0.015506716903719709,
    "7": 0.09683240993413941,
    "8": 0.006037041423123812,
    "9": -0.000545233683975972
  },
  "flows_b": {
    "1": 0.1469999998807907,
    "10": 0.009358653400027754,
    "12": 0.0673977444752487,
    "13": 0.038723188736056846,
    "14": 0.036546270674896186,
    "15": 0.022317967978255797,
    "16": 0.021880854511471048,
    "17": 0.010892354088930353,
    "18": 0.022468112580013633,
    "19": -0.0010803552354323599,
    "2": 0.1357509478023813,
    "20": 0.012193989562382854,
    "21": 0.0027608346053218055,
    "22": 0.017054754185792196,
    "23": 0.012872252089471665,
    "24": 0.002832905668520489,
    "25": 0.0049004558440797555,
    "26": 0.0093959378075986,
    "27": 0.0025653812202718687,
    "28": 0.0013560998531774364,
    "29": 0.0014133654425877971,
    "3": 0.03277828056255078,
    "30": 0.0011884891550498647,
    "31": 0.00705135828996174,
    "32": 0.004825574457666199,
    "33": 0.004001856881748934,
    "34": 0.0027847116387412314,
    "4": 0.028490746756700137,
    "5": 0.018308261346796435,
    "6": 0.01713210334932108,
    "7": 0.091703589557123,
    "8": 0.006190614257677884,
    "9": 0.00175390357039247
  },
  "heads_a": {
    "10": 98.66947595860267,
    "11": 98.566071877373,
    "12": 98.46796226522645,
    "13": 98.22371999400765,
    "14": 97.98700088765437,
    "15": 99.0931394031488,
    "16": 98.10607687482138,
    "17": 97.92449212613413,
    "18": 99.04137673060711,
    "19": 98.52658852277503,
    "20": 98.23015281146881,
    "21": 98.08987292807622,
    "22": 97.81096419433169,
    "23": 98.91502296730448,
    "24": 98.51983801900018,
    "25": 98.20252218091595,
    "26": 98.07939866001021,
    "27": 100.0,
    "3": 99.86548845892499,
    "4": 99.56507100929107,
    "5": 99.49334738426002,
    "6": 99.02760421990594,
    "7": 98.52422852964665,
    "8": 98.22721955211331,
    "9": 99.16267020660021
  },
  "heads_b": {
    "10": 98.65075391669001,
    "11": 98.566071877373,
    "12": 98.44336681611956,
    "13": 98.25040490287337,
    "14": 98.07422113472231,
    "15": 99.09898587788479,
    "16": 98.1068498640182,
    "17": 97.91324868779463,
    "18": 99.05650883299857,
    "19": 98.52658852277503,
    "20": 98.24237328343514,
    "21": 98.10099263269868,
    "22": 97.87587079446094,
    "23": 98.90971022436736,
    "24": 98.51067496087893,
    "25": 98.23190822278565,
    "26": 98.07422461453294,
    "27": 100.0,
    "3": 99.86548845892499,
    "4": 99.54822486552094,
    "5": 99.48462563269186,
    "6": 99.02593691597254,
    "7": 98.57716967277997,
    "8": 98.2199427447851,
    "9": 99.18440373387949
  },
  "max_violation": 0.0,
  "min_demand_viol": 5.42559089055104e-08,
  "norm": 2.0,
  "objective": 0.0006683411448578124,
  "p": 2,
  "radius": 0.025852294769668174,
  "solver_status": "HxSolutionStatus.OPTIMAL"
}