{
  "demands_a": {
    "1": -5.036539590885791e-06,
    "2": -0.0061729575231139755,
    "3": -0.030528024447671553,
    "4": -0.09591870972464012,
    "5": -0.6001592199098367,
    "6": -0.5424862754727003
  },
  "demands_b": {
    "1": -0.4164128536421562,
    "2": -3.984807590562411e-06,
    "3": -0.21673881168232983,
    "4": -0.23708950990073113,
    "5": -0.09407185196438317,
    "6": -0.3109532116203628
  },
  "flows_a": {
    "1": 1.2752702236175537,
    "2": 0.5486912733848829,
    "3": 0.7204059927095567,
    "4": 0.25034099476392646,
    "5": 0.37414628822099016,
    "6": 0.16833998725171018,
    "7": 0.5181632489372113,
    "8": 0.16834502379130106
  },
  "flows_b": {
    "1": 1.2752702236175537,
    "2": 0.5806974872012083,
    "3": 0.6945687516087549,
    "4": 0.08865673427159308,
    "5": 0.36882250743643064,
    "6": -0.057869295816067805,
    "7": 0.36395867551887845,
    "8": 0.3585435578260884
  },
  "heads_a": {
    "1": 207.09503173828125,
    "2": 207.96490478515625,
    "3": 207.53296938239882,
    "4": 207.2494941065724,
    "5": 207.13708547505558,
    "6": 207.0447890677214,
    "7": 210.0
  },
  "heads_b": {
    "1": 207.09503173828125,
    "2": 207.96490478515625,
    "3": 207.48110843311252,
    "4": 207.2998900530891,
    "5": 207.28579199972626,
    "6": 207.10096911465325,
    "7": 210.0
  },
  "max_violation": 7.943526732223649e-09,
  "min_demand_viol": -0.6001592199098367,
  "radius": 0.733327459000551
}