{
  "junctions": {
    "10": {
      "demand_a": 0.013387475979496868,
      "demand_b": 0.0028943297302791576,
      "demand_lb": 1e-06,
      "head_a": 98.63905602820515,
      "head_a_tag": "",
      "head_b": 98.68022104111861,
      "head_b_tag": "",
      "head_lb": 86.59928162241783,
      "head_ub": 113.40071837758217
    },
    "11": {
      "demand_a": 0.002176025933642939,
      "demand_b": 0.011003849917424917,
      "demand_lb": 1e-06,
      "head_a": 98.55437752947392,
      "head_a_tag": "",
      "head_b": 98.57566462628836,
      "head_b_tag": "",
      "head_lb": 85.54316009208108,
      "head_ub": 114.45683990791892
    },
    "12": {
      "demand_a": 0.014227319628290973,
      "demand_b": 0.0073446577550656325,
      "demand_lb": 1e-06,
      "head_a": 98.43167235683636,
      "head_a_tag": "",
      "head_b": 98.47755510780672,
      "head_b_tag": "",
      "head_lb": 84.33481739251032,
      "head_ub": 115.66518260748968
    },
    "13": {
      "demand_a": 0.008021755679324501,
      "demand_b": 0.015593961742866308,
      "demand_lb": 1e-06,
      "head_a": 98.23869441511852,
      "head_a_tag": "",
      "head_b": 98.23869441511852,
      "head_b_tag": "",
      "head_lb": 82.05642023912475,
      "head_ub": 117.94357976087525
    },
    "14": {
      "demand_a": 0.0065978028189975545,
      "demand_b": 0.010601648718926784,
      "demand_lb": 1e-06,
      "head_a": 98.06251264530539,
      "head_a_tag": "",
      "head_b": 98.00197584869791,
      "head_b_tag": "",
      "head_lb": 78.36141323779582,
      "head_ub": 121.63858676220418
    },
    "15": {
      "demand_a": 0.010988505981113266,
      "demand_b": 0.007460290735957218,
      "demand_lb": 1e-06,
      "head_a": 99.09898517813922,
      "head_a_tag": "",
      "head_b": 99.10385412820823,
      "head_b_tag": "",
      "head_lb": 91.7092797959201,
      "head_ub": 108.2907202040799
    },
    "16": {
      "demand_a": 0.00863007984255836,
      "demand_b": 0.006045580527405978,
      "demand_lb": 1e-06,
      "head_a": 98.11066942891365,
      "head_a_tag": "",
      "head_b": 98.12101641974894,
      "head_b_tag": "",
      "head_lb": 80.45195379991088,
      "head_ub": 119.54804620008912
    },
    "17": {
      "demand_a": 0.006711829359076233,
      "demand_b": 0.004066814701161806,
      "demand_lb": 1e-06,
      "head_a": 97.90154368079111,
      "head_a_tag": "",
      "head_b": 97.93946849525696,
      "head_b_tag": "",
      "head_lb": 76.27685648606263,
      "head_ub": 123.72314351393737
    },
    "18": {
      "demand_a": 0.001496456899356272,
      "demand_b": 0.003454389591656214,
      "demand_lb": 1e-06,
      "head_a": 99.05650813729987,
      "head_a_tag": "",
      "head_b": 99.0520914502743,
      "head_b_tag": "",
      "head_lb": 91.21616132819784,
      "head_ub": 108.78383867180216
    },
    "19": {
      "demand_a": 0.0028476553912209525,
      "demand_b": 0.005311533585276026,
      "demand_lb": 1e-06,
      "head_a": 98.51488980891794,
      "head_a_tag": "",
      "head_b": 98.53733449118576,
      "head_b_tag": "",
      "head_lb": 85.09107641733966,
      "head_ub": 114.90892358266034
    },
    "20": {
      "demand_a": 0.0046911754210197595,
      "demand_b": 0.001243221552197523,
      "demand_lb": 1e-06,
      "head_a": 98.23066275342237,
      "head_a_tag": "",
      "head_b": 98.24512734936798,
      "head_b_tag": "",
      "head_lb": 81.95592940539649,
      "head_ub": 118.04407059460351
    },
    "21": {
      "demand_a": 0.008034193199299261,
      "demand_b": 0.01230017803035305,
      "demand_lb": 1e-06,
      "head_a": 98.1048122558539,
      "head_a_tag": "",
      "head_b": 98.1048122558539,
      "head_b_tag": "",
      "head_lb": 80.29368313429404,
      "head_ub": 119.70631686570596
    },
    "22": {
      "demand_a": 0.003950521393530424,
      "demand_b": 0.0054440046872054285,
      "demand_lb": 1e-06,
      "head_a": 97.86556656689395,
      "head_a_tag": "",
      "head_b": 97.82593861843748,
      "head_b_tag": "",
      "head_lb": 75.36701637652837,
      "head_ub": 124.63298362347163
    },
    "23": {
      "demand_a": 0.002233649485985617,
      "demand_b": 0.00165085758029938,
      "demand_lb": 1e-06,
      "head_a": 98.90971072016022,
      "head_a_tag": "",
      "head_b": 98.92573657473721,
      "head_b_tag": "",
      "head_lb": 89.28563267090023,
      "head_ub": 110.71436732909977
    },
    "24": {
      "demand_a": 0.0049019853685762305,
      "demand_b": 0.0034909740497999974,
      "demand_lb": 1e-06,
      "head_a": 98.49897602211804,
      "head_a_tag": "",
      "head_b": 98.53058415209223,
      "head_b_tag": "",
      "head_lb": 84.91835360074052,
      "head_ub": 115.08164639925948
    },
    "25": {
      "demand_a": 0.0022019076534388502,
      "demand_b": 0.003926566791224882,
      "demand_lb": 1e-06,
      "head_a": 98.22019985686194,
      "head_a_tag": "",
      "head_b": 98.21749594605286,
      "head_b_tag": "",
      "head_lb": 81.56952160812698,
      "head_ub": 118.43047839187302
    },
    "26": {
      "demand_a": 0.0029652236950938405,
      "demand_b": 0.0010747780470422978,
      "demand_lb": 1e-06,
      "head_a": 98.0641290593323,
      "head_a_tag": "",
      "head_b": 98.0943392961787,
      "head_b_tag": "",
      "head_lb": 79.74597586422558,
      "head_ub": 120.25402413577442
    },
    "3": {
      "demand_a": 0.011248959962650018,
      "demand_b": 0.017514918639100208,
      "demand_lb": 1e-06,
      "head_a": 99.86548845892499,
      "head_a_tag": "",
      "head_b": 99.86548845892499,
      "head_b_tag": "",
      "head_lb": 98.86528131212901,
      "head_ub": 101.13471868787099
    },
    "4": {
      "demand_a": 0.011269091043828922,
      "demand_b": 1.0284331567189664e-06,
      "demand_lb": 1e-06,
      "head_a": 99.54822446681527,
      "head_a_tag": "",
      "head_b": 99.5748109769857,
      "head_b_tag": "",
      "head_lb": 96.22023709746742,
      "head_ub": 103.77976290253258
    },
    "5": {
      "demand_a": 0.0046446219444228574,
      "demand_b": 0.0034587570785408507,
      "demand_lb": 1e-06,
      "head_a": 99.48462508054284,
      "head_a_tag": "",
      "head_b": 99.51121144854083,
      "head_b_tag": "",
      "head_lb": 95.64820714338538,
      "head_ub": 104.35179285661462
    },
    "6": {
      "demand_a": 0.0029531970898750183,
      "demand_b": 0.004219791014717849,
      "demand_lb": 1e-06,
      "head_a": 99.03652530419284,
      "head_a_tag": "",
      "head_b": 99.02750329386862,
      "head_b_tag": "",
      "head_lb": 89.48828179556567,
      "head_ub": 110.51171820443433
    },
    "7": {
      "demand_a": 0.0016618575220076898,
      "demand_b": 0.003655481689451061,
      "demand_lb": 1e-06,
      "head_a": 98.56546012258134,
      "head_a_tag": "",
      "head_b": 98.5392026874898,
      "head_b_tag": "",
      "head_lb": 83.45901484936377,
      "head_ub": 116.54098515063623
    },
    "8": {
      "demand_a": 0.009527391397340849,
      "demand_b": 0.0027032460938029596,
      "demand_lb": 1e-06,
      "head_a": 98.20823286468038,
      "head_a_tag": "",
      "head_b": 98.24219389072428,
      "head_b_tag": "",
      "head_lb": 81.64697482475928,
      "head_ub": 118.35302517524072
    },
    "9": {
      "demand_a": 0.0016313171906434665,
      "demand_b": 0.012539139187878454,
      "demand_lb": 1e-06,
      "head_a": 99.18440307027014,
      "head_a_tag": "",
      "head_b": 99.1733848988146,
      "head_b_tag": "",
      "head_lb": 92.48894338194484,
      "head_ub": 107.51105661805516
    }
  },
  "metadata": {
    "DEMAND_LB": 1e-06,
    "DEMAND_RESTRICTION_MODE": null,
    "DEVIATION_ALPHA": null,
    "FIX_TOTAL_DEMAND": true,
    "GLOBAL_SOLVER": null,
    "HEADLOSS_MODEL": "hw",
    "MEASUREMENT_HEADS_EQUAL_ONLY": true,
    "MEASUREMENT_SITES": [
      "13",
      "21"
    ],
    "MULTI_STARTS": 1,
    "MULTI_START_NOISE": 0.05,
    "MULTI_START_NOISE_REL": 0.25,
    "NORM": 2.0,