{
  "best_bound": null,
  "demands_a": {
    "10": 0.013387475979496868,
    "11": 0.002176025933642939,
    "12": 0.014227319628290973,
    "13": 0.008021755679324501,
    "14": 0.0065978028189975545,
    "15": 0.010988505981113266,
    "16": 0.00863007984255836,
    "17": 0.006711829359076233,
    "18": 0.001496456899356272,
    "19": 0.0028476553912209525,
    "20": 0.0046911754210197595,
    "21": 0.008034193199299261,
    "22": 0.003950521393530424,
    "23": 0.002233649485985617,
    "24": 0.0049019853685762305,
    "25": 0.0022019076534388502,
    "26": 0.0029652236950938405,
    "27": -0.1469999998807907,
    "3": 0.011248959962650018,
    "4": 0.011269091043828922,
    "5": 0.0046446219444228574,
    "6": 0.0029531970898750183,
    "7": 0.0016618575220076898,
    "8": 0.009527391397340849,
    "9": 0.0016313171906434665
  },
  "demands_b": {
    "10": 0.0028943297302791576,
    "11": 0.011003849917424917,
    "12": 0.0073446577550656325,
    "13": 0.015593961742866308,
    "14": 0.010601648718926784,
    "15": 0.007460290735957218,
    "16": 0.006045580527405978,
    "17": 0.004066814701161806,
    "18": 0.003454389591656214,
    "19": 0.005311533585276026,
    "20": 0.001243221552197523,
    "21": 0.01230017803035305,
    "22": 0.0054440046872054285,
    "23": 0.00165085758029938,
    "24": 0.0034909740497999974,
    "25": 0.003926566791224882,
    "26": 0.0010747780470422978,
    "27": -0.1469999998807907,
    "3": 0.017514918639100208,
    "4": 1.0284331567189664e-06,
    "5": 0.0034587570785408507,
    "6": 0.004219791014717849,
    "7": 0.003655481689451061,
    "8": 0.0027032460938029596,
    "9": 0.012539139187878454
  },
  "flows_a": {
    "1": 0.1469999998807907,
    "10": 0.009358605174272847,
    "12": 0.06819144891009701,
    "13": 0.038722314521311474,
    "14": 0.036546288587668535,
    "15": 0.02231896895937756,
    "16": 0.02188085950971206,
    "17": 0.010892353528598794,
    "18": 0.022468193224416236,
    "19": -0.0010803583046669165,
    "2": 0.1357510399181407,
    "20": 0.011462970296198562,
    "21": 0.0027608023552752924,
    "22": 0.01705513703625103,
    "23": 0.012088371494213953,
    "24": 0.0028328904536402016,
    "25": 0.005115255297395256,
    "26": 0.009395896629242522,
    "27": 0.0025654007969442526,
    "28": 0.0013559484256842355,
    "29": 0.0017718134511596371,
    "3": 0.032778323263859245,
    "30": 0.0011642282935943158,
    "31": 0.007162247143256905,
    "32": 0.004825662571624927,
    "33": 0.003979703343870312,
    "34": 0.0027862930999361084,
    "4": 0.028133701319436388,
    "5": 0.018793969414433804,
    "6": 0.017132111892426114,
    "7": 0.09170362561045253,
    "8": 0.006386534815127566,
    "9": 0.0017538846791875817
  },
  "flows_b": {
    "1": 0.1469999998807907,
    "10": 0.012258238970325297,
    "12": 0.06458678636859226,
    "13": 0.04339195529085886,
    "14": 0.032388105373433944,
    "15": 0.02504344761836831,
    "16": 0.01957976442349393,
    "17": 0.012119473687536712,
    "18": 0.024238122585606165,
    "19": 0.0009583363901401159,
    "2": 0.1294850812416905,
    "20": 0.01095304900922131,
    "21": 0.0016565902513985121,
    "22": 0.017312046717997704,
    "23": 0.012819776735485188,
    "24": 0.004907468481815332,
    "25": 0.004575543353506352,
    "26": 0.008665084095880498,
    "27": 0.0016145422823324342,
    "28": 0.0022907120401748776,
    "29": 0.0008515238334411181,
    "3": 0.03277836282856913,
    "30": 0.002165318903743059,
    "31": 0.007014226515581118,
    "32": 0.005137794748113554,
    "33": 0.0035019399970635493,
    "34": 0.003278685783462369,
    "4": 0.029319605750028278,
    "5": 0.01916219349715851,
    "6": 0.015506711807707449,
    "7": 0.09670568997996465,
    "8": 0.005937621238151919,
    "9": -0.0005452267435791928
  },
  "heads_a": {
    "10": 98.63905602820515,
    "11": 98.55437752947392,
    "12": 98.43167235683636,
    "13": 98.23869441511852,
    "14": 98.06251264530539,
    "15": 99.09898517813922,
    "16": 98.11066942891365,
    "17": 97.90154368079111,
    "18": 99.05650813729987,
    "19": 98.51488980891794,
    "20": 98.23066275342237,
    "21": 98.1048122558539,
    "22": 97.86556656689395,
    "23": 98.90971072016022,
    "24": 98.49897602211804,
    "25": 98.22019985686194,
    "26": 98.0641290593323,
    "27": 100.0,
    "3": 99.86548845892499,
    "4": 99.54822446681527,
    "5": 99.48462508054284,
    "6": 99.03652530419284,
    "7": 98.56546012258134,
    "8": 98.20823286468038,
    "9": 99.18440307027014
  },
  "heads_b": {
    "10": 98.68022104111861,
    "11": 98.57566462628836,
    "12": 98.47755510780672,
    "13": 98.23869441511852,
    "14": 98.00197584869791,
    "15": 99.10385412820823,
    "16": 98.12101641974894,
    "17": 97.93946849525696,
    "18": 99.0520914502743,
    "19": 98.53733449118576,
    "20": 98.24512734936798,
    "21": 98.1048122558539,
    "22": 97.82593861843748,
    "23": 98.92573657473721,
    "24": 98.53058415209223,
    "25": 98.21749594605286,
    "26": 98.0943392961787,
    "27": 100.0,
    "3": 99.86548845892499,
    "4": 99.5748109769857,
    "5": 99.51121144854083,
    "6": 99.02750329386862,
    "7": 98.5392026874898,
    "8": 98.24219389072428,
    "9": 99.1733848988146
  },
  "max_violation": 0.0,
  "min_demand_viol": 2.8433156718966447e-08,
  "norm": 2.0,
  "objective": 0.000724767377863247,
  "p": 2,
  "radius": 0.026921504004480262,
  "solver_status": "HxSolutionStatus.OPTIMAL"
}