{
  "best_radius": 0.34151397909896286,
  "runs": [
    {
      "max_violation": 8.199524115237722e-10,
      "min_demand_viol": -0.4938676677302487,
      "radius": 0.34145274957756827,
      "run": 0,
      "start_flows": {
        "1": 1.2815567346722234,
        "2": 0.541983496920258,
        "3": 0.7335680165490678,
        "4": 0.17243362675105017,
        "5": 0.3361972942169278,
        "6": 0.04453327017473438,
        "7": 0.5138619005136966,
        "8": 0.35592712411621363
      },
      "start_heads": {
        "1": 207.08409215508462,
        "2": 207.9297180233659,
        "3": 207.46985972396448,
        "4": 207.25529678237842,
        "5": 207.23839086636661,
        "6": 206.9775395044912,
        "7": 209.93770445263735
      },
      "success": true
    },
    {
      "max_violation": 8.479778129677484e-10,
      "min_demand_viol": -0.4938668606045847,
      "radius": 0.34145268795410066,
      "run": 1,
      "start_flows": {
        "1": 1.2386568558823812,
        "2": 0.5213757909419576,
        "3": 0.685731876208446,
        "4": 0.18777014771210485,
        "5": 0.4151064313471172,
        "6": 0.02002678428205843,
        "7": 0.516985071784674,
        "8": 0.27531334228542087
      },
      "start_heads": {
        "1": 207.0721454469979,
        "2": 207.9824802886609,
        "3": 207.57830430659936,
        "4": 207.29116112039333,
        "5": 207.19914960493156,
        "6": 207.04770477441022,
        "7": 210.0110097561735
      },
      "success": true
    },
    {
      "max_violation": 1.190205711765202e-09,
      "min_demand_viol": -0.493850888660008,
      "radius": 0.341465958365445,
      "run": 2,
      "start_flows": {
        "1": 1.224789314440617,
        "2": 0.5381299613412375,
        "3": 0.6935856335311797,
        "4": 0.1942309001276886,
        "5": 0.37371371900030037,
        "6": 0.044222152881256215,
        "7": 0.4159704677862727,
        "8": 0.30209239427511303
      },
      "start_heads": {
        "1": 207.13409730831629,
        "2": 208.00410355865932,
        "3": 207.60780235477782,
        "4": 207.22350722890008,
        "5": 207.3120207561362,
        "6": 207.16108481441228,
        "7": 210.01322278151648
      },
      "success": true
    },
    {
      "max_violation": 5.330382524260102e-10,
      "min_demand_viol": -0.4938652899406407,
      "radius": 0.34145398655851866,
      "run": 3,
      "start_flows": {
        "1": 1.2595740828907322,
        "2": 0.6214897742616711,
        "3": 0.799559799849402,
        "4": 0.2572703643867045,
        "5": 0.4287359511117018,
        "6": 0.04432253796220795,
        "7": 0.38824596664308114,
        "8": 0.3083503693037474
      },
      "start_heads": {
        "1": 207.03582583994339,
        "2": 207.99772853191007,
        "3": 207.4687127243293,
        "4": 207.30621660851438,
        "5": 207.25781775214037,
        "6": 207.1285931794213,
        "7": 209.96691487139805
      },
      "success": true
    },
    {
      "max_violation": 1.0388009896722394e-09,
      "min_demand_viol": -0.49385105428402365,
      "radius": 0.34146602476227156,
      "run": 4,
      "start_flows": {
        "1": 1.2534484612603927,
        "2": 0.49009864469618,
        "3": 0.7885152778834104,
        "4": 0.1423930844712906,
        "5": 0.3794292443479934,
        "6": 0.013524890155563943,
        "7": 0.5278355421972958,
        "8": 0.3745911253138435
      },
      "start_heads": {
        "1": 207.06413638604587,
        "2": 207.99657241629748,
        "3": 207.42295530348446,
        "4": 207.28906195421828,
        "5": 207.2705088769381,
        "6": 207.14398912201526,
        "7": 210.0911005681664
      },
      "success": true
    },
    {
      "max_violation": 8.530576800502843e-10,
      "min_demand_viol": -0.49385266694795127,
      "radius": 0.34151397909896286,
      "run": 5,
      "start_flows": {
        "1": 1.209248675116889,
        "2": 0.5155123389940622,
        "3": 0.7482993834326048,
        "4": 0.16964135158466379,
        "5": 0.46310039205724607,
        "6": 0.035879477054883424,
        "7": 0.4170021937475784,
        "8": 0.2896949006981111
      },
      "start_heads": {
        "1": 207.05730144871825,
        "2": 207.9103474792753,
        "3": 207.46924678919746,
        "4": 207.3179810800437,
        "5": 207.2653828580199,
        "6": 207.1585189841952,
        "7": 210.0844553726222
      },
      "success": true
    },
    {
      "max_violation": 9.112431122171305e-10,
      "min_demand_viol": -0.4938476860084862,
      "radius": 0.34146611953202266,
      "run": 6,
      "start_flows": {
        "1": 1.2609008382271203,
        "2": 0.6273091540270526,
        "3": 0.6799075916677738,
        "4": 0.13041445627628445,
        "5": 0.3754700314529167,
        "6": 0.07802617167273376,
        "7": 0.456712377092957,
        "8": 0.2792966347535847
      },
      "start_heads": {
        "1": 207.04131349536982,
        "2": 207.8978437994524,
        "3": 207.4630547867709,
        "4": 207.31159464799904,
        "5": 207.28581021906356,
        "6": 207.08557631359187,
        "7": 210.0436521076311
      },
      "success": true
    },
    {
      "max_violation": 1.35431568390465e-09,
      "min_demand_viol": -0.4908904714473097,
      "radius": 0.2689667928480945,
      "run": 7,
      "start_flows": {
        "1": 1.211250526381825,
        "2": 0.5129353353318595,
        "3": 0.7325977767039086,
        "4": 0.054681562214668605,
        "5": 0.38229924275329863,
        "6": -0.0026285243912150154,
        "7": 0.45412588313108043,
        "8": 0.3047879996487104
      },
      "start_heads": {
        "1": 207.13721837139641,
        "2": 207.97501050490845,
        "3": 207.56783939435212,
        "4": 207.24854201796038,
        "5": 207.30737366851486,
        "6": 207.13009573267053,
        "7": 210.05824319905554
      },
      "success": true
    },
    {
      "max_violation": 2.3161411399907905e-09,
      "min_demand_viol": -0.49088641870950683,
      "radius": 0.26890644668351193,
      "run": 8,
      "start_flows": {
        "1": 1.3146496347028471,
        "2": 0.5907926741137528,
        "3": 0.705326564564048,
        "4": 0.09584992834391158,
        "5": 0.35622850787313265,
        "6": -0.012022214579575141,
        "7": 0.377524809831419,
        "8": 0.3214957155054009
      },
      "start_heads": {
        "1": 207.1611546117696,
        "2": 207.93647731244886,
        "3": 207.4816405756162,
        "4": 207.2343104515017,
        "5": 207.24974542138472,
        "6": 207.11172464068167,
        "7": 209.9993042665738
      },
      "success": true
    },
    {
      "max_violation": 8.113682503640973e-10,
      "min_demand_viol": -0.4908907456194403,
      "radius": 0.26896531956804937,
      "run": 9,
      "start_flows": {
        "1": 1.327362211578195,
        "2": 0.6187019814234493,
        "3": 0.7590551658343883,
        "4": 0.048923425579549484,
        "5": 0.4244149488351544,
        "6": 0.04343451784169228,
        "7": 0.4698504658998571,
        "8": 0.32713444684656445
      },
      "start_heads": {
        "1": 207.0548451458552,
        "2": 207.9840426431698,
        "3": 207.5491015085294,
        "4": 207.26851484007835,
        "5": 207.14124280248046,
        "6": 207.0883453068278,
        "7": 210.0540081706269
      },
      "success": true
    }
  ],
  "unique_local_optima": 7
}