{
  "junctions": {
    "1": {
      "demand_a": 0.2703362659034529,
      "demand_b": 0.10020100758561422,
      "demand_lb": 1e-06,
      "head_a": 207.79390381913277,
      "head_a_tag": "",
      "head_b": 207.84395192395607,
      "head_b_tag": "",
      "head_lb": 193.4611532898627,
      "head_ub": 226.5388467101373
    },
    "2": {
      "demand_a": 0.08350567079628046,
      "demand_b": 0.12049372129985603,
      "demand_lb": 1e-06,
      "head_a": 208.3993620394407,
      "head_a_tag": "",
      "head_b": 208.3993620394407,
      "head_b_tag": "",
      "head_lb": 197.73885171300606,
      "head_ub": 222.26114828699394
    },
    "3": {
      "demand_a": 0.12379391255118438,
      "demand_b": 0.07321357942168072,
      "demand_lb": 1e-06,
      "head_a": 208.08524895762883,
      "head_a_tag": "",
      "head_b": 208.11301565632522,
      "head_b_tag": "",
      "head_lb": 195.62629393444394,
      "head_ub": 224.37370606555606
    },
    "4": {
      "demand_a": 0.13324209120371833,
      "demand_b": 0.08902732679738079,
      "demand_lb": 1e-06,
      "head_a": 207.93881672489783,
      "head_a_tag": "",
      "head_b": 207.95996598691931,
      "head_b_tag": "",
      "head_lb": 194.2896568934707,
      "head_ub": 225.7103431065293
    },
    "5": {
      "demand_a": 0.20395057983764475,
      "demand_b": 0.34722820497059625,
      "demand_lb": 1e-06,
      "head_a": 207.90821949131958,
      "head_a_tag": "",
      "head_b": 207.9082194913196,
      "head_b_tag": "",
      "head_lb": 194.17031922671646,
      "head_ub": 225.82968077328354
    },
    "6": {
      "demand_a": 0.3051714844760907,
      "demand_b": 0.3898361646932435,
      "demand_lb": 1e-06,
      "head_a": 207.79390729648304,
      "head_a_tag": "",
      "head_b": 207.82665288296195,
      "head_b_tag": "",
      "head_lb": 193.36886889046428,
      "head_ub": 226.63113110953572
    }
  },
  "metadata": {
    "DEMAND_INTERVALS": false,
    "DEMAND_LB": 1e-06,
    "FIX_TOTAL_DEMAND": true,
    "GLOBAL_SOLVER": "couenne",
    "HEADLOSS_MODEL": "hw",
    "MEASUREMENT_HEADS_EQUAL_ONLY": true,
    "MEASUREMENT_SITES": [
      "2",
      "5"
    ],
    "MULTI_STARTS": 10,
    "MULTI_START_NOISE": 0.05,
    "NORM": 2,
    "PIPE_BOUNDS": true,
    "PIPE_BOUND_METHOD": "perturb",
    "PIPE_BOUND_PERTURB_BASE": "base",
    "PIPE_BOUND_PERTURB_FIX_TOTAL": true,
    "PIPE_BOUND_PERTURB_SAMPLES": 25,
    "PIPE_BOUND_PERTURB_SEED": 1,
    "PIPE_BOUND_PERTURB_SIGMA": 0.15,
    "PIPE_BOUND_POLICY": "minmax",
    "PIPE_BOUND_SAFENESS": 0.85,
    "RADIUS": true,
    "SCENARIO_SOURCE": "base",
    "SINGLE_NODE_SOLUTION": false,
    "SOLVER": "hexaly_xd",
    "USE_RESERVOIR_OUTFLOW_CONSTRAINT": false,
    "WDN_NAME": "Alperovits",
    "output_dir": "data/Alperovits-B-batch-20260401-112751/2_5",
    "timestamp": "20260401-112751"
  },
  "output_dir": "data/Alperovits-B-batch-20260401-112751/2_5",
  "pipes": {
    "1": {
      "flow_a": 1.1200000047683716,
      "flow_a_tag": "lb",
      "flow_b": 1.1200000047683716,
      "flow_b_tag": "lb",
      "flow_lb": 1.1200000047683716,
      "flow_ub": 1.1200000047683716,
      "headloss_res_a": -10.660510326434622,
      "headloss_res_b": -10.660510326434622
    },
    "2": {
      "flow_a": 0.4648970020397407,
      "flow_a_tag": "ub",
      "flow_b": 0.44223544482239857,
      "flow_b_tag": "lb",
      "flow_lb": 0.44223544001579285,
      "flow_ub": 0.4648970067501068,
      "headloss_res_a": -1.7984446539411474,
      "headloss_res_b": -1.625276373198576
    },
    "3": {
      "flow_a": 0.5715973319323503,
      "flow_a_tag": "",
      "flow_b": 0.5572708386461169,
      "flow_b_tag": "",
      "flow_lb": 0.5527145266532898,
      "flow_ub": 0.5940340161323547,
      "headloss_res_a": -2.7330176392828864,
      "headloss_res_b": -2.596086429182596
    },
    "4": {
      "flow_a": 0.13220331624892415,
      "flow_a_tag": "lb",
      "flow_b": 0.17557385063504777,
      "flow_b_tag": "ub",
      "flow_lb": 0.13220331072807312,
      "flow_ub": 0.17557385563850403,
      "headloss_res_a": -0.14023892387696618,
      "headloss_res_b": -0.24956434976748215
    },
    "5": {
      "flow_a": 0.30615192447970785,
      "flow_a_tag": "",
      "flow_b": 0.29266966121368837,
      "flow_b_tag": "",
      "flow_lb": 0.2579752802848816,
      "flow_ub": 0.329729825258255,
      "headloss_res_a": -0.7712458399070188,
      "headloss_res_b": -0.7039279302286592
    },
    "6": {
      "flow_a": -0.0009804400036171536,
      "flow_a_tag": "lb",
      "flow_b": 0.09716650347955515,
      "flow_b_tag": "ub",
      "flow_lb": -0.000980442389845848,
      "flow_ub": 0.097166508436203,
      "headloss_res_a": 5.918522802175039e-06,
      "headloss_res_b": -0.07498534898910433
    },
    "7": {
      "flow_a": 0.34110308948855633,
      "flow_a_tag": "lb",
      "flow_b": 0.36902186540071785,
      "flow_b_tag": "",
      "flow_lb": 0.3411029875278473,
      "flow_ub": 0.38594850897789,
      "headloss_res_a": -0.9602479149505267,
      "headloss_res_b": -1.1262689319343238
    },
    "8": {
      "flow_a": 0.26935582589983575,
      "flow_a_tag": "ub",
      "flow_b": 0.19736751106516937,
      "flow_b_tag": "lb",
      "flow_lb": 0.19736750423908234,
      "flow_ub": 0.269355833530426,
      "headloss_res_a": -0.5948502244869697,
      "headloss_res_b": -0.31648814235291384
    }
  },
  "summary": {
    "flow_at_bounds": {
      "a_lb": 4,
      "a_ub": 2,
      "b_lb": 3,
      "b_ub": 2
    },
    "head_at_bounds": {
      "a_lb": 0,
      "a_ub": 0,
      "b_lb": 0,
      "b_ub": 0
    },
    "head_bounds_count": 6,
    "junction_count": 6,
    "min_demand_slack_a": 0.08350467079628046,
    "min_demand_slack_b": 0.07321257942168072,
    "pipe_count": 8,
    "total_demand_a": 1.1200000047683716,
    "total_demand_b": 1.1200000047683714,
    "total_demand_res_a": 0.0,
    "total_demand_res_b": -2.220446049250313e-16,
    "total_demand_target": 1.1200000047683716
  }
}