{
  "junctions": {
    "1": {
      "demand_a": 0.1594682938588577,
      "demand_b": 0.22811900047562553,
      "demand_lb": 1e-06,
      "head_a": 207.8282746630181,
      "head_a_tag": "",
      "head_b": 207.80821803038816,
      "head_b_tag": "",
      "head_lb": 193.75525106874858,
      "head_ub": 226.24474893125142
    },
    "2": {
      "demand_a": 0.10842578034873207,
      "demand_b": 0.09357739123736519,
      "demand_lb": 1e-06,
      "head_a": 208.3993620394407,
      "head_a_tag": "",
      "head_b": 208.3993620394407,
      "head_b_tag": "",
      "head_lb": 197.73885171300606,
      "head_ub": 222.26114828699394
    },
    "3": {
      "demand_a": 0.08914873653615235,
      "demand_b": 0.10945566991543243,
      "demand_lb": 1e-06,
      "head_a": 208.10425043552354,
      "head_a_tag": "",
      "head_b": 208.09310285019149,
      "head_b_tag": "",
      "head_lb": 195.68327867730858,
      "head_ub": 224.31672132269142
    },
    "4": {
      "demand_a": 0.10848126750673931,
      "demand_b": 0.12580739023942777,
      "demand_lb": 1e-06,
      "head_a": 207.95291745771317,
      "head_a_tag": "",
      "head_b": 207.94440971735312,
      "head_b_tag": "",
      "head_lb": 194.4912311103774,
      "head_ub": 225.5087688896226
    },
    "5": {
      "demand_a": 0.30029785324739544,
      "demand_b": 0.24306895846635618,
      "demand_lb": 1e-06,
      "head_a": 207.90828253361906,
      "head_a_tag": "",
      "head_b": 207.90828253361906,
      "head_b_tag": "",
      "head_lb": 194.3694387645554,
      "head_ub": 225.6305612354446
    },
    "6": {
      "demand_a": 0.35417807327049483,
      "demand_b": 0.31997159443416445,
      "demand_lb": 1e-06,
      "head_a": 207.82059301107427,
      "head_a_tag": "",
      "head_b": 207.80706134018632,
      "head_b_tag": "",
      "head_lb": 193.71684621726888,
      "head_ub": 226.28315378273112
    }
  },
  "metadata": {
    "DEMAND_INTERVALS": false,
    "DEMAND_LB": 1e-06,
    "FIX_TOTAL_DEMAND": true,
    "GLOBAL_SOLVER": "couenne",
    "HEADLOSS_MODEL": "hw",
    "MEASUREMENT_HEADS_EQUAL_ONLY": true,
    "MEASUREMENT_SITES": [
      "5"
    ],
    "MULTI_STARTS": 10,
    "MULTI_START_NOISE": 0.05,
    "NORM": 2,
    "PIPE_BOUNDS": true,
    "PIPE_BOUND_METHOD": "perturb",
    "PIPE_BOUND_PERTURB_BASE": "base",
    "PIPE_BOUND_PERTURB_FIX_TOTAL": true,
    "PIPE_BOUND_PERTURB_SAMPLES": 25,
    "PIPE_BOUND_PERTURB_SEED": 1,
    "PIPE_BOUND_PERTURB_SIGMA": 0.06,
    "PIPE_BOUND_POLICY": "minmax",
    "PIPE_BOUND_SAFENESS": 0.85,
    "RADIUS": true,
    "SCENARIO_SOURCE": "base",
    "SINGLE_NODE_SOLUTION": false,
    "SOLVER": "hexaly_xd",
    "USE_RESERVOIR_OUTFLOW_CONSTRAINT": false,
    "WDN_NAME": "Alperovits",
    "output_dir": "data/Alperovits-B-batch-20260401-112441/5",
    "timestamp": "20260401-112441"
  },
  "output_dir": "data/Alperovits-B-batch-20260401-112441/5",
  "pipes": {
    "1": {
      "flow_a": 1.1200000047683716,
      "flow_a_tag": "lb",
      "flow_b": 1.1200000047683716,
      "flow_b_tag": "lb",
      "flow_lb": 1.1200000047683716,
      "flow_ub": 1.1200000047683716,
      "headloss_res_a": -10.660510326434622,
      "headloss_res_b": -10.660510326434622
    },
    "2": {
      "flow_a": 0.4494941646343739,
      "flow_a_tag": "lb",
      "flow_b": 0.4585839989871604,
      "flow_b_tag": "ub",
      "flow_lb": 0.4494941532611847,
      "flow_ub": 0.4585840106010437,
      "headloss_res_a": -1.679779765734436,
      "headloss_res_b": -1.7493137423313243
    },
    "3": {
      "flow_a": 0.5620800597852657,
      "flow_a_tag": "",
      "flow_b": 0.567838614543846,
      "flow_b_tag": "",
      "flow_lb": 0.5602670907974243,
      "flow_ub": 0.5764147639274597,
      "headloss_res_a": -2.641656113065175,
      "headloss_res_b": -2.6967481775598134
    },
    "4": {
      "flow_a": 0.16210308882948216,
      "flow_a_tag": "ub",
      "flow_b": 0.14461098471320646,
      "flow_b_tag": "lb",
      "flow_lb": 0.14461097121238708,
      "flow_ub": 0.1621031016111374,
      "headloss_res_a": -0.21221395595142017,
      "headloss_res_b": -0.16828070973832626
    },
    "5": {
      "flow_a": 0.2914957034490442,
      "flow_a_tag": "",
      "flow_b": 0.2974202395912118,
      "flow_b_tag": "",
      "flow_lb": 0.2794540822505951,
      "flow_ub": 0.3076257109642029,
      "headloss_res_a": -0.6982133691030855,
      "headloss_res_b": -0.7272932376240641
    },
    "6": {
      "flow_a": 0.06268236982145066,
      "flow_a_tag": "ub",
      "flow_b": 0.0225513548429527,
      "flow_b_tag": "lb",
      "flow_lb": 0.022551340982317924,
      "flow_ub": 0.0626823827624321,
      "headloss_res_a": -0.030723183678236857,
      "headloss_res_b": -0.0038142709941727665
    },
    "7": {
      "flow_a": 0.36034542809822157,
      "flow_a_tag": "",
      "flow_b": 0.34912832907172797,
      "flow_b_tag": "lb",
      "flow_lb": 0.34912824630737305,
      "flow_ub": 0.3666263520717621,
      "headloss_res_a": -1.0732410553197396,
      "headloss_res_b": -1.0066007516835707
    },
    "8": {
      "flow_a": 0.22215066368030834,
      "flow_a_tag": "lb",
      "flow_b": 0.25067035531857823,
      "flow_b_tag": "ub",
      "flow_lb": 0.22215065360069275,
      "flow_ub": 0.2506703734397888,
      "headloss_res_a": -0.4023732764530394,
      "headloss_res_b": -0.5141231037754787
    }
  },
  "summary": {
    "flow_at_bounds": {
      "a_lb": 3,
      "a_ub": 2,
      "b_lb": 4,
      "b_ub": 2
    },
    "head_at_bounds": {
      "a_lb": 0,
      "a_ub": 0,
      "b_lb": 0,
      "b_ub": 0
    },
    "head_bounds_count": 6,
    "junction_count": 6,
    "min_demand_slack_a": 0.08914773653615235,
    "min_demand_slack_b": 0.09357639123736519,
    "pipe_count": 8,
    "total_demand_a": 1.1200000047683716,
    "total_demand_b": 1.1200000047683716,
    "total_demand_res_a": 0.0,
    "total_demand_res_b": 0.0,
    "total_demand_target": 1.1200000047683716
  }
}