{
  "best_bound": null,
  "demands_a": {
    "1": 0.1594682938588577,
    "2": 0.10842578034873207,
    "3": 0.08914873653615235,
    "4": 0.10848126750673931,
    "5": 0.30029785324739544,
    "6": 0.35417807327049483,
    "7": -1.1200000047683716
  },
  "demands_b": {
    "1": 0.22811900047562553,
    "2": 0.09357739123736519,
    "3": 0.10945566991543243,
    "4": 0.12580739023942777,
    "5": 0.24306895846635618,
    "6": 0.31997159443416445,
    "7": -1.1200000047683716
  },
  "flows_a": {
    "1": 1.1200000047683716,
    "2": 0.4494941646343739,
    "3": 0.5620800597852657,
    "4": 0.16210308882948216,
    "5": 0.2914957034490442,
    "6": 0.06268236982145066,
    "7": 0.36034542809822157,
    "8": 0.22215066368030834
  },
  "flows_b": {
    "1": 1.1200000047683716,
    "2": 0.4585839989871604,
    "3": 0.567838614543846,
    "4": 0.14461098471320646,
    "5": 0.2974202395912118,
    "6": 0.0225513548429527,
    "7": 0.34912832907172797,
    "8": 0.25067035531857823
  },
  "heads_a": {
    "1": 207.8282746630181,
    "2": 208.3993620394407,
    "3": 208.10425043552354,
    "4": 207.95291745771317,
    "5": 207.90828253361906,
    "6": 207.82059301107427,
    "7": 210.0
  },
  "heads_b": {
    "1": 207.80821803038816,
    "2": 208.3993620394407,
    "3": 208.09310285019149,
    "4": 207.94440971735312,
    "5": 207.90828253361906,
    "6": 207.80706134018632,
    "7": 210.0
  },
  "max_violation": 0.0,
  "min_demand_viol": 0.08914773653615235,
  "norm": 2,
  "objective": 0.010091189842642375,
  "p": 1,
  "radius": 0.10045491447730358,
  "solver_status": "HxSolutionStatus.OPTIMAL"
}