{
  "best_bound": null,
  "demands_a": {
    "1": 0.13321639432593,
    "2": 0.09950587010895484,
    "3": 0.09151334030485081,
    "4": 0.10596164081345255,
    "5": 0.31948602164879536,
    "6": 0.37031673756638794,
    "7": -1.1200000047683716
  },
  "demands_b": {
    "1": 0.20000002160668442,
    "2": 0.0999999642372158,
    "3": 0.10000002384185508,
    "4": 0.11999998986721072,
    "5": 0.2699999958276741,
    "6": 0.33000000938773155,
    "7": -1.1200000047683716
  },
  "flows_a": {
    "1": 1.1200000047683716,
    "2": 0.45453552708630585,
    "3": 0.5659586075731108,
    "4": 0.16816720976203775,
    "5": 0.2918297569976205,
    "6": 0.07848698056876746,
    "7": 0.36302218678145504,
    "8": 0.21170337489469745
  },
  "flows_b": {
    "1": 1.1200000047683716,
    "2": 0.4545355270863094,
    "3": 0.5654645134448465,
    "4": 0.15276744360218625,
    "5": 0.2926970799754495,
    "6": 0.037302929412282054,
    "7": 0.3545355032444543,
    "8": 0.23730295101896648
  },
  "heads_a": {
    "1": 207.82623942939625,
    "2": 208.3993620394407,
    "3": 208.09809129587057,
    "4": 207.94719537762452,
    "5": 207.89941888628104,
    "6": 207.81458994978965,
    "7": 210.0
  },
  "heads_b": {
    "1": 207.817527662031,
    "2": 208.3993620394407,
    "3": 208.09809129587057,
    "4": 207.9479261851134,
    "5": 207.90793480487523,
    "6": 207.81458994978965,
    "7": 210.0
  },
  "max_violation": 0.0,
  "min_demand_viol": 0.09151234030485081,
  "norm": 2.0,
  "objective": 0.00880370136599507,
  "p": 2,
  "radius": 0.09382804146946193,
  "solver_status": "HxSolutionStatus.OPTIMAL"
}