{
  "junctions": {
    "10": {
      "demand_a": 0.002927795886463247,
      "demand_b": 0.013358749334373261,
      "demand_lb": 1e-06,
      "head_a": 98.68006074099709,
      "head_a_tag": "",
      "head_b": 98.63908866751129,
      "head_b_tag": "",
      "head_lb": 86.59928162241783,
      "head_ub": 113.40071837758217
    },
    "11": {
      "demand_a": 0.010989832966684633,
      "demand_b": 0.0021897805329011005,
      "demand_lb": 1e-06,
      "head_a": 98.57553852071065,
      "head_a_tag": "",
      "head_b": 98.55437975104867,
      "head_b_tag": "",
      "head_lb": 85.54316009208108,
      "head_ub": 114.45683990791892
    },
    "12": {
      "demand_a": 0.007300819139171945,
      "demand_b": 0.014153083608001129,
      "demand_lb": 1e-06,
      "head_a": 98.47739335409452,
      "head_a_tag": "",
      "head_b": 98.43171340557976,
      "head_b_tag": "",
      "head_lb": 84.33481739251032,
      "head_ub": 115.66518260748968
    },
    "13": {
      "demand_a": 0.014147640982080243,
      "demand_b": 0.008374791223456583,
      "demand_lb": 1e-06,
      "head_a": 98.23764530046846,
      "head_a_tag": "",
      "head_b": 98.23764530046846,
      "head_b_tag": "",
      "head_lb": 82.05642023912475,
      "head_ub": 117.94357976087525
    },
    "14": {
      "demand_a": 0.009691690413496813,
      "demand_b": 0.007136153507901354,
      "demand_lb": 1e-06,
      "head_a": 98.00128817191064,
      "head_a_tag": "",
      "head_b": 98.06140221742143,
      "head_b_tag": "",
      "head_lb": 78.36141323779582,
      "head_ub": 121.63858676220418
    },
    "15": {
      "demand_a": 0.0074919697039259915,
      "demand_b": 0.010956873987510241,
      "demand_lb": 1e-06,
      "head_a": 99.10369271160125,
      "head_a_tag": "",
      "head_b": 99.09902107686693,
      "head_b_tag": "",
      "head_lb": 91.7092797959201,
      "head_ub": 108.2907202040799
    },
    "16": {
      "demand_a": 0.00822647131364174,
      "demand_b": 0.0069791116843841506,
      "demand_lb": 1e-06,
      "head_a": 98.11745738184763,
      "head_a_tag": "",
      "head_b": 98.1011643699438,
      "head_b_tag": "",
      "head_lb": 80.45195379991088,
      "head_ub": 119.54804620008912
    },
    "17": {
      "demand_a": 0.007076359254528826,
      "demand_b": 0.0041553734443939335,
      "demand_lb": 1e-06,
      "head_a": 97.86200046872723,
      "head_a_tag": "",
      "head_b": 97.95247747983272,
      "head_b_tag": "",
      "head_lb": 76.27685648606263,
      "head_ub": 123.72314351393737
    },
    "18": {
      "demand_a": 0.003380469956460474,
      "demand_b": 0.0015722387090607772,
      "demand_lb": 1e-06,
      "head_a": 99.05211224562146,
      "head_a_tag": "",
      "head_b": 99.0563778048835,
      "head_b_tag": "",
      "head_lb": 91.21616132819784,
      "head_ub": 108.78383867180216
    },
    "19": {
      "demand_a": 0.004984453067967777,
      "demand_b": 0.003083275525121675,
      "demand_lb": 1e-06,
      "head_a": 98.53728579959039,
      "head_a_tag": "",
      "head_b": 98.5148168867712,
      "head_b_tag": "",
      "head_lb": 85.09107641733966,
      "head_ub": 114.90892358266034
    },
    "20": {
      "demand_a": 0.004570270200470069,
      "demand_b": 0.0016555149329177399,
      "demand_lb": 1e-06,
      "head_a": 98.23635392571597,
      "head_a_tag": "",
      "head_b": 98.23635392571597,
      "head_b_tag": "",
      "head_lb": 81.95592940539649,
      "head_ub": 118.04407059460351
    },
    "21": {
      "demand_a": 0.0074176447100530105,
      "demand_b": 0.013308636137223443,
      "demand_lb": 1e-06,
      "head_a": 98.11152641358152,
      "head_a_tag": "",
      "head_b": 98.08508727601578,
      "head_b_tag": "",
      "head_lb": 80.29368313429404,
      "head_ub": 119.70631686570596
    },
    "22": {
      "demand_a": 0.004326338878606114,
      "demand_b": 0.005180376937639624,
      "demand_lb": 1e-06,
      "head_a": 97.82447082654728,
      "head_a_tag": "",
      "head_b": 97.84118046253184,
      "head_b_tag": "",
      "head_lb": 75.36701637652837,
      "head_ub": 124.63298362347163
    },
    "23": {
      "demand_a": 0.001711288648839091,
      "demand_b": 0.0021711124206515798,
      "demand_lb": 1e-06,
      "head_a": 98.92438027134648,
      "head_a_tag": "",
      "head_b": 98.91110408641521,
      "head_b_tag": "",
      "head_lb": 89.28563267090023,
      "head_ub": 110.71436732909977
    },
    "24": {
      "demand_a": 0.0035951678309888288,
      "demand_b": 0.004769962562724951,
      "demand_lb": 1e-06,
      "head_a": 98.53022531707376,
      "head_a_tag": "",
      "head_b": 98.49933315762716,
      "head_b_tag": "",
      "head_lb": 84.91835360074052,
      "head_ub": 115.08164639925948
    },
    "25": {
      "demand_a": 0.0025001568136070974,
      "demand_b": 0.0035129598310563335,
      "demand_lb": 1e-06,
      "head_a": 98.22545065332078,
      "head_a_tag": "",
      "head_b": 98.20931674972576,
      "head_b_tag": "",
      "head_lb": 81.56952160812698,
      "head_ub": 118.43047839187302
    },
    "26": {
      "demand_a": 0.0025703181729618287,
      "demand_b": 0.0015096386180271076,
      "demand_lb": 1e-06,
      "head_a": 98.07153105056483,
      "head_a_tag": "",
      "head_b": 98.07425882712967,
      "head_b_tag": "",
      "head_lb": 79.74597586422558,
      "head_ub": 120.25402413577442
    },
    "3": {
      "demand_a": 0.017489758068448658,
      "demand_b": 0.011254977543704692,
      "demand_lb": 1e-06,
      "head_a": 99.86548845892499,
      "head_a_tag": "",
      "head_b": 99.86548845892499,
      "head_b_tag": "",
      "head_lb": 98.86528131212901,
      "head_ub": 101.13471868787099
    },
    "4": {
      "demand_a": 3.6824487726350164e-06,
      "demand_b": 0.011243435313589595,
      "demand_lb": 1e-06,
      "head_a": 99.57470636316282,
      "head_a_tag": "",
      "head_b": 99.54825051229429,
      "head_b_tag": "",
      "head_lb": 96.22023709746742,
      "head_ub": 103.77976290253258
    },
    "5": {
      "demand_a": 0.0035234258421235863,
      "demand_b": 0.004631872521330096,
      "demand_lb": 1e-06,
      "head_a": 99.51102596884611,
      "head_a_tag": "",
      "head_b": 99.48460626192492,
      "head_b_tag": "",
      "head_lb": 95.64820714338538,
      "head_ub": 104.35179285661462
    },
    "6": {
      "demand_a": 0.004128052814161436,
      "demand_b": 0.002975318610763694,
      "demand_lb": 1e-06,
      "head_a": 99.02860552567549,
      "head_a_tag": "",
      "head_b": 99.03576189961511,
      "head_b_tag": "",
      "head_lb": 89.48828179556567,
      "head_ub": 110.51171820443433
    },
    "7": {
      "demand_a": 0.0036799435815801414,
      "demand_b": 0.0016849846389535468,
      "demand_lb": 1e-06,
      "head_a": 98.53851378390375,
      "head_a_tag": "",
      "head_b": 98.56423145556725,
      "head_b_tag": "",
      "head_lb": 83.45901484936377,
      "head_ub": 116.54098515063623
    },
    "8": {
      "demand_a": 0.002739857993395066,
      "demand_b": 0.009490674822214268,
      "demand_lb": 1e-06,
      "head_a": 98.24102738475898,
      "head_a_tag": "",
      "head_b": 98.20751016065036,
      "head_b_tag": "",
      "head_lb": 81.64697482475928,
      "head_ub": 118.35302517524072
    },
    "9": {
      "demand_a": 0.012526591192361464,
      "demand_b": 0.001651103432889836,
      "demand_lb": 1e-06,
      "head_a": 99.17328021395997,
      "head_a_tag": "",
      "head_b": 99.18437654165903,
      "head_b_tag": "",
      "head_lb": 92.48894338194484,
      "head_ub": 107.51105661805516
    }
  },
  "metadata": {
    "DEMAND_LB": 1e-06,
    "DEMAND_RESTRICTION_MODE": null,
    "DEVIATION_ALPHA": null,
    "FIX_TOTAL_DEMAND": true,
    "GLOBAL_SOLVER": null,
    "HEADLOSS_MODEL": "hw",
    "MEASUREMENT_HEADS_EQUAL_ONLY": true,
    "MEASUREMENT_SITES": [
      "13",
      "20"
    ],
    "MULTI_STARTS": 1,
    "MULTI_START_NOISE": 0.05,
    "MULTI_START_NOISE_REL": 0.25,
    "NORM": 2.0,