{
  "best_bound": null,
  "demands_a": {
    "10": 0.002927795886463247,
    "11": 0.010989832966684633,
    "12": 0.007300819139171945,
    "13": 0.014147640982080243,
    "14": 0.009691690413496813,
    "15": 0.0074919697039259915,
    "16": 0.00822647131364174,
    "17": 0.007076359254528826,
    "18": 0.003380469956460474,
    "19": 0.004984453067967777,
    "20": 0.004570270200470069,
    "21": 0.0074176447100530105,
    "22": 0.004326338878606114,
    "23": 0.001711288648839091,
    "24": 0.0035951678309888288,
    "25": 0.0025001568136070974,
    "26": 0.0025703181729618287,
    "27": -0.14699999988079074,
    "3": 0.017489758068448658,
    "4": 3.6824487726350164e-06,
    "5": 0.0035234258421235863,
    "6": 0.004128052814161436,
    "7": 0.0036799435815801414,
    "8": 0.002739857993395066,
    "9": 0.012526591192361464
  },
  "demands_b": {
    "10": 0.013358749334373261,
    "11": 0.0021897805329011005,
    "12": 0.014153083608001129,
    "13": 0.008374791223456583,
    "14": 0.007136153507901354,
    "15": 0.010956873987510241,
    "16": 0.0069791116843841506,
    "17": 0.0041553734443939335,
    "18": 0.0015722387090607772,
    "19": 0.003083275525121675,
    "20": 0.0016555149329177399,
    "21": 0.013308636137223443,
    "22": 0.005180376937639624,
    "23": 0.0021711124206515798,
    "24": 0.004769962562724951,
    "25": 0.0035129598310563335,
    "26": 0.0015096386180271076,
    "27": -0.1469999998807907,
    "3": 0.011254977543704692,
    "4": 0.011243435313589595,
    "5": 0.004631872521330096,
    "6": 0.002975318610763694,
    "7": 0.0016849846389535468,
    "8": 0.009490674822214268,
    "9": 0.001651103432889836
  },
  "flows_a": {
    "1": 0.1469999998807907,
    "10": 0.012245039352445704,
    "12": 0.06459071909933405,
    "13": 0.04338429214584745,
    "14": 0.03239445917916282,
    "15": 0.025093640039990872,
    "16": 0.019588388927970324,
    "17": 0.012096419224044332,
    "18": 0.024227898085812754,
    "19": -0.0004026942505575801,
    "2": 0.12951024181234205,
    "20": 0.011078578348761301,
    "21": 0.0025533489389488904,
    "22": 0.017589262875195064,
    "23": 0.012035215063176872,
    "24": 0.0028521070351195605,
    "25": 0.005714102401228998,
    "26": 0.008715949267583858,
    "27": 0.0016541821426499148,
    "28": 0.0013864718621057028,
    "29": 0.0017555749870144224,
    "3": 0.0328008601439036,
    "30": 0.001191092085649062,
    "31": 0.0070046606187447675,
    "32": 0.005063674930405853,
    "33": 0.0039499899789044585,
    "34": 0.0031352467929570524,
    "4": 0.029277434301780012,
    "5": 0.019200114468829164,
    "6": 0.015520170887249022,
    "7": 0.09670569921966583,
    "8": 0.005949267018789414,
    "9": -0.0005352735414082535
  },
  "flows_b": {
    "1": 0.1469999998807907,
    "10": 0.00937204232874207,
    "12": 0.06818745394402871,
    "13": 0.03872982448983761,
    "14": 0.03654004395693651,
    "15": 0.02238696034893538,
    "16": 0.021872223315574507,
    "17": 0.010915349328064266,
    "18": 0.022478505254402335,
    "19": -0.00040269425055761886,
    "2": 0.13574502233708602,
    "20": 0.011865763149336378,
    "21": 0.0022358888208407163,
    "22": 0.01686749884030469,
    "23": 0.013350698946057817,
    "24": 0.004886651464952227,
    "25": 0.004061703559636638,
    "26": 0.009343110619003489,
    "27": 0.0025277308889759716,
    "28": 0.0022639792118867514,
    "29": 0.0008670107141499631,
    "3": 0.03279080633100337,
    "30": 0.002142218936083421,
    "31": 0.007171998198351909,
    "32": 0.004929766524602931,
    "33": 0.0036807859054333487,
    "34": 0.003038158001556204,
    "4": 0.028158933809673273,
    "5": 0.018803990064325083,
    "6": 0.017119005425371536,
    "7": 0.09171078069249305,
    "8": 0.006379625134584495,
    "9": 0.0017437117255848034
  },
  "heads_a": {
    "10": 98.68006074099709,
    "11": 98.57553852071065,
    "12": 98.47739335409452,
    "13": 98.23764530046846,
    "14": 98.00128817191064,
    "15": 99.10369271160125,
    "16": 98.11745738184763,
    "17": 97.86200046872723,
    "18": 99.05211224562146,
    "19": 98.53728579959039,
    "20": 98.23635392571597,
    "21": 98.11152641358152,
    "22": 97.82447082654728,
    "23": 98.92438027134648,
    "24": 98.53022531707376,
    "25": 98.22545065332078,
    "26": 98.07153105056483,
    "27": 100.0,
    "3": 99.86548845892499,
    "4": 99.57470636316282,
    "5": 99.51102596884611,
    "6": 99.02860552567549,
    "7": 98.53851378390375,
    "8": 98.24102738475898,
    "9": 99.17328021395997
  },
  "heads_b": {
    "10": 98.63908866751129,
    "11": 98.55437975104867,
    "12": 98.43171340557976,
    "13": 98.23764530046846,
    "14": 98.06140221742143,
    "15": 99.09902107686693,
    "16": 98.1011643699438,
    "17": 97.95247747983272,
    "18": 99.0563778048835,
    "19": 98.5148168867712,
    "20": 98.23635392571597,
    "21": 98.08508727601578,
    "22": 97.84118046253184,
    "23": 98.91110408641521,
    "24": 98.49933315762716,
    "25": 98.20931674972576,
    "26": 98.07425882712967,
    "27": 100.0,
    "3": 99.86548845892499,
    "4": 99.54825051229429,
    "5": 99.48460626192492,
    "6": 99.03576189961511,
    "7": 98.56423145556725,
    "8": 98.20751016065036,
    "9": 99.18437654165903
  },
  "max_violation": 0.0,
  "min_demand_viol": 2.6824487726350166e-06,
  "norm": 2.0,
  "objective": 0.0006852965631556054,
  "p": 2,
  "radius": 0.02617816959139056,
  "solver_status": "HxSolutionStatus.OPTIMAL"
}