{
  "junctions": {
    "1": {
      "demand_a": 0.10020099580287933,
      "demand_b": 0.2703362759202719,
      "demand_lb": 1e-06,
      "head_a": 207.8505815690244,
      "head_a_tag": "",
      "head_b": 207.80053396772502,
      "head_b_tag": "",
      "head_lb": 193.4611532898627,
      "head_ub": 226.5388467101373
    },
    "2": {
      "demand_a": 0.10771275236405864,
      "demand_b": 0.09328741746927238,
      "demand_lb": 1e-06,
      "head_a": 208.3993620394407,
      "head_a_tag": "",
      "head_b": 208.3993620394407,
      "head_b_tag": "",
      "head_lb": 197.73885171300606,
      "head_ub": 222.26114828699394
    },
    "3": {
      "demand_a": 0.11846973822317586,
      "demand_b": 0.11846948375698779,
      "demand_lb": 1e-06,
      "head_a": 208.09187884234947,
      "head_a_tag": "",
      "head_b": 208.09187884234947,
      "head_b_tag": "",
      "head_lb": 195.62629393444394,
      "head_ub": 224.37370606555606
    },
    "4": {
      "demand_a": 0.08446962810939523,
      "demand_b": 0.128786117542056,
      "demand_lb": 1e-06,
      "head_a": 207.96659621327572,
      "head_a_tag": "",
      "head_b": 207.94544622567756,
      "head_b_tag": "",
      "head_lb": 194.2896568934707,
      "head_ub": 225.7103431065293
    },
    "5": {
      "demand_a": 0.319309338927269,
      "demand_b": 0.20395071020985422,
      "demand_lb": 1e-06,
      "head_a": 207.914849473969,
      "head_a_tag": "",
      "head_b": 207.91484923548364,
      "head_b_tag": "",
      "head_lb": 194.17031922671646,
      "head_ub": 225.82968077328354
    },
    "6": {
      "demand_a": 0.38983755134159354,
      "demand_b": 0.3051699998699294,
      "demand_lb": 1e-06,
      "head_a": 207.83328252639572,
      "head_a_tag": "",
      "head_b": 207.80053744512801,
      "head_b_tag": "",
      "head_lb": 193.36886889046428,
      "head_ub": 226.63113110953572
    }
  },
  "metadata": {
    "DEMAND_INTERVALS": false,
    "DEMAND_LB": 1e-06,
    "FIX_TOTAL_DEMAND": true,
    "GLOBAL_SOLVER": "couenne",
    "HEADLOSS_MODEL": "hw",
    "MEASUREMENT_HEADS_EQUAL_ONLY": true,
    "MEASUREMENT_SITES": [
      "3",
      "5"
    ],
    "MULTI_STARTS": 10,
    "MULTI_START_NOISE": 0.05,
    "NORM": 2,
    "PIPE_BOUNDS": true,
    "PIPE_BOUND_METHOD": "perturb",
    "PIPE_BOUND_PERTURB_BASE": "base",
    "PIPE_BOUND_PERTURB_FIX_TOTAL": true,
    "PIPE_BOUND_PERTURB_SAMPLES": 25,
    "PIPE_BOUND_PERTURB_SEED": 1,
    "PIPE_BOUND_PERTURB_SIGMA": 0.15,
    "PIPE_BOUND_POLICY": "minmax",
    "PIPE_BOUND_SAFENESS": 0.85,
    "RADIUS": true,
    "SCENARIO_SOURCE": "base",
    "SINGLE_NODE_SOLUTION": false,
    "SOLVER": "hexaly_xd",
    "USE_RESERVOIR_OUTFLOW_CONSTRAINT": false,
    "WDN_NAME": "Alperovits",
    "output_dir": "data/Alperovits-B-batch-20260401-112751/3_5",
    "timestamp": "20260401-112751"
  },
  "output_dir": "data/Alperovits-B-batch-20260401-112751/3_5",
  "pipes": {
    "1": {
      "flow_a": 1.1200000047683716,
      "flow_a_tag": "lb",
      "flow_b": 1.1200000047683716,
      "flow_b_tag": "lb",
      "flow_lb": 1.1200000047683716,
      "flow_ub": 1.1200000047683716,
      "headloss_res_a": -10.660510326434622,
      "headloss_res_b": -10.660510326434622
    },
    "2": {
      "flow_a": 0.45957272575102315,
      "flow_a_tag": "",
      "flow_b": 0.4595727167691949,
      "flow_b_tag": "",
      "flow_lb": 0.44223544001579285,
      "flow_ub": 0.4648970067501068,
      "headloss_res_a": -1.7569630966116705,
      "headloss_res_b": -1.7569630159171434
    },
    "3": {
      "flow_a": 0.5527145266532898,
      "flow_a_tag": "lb",
      "flow_b": 0.5671398705299043,
      "flow_b_tag": "",
      "flow_lb": 0.5527145266532898,
      "flow_ub": 0.5940340161323547,
      "headloss_res_a": -2.553282649839292,
      "headloss_res_b": -2.6900329168348036
    },
    "4": {
      "flow_a": 0.17557385563850403,
      "flow_a_tag": "ub",
      "flow_b": 0.13220331072807312,
      "flow_b_tag": "lb",
      "flow_lb": 0.13220331072807312,
      "flow_ub": 0.17557385563850403,
      "headloss_res_a": -0.24956412323382632,
      "headloss_res_b": -0.14023915299296075
    },
    "5": {
      "flow_a": 0.29267104290539053,
      "flow_a_tag": "",
      "flow_b": 0.3061504422597752,
      "flow_b_tag": "",
      "flow_lb": 0.2579752802848816,
      "flow_ub": 0.329729825258255,
      "headloss_res_a": -0.7039352525444081,
      "headloss_res_b": -0.7712376167497184
    },
    "6": {
      "flow_a": 0.097166508436203,
      "flow_a_tag": "ub",
      "flow_b": -0.000980442389845848,
      "flow_b_tag": "lb",
      "flow_lb": -0.000980442389845848,
      "flow_ub": 0.097166508436203,
      "headloss_res_a": -0.0749853567697476,
      "headloss_res_b": 5.918515815959591e-06
    },
    "7": {
      "flow_a": 0.3411029875278473,
      "flow_a_tag": "lb",
      "flow_b": 0.34110323301220713,
      "flow_b_tag": "lb",
      "flow_lb": 0.3411029875278473,
      "flow_ub": 0.38594850897789,
      "headloss_res_a": -0.9602473329816885,
      "headloss_res_b": -0.9602487314432446
    },
    "8": {
      "flow_a": 0.19736750423908234,
      "flow_a_tag": "lb",
      "flow_b": 0.269355833530426,
      "flow_b_tag": "ub",
      "flow_lb": 0.19736750423908234,
      "flow_ub": 0.269355833530426,
      "headloss_res_a": -0.31648777843446324,
      "headloss_res_b": -0.5948506690951317
    }
  },
  "summary": {
    "flow_at_bounds": {
      "a_lb": 4,
      "a_ub": 2,
      "b_lb": 4,
      "b_ub": 1
    },
    "head_at_bounds": {
      "a_lb": 0,
      "a_ub": 0,
      "b_lb": 0,
      "b_ub": 0
    },
    "head_bounds_count": 6,
    "junction_count": 6,
    "min_demand_slack_a": 0.08446862810939523,
    "min_demand_slack_b": 0.09328641746927238,
    "pipe_count": 8,
    "total_demand_a": 1.1200000047683716,
    "total_demand_b": 1.1200000047683716,
    "total_demand_res_a": 0.0,
    "total_demand_res_b": 0.0,
    "total_demand_target": 1.1200000047683716
  }
}