{
  "best_bound": null,
  "demands_a": {
    "1": 0.10020099580287933,
    "2": 0.10771275236405864,
    "3": 0.11846973822317586,
    "4": 0.08446962810939523,
    "5": 0.319309338927269,
    "6": 0.38983755134159354,
    "7": -1.1200000047683716
  },
  "demands_b": {
    "1": 0.2703362759202719,
    "2": 0.09328741746927238,
    "3": 0.11846948375698779,
    "4": 0.128786117542056,
    "5": 0.20395071020985422,
    "6": 0.3051699998699294,
    "7": -1.1200000047683716
  },
  "flows_a": {
    "1": 1.1200000047683716,
    "2": 0.45957272575102315,
    "3": 0.5527145266532898,
    "4": 0.17557385563850403,
    "5": 0.29267104290539053,
    "6": 0.097166508436203,
    "7": 0.3411029875278473,
    "8": 0.19736750423908234
  },
  "flows_b": {
    "1": 1.1200000047683716,
    "2": 0.4595727167691949,
    "3": 0.5671398705299043,
    "4": 0.13220331072807312,
    "5": 0.3061504422597752,
    "6": -0.000980442389845848,
    "7": 0.34110323301220713,
    "8": 0.269355833530426
  },
  "heads_a": {
    "1": 207.8505815690244,
    "2": 208.3993620394407,
    "3": 208.09187884234947,
    "4": 207.96659621327572,
    "5": 207.914849473969,
    "6": 207.83328252639572,
    "7": 210.0
  },
  "heads_b": {
    "1": 207.80053396772502,
    "2": 208.3993620394407,
    "3": 208.09187884234947,
    "4": 207.94544622567756,
    "5": 207.91484923548364,
    "6": 207.80053744512801,
    "7": 210.0
  },
  "max_violation": 0.0,
  "min_demand_viol": 0.08446862810939523,
  "norm": 2,
  "objective": 0.0515942625549195,
  "p": 2,
  "radius": 0.22714370463413575,
  "solver_status": "HxSolutionStatus.OPTIMAL"
}