{
  "results": [
    {
      "max_violation": 0.0,
      "measurement_sites": [
        "20",
        "50",
        "60",
        "100",
        "120",
        "140"
      ],
      "min_demand_viol": 1.8365620220063096e-08,
      "output_dir": "data/Anytown-B-batch-20260331-164729/20_50_60_100_120_140",
      "radius": 0.08156881331545977,
      "success": true
    },
    {
      "max_violation": 0.0,
      "measurement_sites": [
        "20",
        "140"
      ],
      "min_demand_viol": 6.667118536706216e-07,
      "output_dir": "data/Anytown-B-batch-20260331-164729/20_140",
      "radius": 0.08740987232628179,
      "success": true
    },
    {
      "max_violation": 0.0,
      "measurement_sites": [],
      "min_demand_viol": 7.935096136725096e-09,
      "output_dir": "data/Anytown-B-batch-20260331-164729/none",
      "radius": 0.08741611826168631,
      "success": true
    }
  ]
}