{
  "junctions": {
    "1": {
      "demand_a": 0.15946829746899832,
      "demand_b": 0.22811901182119684,
      "demand_lb": 1e-06,
      "head_a": 207.821901693881,
      "head_a_tag": "",
      "head_b": 207.8082181126338,
      "head_b_tag": "",
      "head_lb": 193.75525106874858,
      "head_ub": 226.24474893125142
    },
    "2": {
      "demand_a": 0.10410746618531141,
      "demand_b": 0.09357746778856857,
      "demand_lb": 1e-06,
      "head_a": 208.3993620394407,
      "head_a_tag": "",
      "head_b": 208.3993620394407,
      "head_b_tag": "",
      "head_lb": 197.73885171300606,
      "head_ub": 222.26114828699394
    },
    "3": {
      "demand_a": 0.08286783304431006,
      "demand_b": 0.10945573244187412,
      "demand_lb": 1e-06,
      "head_a": 208.1042504169885,
      "head_a_tag": "",
      "head_b": 208.09310286819814,
      "head_b_tag": "",
      "head_lb": 195.68327867730858,
      "head_ub": 224.31672132269142
    },
    "4": {
      "demand_a": 0.11279956475412711,
      "demand_b": 0.1258073174675135,
      "demand_lb": 1e-06,
      "head_a": 207.94654449082427,
      "head_a_tag": "",
      "head_b": 207.94440980819527,
      "head_b_tag": "",
      "head_lb": 194.4912311103774,
      "head_ub": 225.5087688896226
    },
    "5": {
      "demand_a": 0.3065787677849242,
      "demand_b": 0.2430688704359788,
      "demand_lb": 1e-06,
      "head_a": 207.9019095671152,
      "head_a_tag": "",
      "head_b": 207.9082826241945,
      "head_b_tag": "",
      "head_lb": 194.3694387645554,
      "head_ub": 225.6305612354446
    },
    "6": {
      "demand_a": 0.3541780755307005,
      "demand_b": 0.3199716048132397,
      "demand_lb": 1e-06,
      "head_a": 207.8142200419752,
      "head_a_tag": "",
      "head_b": 207.8070614224246,
      "head_b_tag": "",
      "head_lb": 193.71684621726888,
      "head_ub": 226.28315378273112
    }
  },
  "metadata": {
    "DEMAND_INTERVALS": false,
    "DEMAND_LB": 1e-06,
    "FIX_TOTAL_DEMAND": true,
    "GLOBAL_SOLVER": "couenne",
    "HEADLOSS_MODEL": "hw",
    "MEASUREMENT_HEADS_EQUAL_ONLY": true,
    "MEASUREMENT_SITES": [
      "2"
    ],
    "MULTI_STARTS": 10,
    "MULTI_START_NOISE": 0.05,
    "NORM": 2,
    "PIPE_BOUNDS": true,
    "PIPE_BOUND_METHOD": "perturb",
    "PIPE_BOUND_PERTURB_BASE": "base",
    "PIPE_BOUND_PERTURB_FIX_TOTAL": true,
    "PIPE_BOUND_PERTURB_SAMPLES": 25,
    "PIPE_BOUND_PERTURB_SEED": 1,
    "PIPE_BOUND_PERTURB_SIGMA": 0.06,
    "PIPE_BOUND_POLICY": "minmax",
    "PIPE_BOUND_SAFENESS": 0.85,
    "RADIUS": true,
    "SCENARIO_SOURCE": "base",
    "SINGLE_NODE_SOLUTION": false,
    "SOLVER": "hexaly_xd",
    "USE_RESERVOIR_OUTFLOW_CONSTRAINT": false,
    "WDN_NAME": "Alperovits",
    "output_dir": "data/Alperovits-B-batch-20260401-112441/2",
    "timestamp": "20260401-112441"
  },
  "output_dir": "data/Alperovits-B-batch-20260401-112441/2",
  "pipes": {
    "1": {
      "flow_a": 1.1200000047683716,
      "flow_a_tag": "lb",
      "flow_b": 1.1200000047683716,
      "flow_b_tag": "lb",
      "flow_lb": 1.1200000047683716,
      "flow_ub": 1.1200000047683716,
      "headloss_res_a": -10.660510326434622,
      "headloss_res_b": -10.660510326434622
    },
    "2": {
      "flow_a": 0.4494941798776148,
      "flow_a_tag": "lb",
      "flow_b": 0.4585839844282468,
      "flow_b_tag": "ub",
      "flow_lb": 0.4494941532611847,
      "flow_ub": 0.4585840106010437,
      "headloss_res_a": -1.6797798811443772,
      "headloss_res_b": -1.7493136298192202
    },
    "3": {
      "flow_a": 0.5663983587054454,
      "flow_a_tag": "",
      "flow_b": 0.5678385525515561,
      "flow_b_tag": "",
      "flow_lb": 0.5602670907974243,
      "flow_ub": 0.5764147639274597,
      "headloss_res_a": -2.6829153916357065,
      "headloss_res_b": -2.6967475802447463
    },
    "4": {
      "flow_a": 0.16210308807461515,
      "flow_a_tag": "ub",
      "flow_b": 0.1446109852895945,
      "flow_b_tag": "lb",
      "flow_lb": 0.14461097121238708,
      "flow_ub": 0.1621031016111374,
      "headloss_res_a": -0.21221395394433623,
      "headloss_res_b": -0.16828071110106807
    },
    "5": {
      "flow_a": 0.29149570587670315,
      "flow_a_tag": "",
      "flow_b": 0.2974202497944481,
      "flow_b_tag": "",
      "flow_lb": 0.2794540822505951,
      "flow_ub": 0.3076257109642029,
      "headloss_res_a": -0.6982133807268375,
      "headloss_res_b": -0.7272932883446158
    },
    "6": {
      "flow_a": 0.06268236965399739,
      "flow_a_tag": "ub",
      "flow_b": 0.02255135501879161,
      "flow_b_tag": "lb",
      "flow_lb": 0.022551340982317924,
      "flow_ub": 0.0626823827624321,
      "headloss_res_a": -0.03072318351109976,
      "headloss_res_b": -0.0038142710643313564
    },
    "7": {
      "flow_a": 0.36662634683330475,
      "flow_a_tag": "ub",
      "flow_b": 0.3491282519863727,
      "flow_b_tag": "lb",
      "flow_lb": 0.34912824630737305,
      "flow_ub": 0.3666263520717621,
      "headloss_res_a": -1.1114990253348813,
      "headloss_res_b": -1.0066002981357436
    },
    "8": {
      "flow_a": 0.2221506671229957,
      "flow_a_tag": "lb",
      "flow_b": 0.25067036683998845,
      "flow_b_tag": "ub",
      "flow_lb": 0.22215065360069275,
      "flow_ub": 0.2506703734397888,
      "headloss_res_a": -0.40237328877076983,
      "headloss_res_b": -0.5141231519047422
    }
  },
  "summary": {
    "flow_at_bounds": {
      "a_lb": 3,
      "a_ub": 3,
      "b_lb": 4,
      "b_ub": 2
    },
    "head_at_bounds": {
      "a_lb": 0,
      "a_ub": 0,
      "b_lb": 0,
      "b_ub": 0
    },
    "head_bounds_count": 6,
    "junction_count": 6,
    "min_demand_slack_a": 0.08286683304431006,
    "min_demand_slack_b": 0.09357646778856857,
    "pipe_count": 8,
    "total_demand_a": 1.1200000047683716,
    "total_demand_b": 1.1200000047683716,
    "total_demand_res_a": 0.0,
    "total_demand_res_b": 0.0,
    "total_demand_target": 1.1200000047683716
  }
}