{
  "junctions": {
    "1": {
      "demand_a": 0.13321638948668763,
      "demand_b": 0.2000000216066897,
      "demand_lb": 1e-06,
      "head_a": 207.81752766203098,
      "head_a_tag": "",
      "head_b": 207.81752766203098,
      "head_b_tag": "",
      "head_lb": 193.62708714484413,
      "head_ub": 226.37291285515587
    },
    "2": {
      "demand_a": 0.09364393981669616,
      "demand_b": 0.09999996423721069,
      "demand_lb": 1e-06,
      "head_a": 208.3993620394407,
      "head_a_tag": "",
      "head_b": 208.3993620394407,
      "head_b_tag": "",
      "head_lb": 197.73885171300606,
      "head_ub": 222.26114828699394
    },
    "3": {
      "demand_a": 0.08300293502420603,
      "demand_b": 0.10000002384184842,
      "demand_lb": 1e-06,
      "head_a": 208.09809129587057,
      "head_a_tag": "",
      "head_b": 208.09809129587057,
      "head_b_tag": "",
      "head_lb": 195.6583771104362,
      "head_ub": 224.3416228895638
    },
    "4": {
      "demand_a": 0.11182358399296166,
      "demand_b": 0.11999998986721161,
      "demand_lb": 1e-06,
      "head_a": 207.93848360455215,
      "head_a_tag": "",
      "head_b": 207.9479261851134,
      "head_b_tag": "",
      "head_lb": 194.40450298777,
      "head_ub": 225.59549701223
    },
    "5": {
      "demand_a": 0.3279964239884371,
      "demand_b": 0.2699999958276748,
      "demand_lb": 1e-06,
      "head_a": 207.8907071166421,
      "head_a_tag": "",
      "head_b": 207.90793480487523,
      "head_b_tag": "",
      "head_lb": 194.28361303052068,
      "head_ub": 225.71638696947932
    },
    "6": {
      "demand_a": 0.37031673245938296,
      "demand_b": 0.33000000938773644,
      "demand_lb": 1e-06,
      "head_a": 207.80587818205402,
      "head_a_tag": "",
      "head_b": 207.81458994978962,
      "head_b_tag": "",
      "head_lb": 193.56687411412554,
      "head_ub": 226.43312588587446
    }
  },
  "metadata": {
    "DEMAND_LB": 1e-06,
    "DEMAND_RESTRICTION_MODE": null,
    "DEVIATION_ALPHA": null,
    "FIX_TOTAL_DEMAND": true,
    "GLOBAL_SOLVER": null,
    "HEADLOSS_MODEL": "hw",
    "MEASUREMENT_HEADS_EQUAL_ONLY": true,
    "MEASUREMENT_SITES": [
      "1",
      "3"
    ],
    "MULTI_STARTS": 1,
    "MULTI_START_NOISE": 0.05,
    "MULTI_START_NOISE_REL": 0.25,
    "NORM": 2.0,
    "OUTPUT_DIR": "data/Alperovits/4e13e1d6",
    "PIPE_BOUNDS": true,
    "RADIUS_TO_FIXED": null,
    "SCENARIO": "base",
    "SCENARIO_FILE": "scenario/Alperovits/base.json",
    "SOLVER": "Hexaly_xd",
    "USE_RESERVOIR_OUTFLOW_CONSTRAINT": false,
    "WDN": "Alperovits",
    "WDN_NAME": "Alperovits",
    "output_dir": "data/Alperovits/4e13e1d6/1_3",
    "timestamp": "20260421-175340"
  },
  "output_dir": "data/Alperovits/4e13e1d6/1_3",
  "pipes": {
    "1": {
      "flow_a": 1.1200000047683716,
      "flow_a_tag": "lb",
      "flow_b": 1.1200000047683716,
      "flow_b_tag": "lb",
      "flow_lb": 1.1200000047683716,
      "flow_ub": 1.1200000047683716,
      "headloss_res_a": -10.660510326434622,
      "headloss_res_b": -10.660510326434622
    },
    "2": {
      "flow_a": 0.45453552708630174,
      "flow_a_tag": "",
      "flow_b": 0.4545355270863065,
      "flow_b_tag": "",
      "flow_lb": 0.44622185826301575,
      "flow_ub": 0.4613533318042755,
      "headloss_res_a": -1.7181683698299555,
      "headloss_res_b": -1.718168369829998
    },
    "3": {
      "flow_a": 0.5718205378653736,
      "flow_a_tag": "",
      "flow_b": 0.5654645134448544,
      "flow_b_tag": "",
      "flow_lb": 0.5568748712539673,
      "flow_ub": 0.5840606689453125,
      "headloss_res_a": -2.7351791470109164,
      "headloss_res_b": -2.6739655752427907
    },
    "4": {
      "flow_a": 0.16816720321777856,
      "flow_a_tag": "ub",
      "flow_b": 0.15276744360218578,
      "flow_b_tag": "",
      "flow_lb": 0.13911864161491394,
      "flow_ub": 0.16816721856594086,
      "headloss_res_a": -0.22864875431072212,
      "headloss_res_b": -0.18812512959321548
    },
    "5": {
      "flow_a": 0.29182975065463335,
      "flow_a_tag": "",
      "flow_b": 0.292697079975457,
      "flow_b_tag": "",
      "flow_lb": 0.27015259861946106,
      "flow_ub": 0.3175203204154968,
      "headloss_res_a": -0.6998370374796666,
      "headloss_res_b": -0.7040616800892591
    },
    "6": {
      "flow_a": 0.0784869818047496,
      "flow_a_tag": "ub",
      "flow_b": 0.03730292941227939,
      "flow_b_tag": "",
      "flow_lb": 0.012323553673923016,
      "flow_ub": 0.07848699390888214,
      "headloss_res_a": -0.04856353216972215,
      "headloss_res_b": -0.010663605073565827
    },
    "7": {
      "flow_a": 0.3715325920620957,
      "flow_a_tag": "",
      "flow_b": 0.3545355032444581,
      "flow_b_tag": "",
      "flow_lb": 0.3455483019351959,
      "flow_ub": 0.3750304579734802,
      "headloss_res_a": -1.141854959843239,
      "headloss_res_b": -1.0384549631037687
    },
    "8": {
      "flow_a": 0.2117033712914372,
      "flow_a_tag": "lb",
      "flow_b": 0.2373029510189691,
      "flow_b_tag": "",
      "flow_lb": 0.211703360080719,
      "flow_ub": 0.2591662108898163,
      "headloss_res_a": -0.3648977385760199,
      "headloss_res_b": -0.4600219416143716
    }
  },
  "summary": {
    "flow_at_bounds": {
      "a_lb": 2,
      "a_ub": 2,
      "b_lb": 1,
      "b_ub": 0
    },
    "head_at_bounds": {
      "a_lb": 0,
      "a_ub": 0,
      "b_lb": 0,
      "b_ub": 0
    },
    "head_bounds_count": 6,
    "junction_count": 6,
    "min_demand_slack_a": 0.08300193502420602,
    "min_demand_slack_b": 0.09999896423721069,
    "pipe_count": 8,
    "total_demand_a": 1.1200000047683716,
    "total_demand_b": 1.1200000047683716,
    "total_demand_res_a": 0.0,
    "total_demand_res_b": 0.0,
    "total_demand_target": 1.1200000047683716
  }
}