{
  "best_bound": null,
  "demands_a": {
    "1": 0.13321638948668763,
    "2": 0.09364393981669616,
    "3": 0.08300293502420603,
    "4": 0.11182358399296166,
    "5": 0.3279964239884371,
    "6": 0.37031673245938296,
    "7": -1.1200000047683716
  },
  "demands_b": {
    "1": 0.2000000216066897,
    "2": 0.09999996423721069,
    "3": 0.10000002384184842,
    "4": 0.11999998986721161,
    "5": 0.2699999958276748,
    "6": 0.33000000938773644,
    "7": -1.1200000047683716
  },
  "flows_a": {
    "1": 1.1200000047683716,
    "2": 0.45453552708630174,
    "3": 0.5718205378653736,
    "4": 0.16816720321777856,
    "5": 0.29182975065463335,
    "6": 0.0784869818047496,
    "7": 0.3715325920620957,
    "8": 0.2117033712914372
  },
  "flows_b": {
    "1": 1.1200000047683716,
    "2": 0.4545355270863065,
    "3": 0.5654645134448544,
    "4": 0.15276744360218578,
    "5": 0.292697079975457,
    "6": 0.03730292941227939,
    "7": 0.3545355032444581,
    "8": 0.2373029510189691
  },
  "heads_a": {
    "1": 207.81752766203098,
    "2": 208.3993620394407,
    "3": 208.09809129587057,
    "4": 207.93848360455215,
    "5": 207.8907071166421,
    "6": 207.80587818205402,
    "7": 210.0
  },
  "heads_b": {
    "1": 207.81752766203098,
    "2": 208.3993620394407,
    "3": 208.09809129587057,
    "4": 207.9479261851134,
    "5": 207.90793480487523,
    "6": 207.81458994978962,
    "7": 210.0
  },
  "max_violation": 0.0,
  "min_demand_viol": 0.08300193502420602,
  "norm": 2.0,
  "objective": 0.009845231045511537,
  "p": 2,
  "radius": 0.09922313765201914,
  "solver_status": "HxSolutionStatus.OPTIMAL"
}