{
  "best_bound": null,
  "demands_a": {
    "1": 0.21121623504539155,
    "2": 0.07843154483675341,
    "3": 0.08629782631237876,
    "4": 0.17453320518095905,
    "5": 0.2870438205239597,
    "6": 0.28247737286892904,
    "7": -1.1200000047683716
  },
  "demands_b": {
    "1": 0.1660914720400654,
    "2": 0.10534782388497033,
    "3": 0.11216570410555482,
    "4": 0.07120448366653853,
    "5": 0.26918437121931355,
    "6": 0.39600614985192895,
    "7": -1.1200000047683716
  },
  "flows_a": {
    "1": 1.1200000047683716,
    "2": 0.45776209228326004,
    "3": 0.5838063676483581,
    "4": 0.13912012364245854,
    "5": 0.2701530388249405,
    "6": 0.012324334043988545,
    "7": 0.3714642659708813,
    "8": 0.2235405690893801
  },
  "flows_b": {
    "1": 1.1200000047683716,
    "2": 0.4577620922832591,
    "3": 0.5568900886001421,
    "4": 0.16816570579103965,
    "5": 0.31751989914256395,
    "6": 0.078486250709365,
    "7": 0.3455963881777043,
    "8": 0.2445777227494304
  },
  "heads_a": {
    "1": 207.80586768086903,
    "2": 208.3993620394407,
    "3": 208.09411864141558,
    "4": 207.9204329724455,
    "5": 207.8868050894583,
    "6": 207.80548990408874,
    "7": 210.0
  },
  "heads_b": {
    "1": 207.8171391831027,
    "2": 208.3993620394407,
    "3": 208.09411864141558,
    "4": 207.96052182442662,
    "5": 207.91274612438036,
    "6": 207.8054899040887,
    "7": 210.0
  },
  "max_violation": 0.0,
  "min_demand_viol": 0.07120348366653853,
  "norm": 2,
  "objective": 0.02731444523813665,
  "p": 2,
  "radius": 0.16527082391679618,
  "solver_status": "HxSolutionStatus.OPTIMAL"
}