{
  "best_bound": null,
  "demands_a": {
    "10": 0.013020005081806889,
    "11": 0.002176044630894318,
    "12": 0.014228324649447049,
    "13": 0.007623591580135959,
    "14": 0.007132068098924164,
    "15": 0.010988498530185069,
    "16": 0.006952756765367824,
    "17": 0.004107844109588558,
    "18": 0.0014962898023118208,
    "19": 0.003799242453989247,
    "20": 0.003752058118684327,
    "21": 0.013035841287563976,
    "22": 0.005215148854968363,
    "23": 0.0023448102897356098,
    "24": 0.003755071006569662,
    "25": 0.002448564576886492,
    "26": 0.0016198691630576237,
    "27": -0.1469999998807907,
    "3": 0.01124905925064043,
    "4": 0.011269074803934326,
    "5": 0.003981864743760128,
    "6": 0.004297565720528456,
    "7": 0.0011761160577637812,
    "8": 0.009527385185947066,
    "9": 0.0018029051180995792
  },
  "demands_b": {
    "10": 0.0029847425444667203,
    "11": 0.011003837552082743,
    "12": 0.007041545696375984,
    "13": 0.01589663460172138,
    "14": 0.009721250924226994,
    "15": 0.0074602991096385865,
    "16": 0.00812051413061422,
    "17": 0.007102816716074954,
    "18": 0.003454547923657037,
    "19": 0.004188992550782367,
    "20": 0.0019341467102686888,
    "21": 0.007631803319535889,
    "22": 0.004293048798445918,
    "23": 0.0015630483527225647,
    "24": 0.004563361080423389,
    "25": 0.0035980301899395145,
    "26": 0.002439518020416929,
    "27": -0.14699999988079065,
    "3": 0.015189888547775698,
    "4": 1.0565068689072366e-06,
    "5": 0.006212127541496235,
    "6": 0.0032585080446599565,
    "7": 0.003972719331638614,
    "8": 0.002703228839078078,
    "9": 0.01266433284787935
  },
  "flows_a": {
    "1": 0.1469999998807907,
    "10": 0.009358593720236806,
    "12": 0.06801982238369317,
    "13": 0.038722293878047404,
    "14": 0.036546249247153086,
    "15": 0.022317924597706037,
    "16": 0.02188086036732726,
    "17": 0.010892361837142192,
    "18": 0.022468159815276882,
    "19": -0.001080266264202666,
    "2": 0.13575094063015028,
    "20": 0.011860182890789116,
    "21": 0.0022265256213126424,
    "22": 0.017054554581117178,
    "23": 0.013026565709890903,
    "24": 0.004907426125421293,
    "25": 0.0040465816618810175,
    "26": 0.009396072034830371,
    "27": 0.0016143627801704582,
    "28": 0.0013561970167446143,
    "29": 0.0008515688858672043,
    "3": 0.032778277957095946,
    "30": 0.002165263173605101,
    "31": 0.007051261745094762,
    "32": 0.0049105535186955585,
    "33": 0.003818185958553681,
    "34": 0.003049885681363262,
    "4": 0.028796413213335818,
    "5": 0.01830821110136936,
    "6": 0.017132095043605577,
    "7": 0.09170358786912,
    "8": 0.006190636391438002,
    "9": 0.0017538838625782956
  },
  "flows_b": {
    "1": 0.1469999998807907,
    "10": 0.012258267246972392,
    "12": 0.0645883176434863,
    "13": 0.04339197858521114,
    "14": 0.0323881410331284,
    "15": 0.025346595336752414,
    "16": 0.01957976367109788,
    "17": 0.012119464561459292,
    "18": 0.024238157589356595,
    "19": 0.0009582496152569417,
    "2": 0.131810111333015,
    "20": 0.010953438934577127,
    "21": 0.002537016322745397,
    "22": 0.017483540217849928,
    "23": 0.012300695785798524,
    "24": 0.002832924803962907,
    "25": 0.005730067660631116,
    "26": 0.008664916637802255,
    "27": 0.0025656248207243,
    "28": 0.0022904481065257726,
    "29": 0.0017717496095944266,
    "3": 0.034976640663682584,
    "30": 0.0011642672673015594,
    "31": 0.007101868285079691,
    "32": 0.005104132025380601,
    "33": 0.0037965499419668597,
    "34": 0.003128781531144358,
    "4": 0.02876451312218635,
    "5": 0.01947944400197824,
    "6": 0.015506724670339625,
    "7": 0.09683241416246352,
    "8": 0.006026561075548155,
    "9": -0.0005452285842891553
  },
  "heads_a": {
    "10": 98.64159597034607,
    "11": 98.55691755521964,
    "12": 98.43421262720686,
    "13": 98.24125140858922,
    "14": 98.06506999534405,
    "15": 99.09898587899458,
    "16": 98.10488932766988,
    "17": 97.95698853076782,
    "18": 99.0565087781491,
    "19": 98.51743009299211,
    "20": 98.23322101408799,
    "21": 98.08868542279167,
    "22": 97.84346406544181,
    "23": 98.90970628563859,
    "24": 98.51068114374411,
    "25": 98.22275456475039,
    "26": 98.0782114369083,
    "27": 100.0,
    "3": 99.86548845892499,
    "4": 99.54822489656459,
    "5": 99.484625673098,
    "6": 99.0167814539396,
    "7": 98.56801649167325,
    "8": 98.21078988441874,
    "9": 99.18440377732584
  },
  "heads_b": {
    "10": 98.66948443640808,
    "11": 98.56492791762575,
    "12": 98.46681819909145,
    "13": 98.22257507761178,
    "14": 97.9858555068356,
    "15": 99.0931391801543,
    "16": 98.1048893276699,
    "17": 97.84821336797012,
    "18": 99.04137657440758,
    "19": 98.52659750431262,
    "20": 98.22900693313402,
    "21": 98.0990320230783,
    "22": 97.81223402357593,
    "23": 98.91502622120936,
    "24": 98.5106811437441,
    "25": 98.20138142568392,
    "26": 98.05835154134554,
    "27": 100.0,
    "3": 99.86548845892499,
    "4": 99.56507078104542,
    "5": 99.49334697526346,
    "6": 99.0264621363548,
    "7": 98.52308382812976,
    "8": 98.22607457509605,
    "9": 99.16266994581233
  },
  "max_violation": 0.0,
  "min_demand_viol": 5.65068689072366e-08,
  "norm": 2.0,
  "objective": 0.0006897307853671661,
  "p": 2,
  "radius": 0.026262726160228796,
  "solver_status": "HxSolutionStatus.OPTIMAL"
}