{
  "junctions": {
    "1": {
      "demand_a": 0.14704537132490755,
      "demand_b": 0.19450815618088355,
      "demand_lb": 1e-06,
      "head_a": 207.81364687068495,
      "head_a_tag": "",
      "head_b": 207.81364687068498,
      "head_b_tag": "",
      "head_lb": 193.62708714484413,
      "head_ub": 226.37291285515587
    },
    "2": {
      "demand_a": 0.08146772274906788,
      "demand_b": 0.11129830951086972,
      "demand_lb": 1e-06,
      "head_a": 208.3993620394407,
      "head_a_tag": "",
      "head_b": 208.3993620394407,
      "head_b_tag": "",
      "head_lb": 197.73885171300606,
      "head_ub": 222.26114828699394
    },
    "3": {
      "demand_a": 0.07970903171153121,
      "demand_b": 0.10627786530053474,
      "demand_lb": 1e-06,
      "head_a": 208.097840936588,
      "head_a_tag": "",
      "head_b": 208.1014086409139,
      "head_b_tag": "",
      "head_lb": 195.6583771104362,
      "head_ub": 224.3416228895638
    },
    "4": {
      "demand_a": 0.1745215562061485,
      "demand_b": 0.08562313404307054,
      "demand_lb": 1e-06,
      "head_a": 207.92045355990533,
      "head_a_tag": "",
      "head_b": 207.96054312288965,
      "head_b_tag": "",
      "head_lb": 194.40450298777,
      "head_ub": 225.59549701223
    },
    "5": {
      "demand_a": 0.3024456940655259,
      "demand_b": 0.24011420914163278,
      "demand_lb": 1e-06,
      "head_a": 207.88682633796452,
      "head_a_tag": "",
      "head_b": 207.92008283047625,
      "head_b_tag": "",
      "head_lb": 194.28361303052068,
      "head_ub": 225.71638696947932
    },
    "6": {
      "demand_a": 0.33481062871119044,
      "demand_b": 0.3821783305913803,
      "demand_lb": 1e-06,
      "head_a": 207.8055108302791,
      "head_a_tag": "",
      "head_b": 207.80551083027913,
      "head_b_tag": "",
      "head_lb": 193.56687411412554,
      "head_ub": 226.43312588587446
    }
  },
  "metadata": {
    "DEMAND_INTERVALS": false,
    "DEMAND_LB": 1e-06,
    "FIX_TOTAL_DEMAND": true,
    "GLOBAL_SOLVER": "couenne",
    "HEADLOSS_MODEL": "hw",
    "MEASUREMENT_HEADS_EQUAL_ONLY": true,
    "MEASUREMENT_SITES": [
      "1",
      "6"
    ],
    "MULTI_STARTS": 10,
    "MULTI_START_NOISE": 0.05,
    "NORM": 2,
    "PIPE_BOUNDS": true,
    "PIPE_BOUND_METHOD": "perturb",
    "PIPE_BOUND_PERTURB_BASE": "base",
    "PIPE_BOUND_PERTURB_FIX_TOTAL": true,
    "PIPE_BOUND_PERTURB_SAMPLES": 25,
    "PIPE_BOUND_PERTURB_SEED": 1,
    "PIPE_BOUND_PERTURB_SIGMA": 0.1,
    "PIPE_BOUND_POLICY": "minmax",
    "PIPE_BOUND_SAFENESS": 0.85,
    "RADIUS": true,
    "SCENARIO_SOURCE": "base",
    "SINGLE_NODE_SOLUTION": false,
    "SOLVER": "hexaly_xd",
    "USE_RESERVOIR_OUTFLOW_CONSTRAINT": false,
    "WDN_NAME": "Alperovits",
    "output_dir": "data/Alperovits-B-batch-20260401-112946/1_6",
    "timestamp": "20260401-112946"
  },
  "output_dir": "data/Alperovits-B-batch-20260401-112946/1_6",
  "pipes": {
    "1": {
      "flow_a": 1.1200000047683716,
      "flow_a_tag": "lb",
      "flow_b": 1.1200000047683716,
      "flow_b_tag": "lb",
      "flow_lb": 1.1200000047683716,
      "flow_ub": 1.1200000047683716,
      "headloss_res_a": -10.660510326434622,
      "headloss_res_b": -10.660510326434622
    },
    "2": {
      "flow_a": 0.45473946108320257,
      "flow_a_tag": "",
      "flow_b": 0.4518261959974877,
      "flow_b_tag": "",
      "flow_lb": 0.44622185826301575,
      "flow_ub": 0.4613533318042755,
      "headloss_res_a": -1.7197305187128804,
      "headloss_res_b": -1.6974830902850988
    },
    "3": {
      "flow_a": 0.5837928209361011,
      "flow_a_tag": "",
      "flow_b": 0.5568754992600142,
      "flow_b_tag": "lb",
      "flow_lb": 0.5568748712539673,
      "flow_ub": 0.5840606689453125,
      "headloss_res_a": -2.8523827075725214,
      "headloss_res_b": -2.5923582255260182
    },
    "4": {
      "flow_a": 0.13911865577828592,
      "flow_a_tag": "lb",
      "flow_b": 0.15373205438504997,
      "flow_b_tag": "",
      "flow_lb": 0.13911864161491394,
      "flow_ub": 0.16816721856594086,
      "headloss_res_a": -0.15554869216413644,
      "headloss_res_b": -0.19054607856204664
    },
    "5": {
      "flow_a": 0.27015260895166665,
      "flow_a_tag": "lb",
      "flow_b": 0.3175203108318937,
      "flow_b_tag": "ub",
      "flow_lb": 0.27015259861946106,
      "flow_ub": 0.3175203204154968,
      "headloss_res_a": -0.5984249481406719,
      "headloss_res_b": -0.8304257038063488
    },
    "6": {
      "flow_a": 0.06465801975952379,
      "flow_a_tag": "",
      "flow_b": 0.06465801975948657,
      "flow_b_tag": "",
      "flow_lb": 0.012323553673923016,
      "flow_ub": 0.07848699390888214,
      "headloss_res_a": -0.03272786733184055,
      "headloss_res_b": -0.032727867331793496
    },
    "7": {
      "flow_a": 0.37503042937167136,
      "flow_a_tag": "ub",
      "flow_b": 0.34554833069695295,
      "flow_b_tag": "lb",
      "flow_lb": 0.3455483019351959,
      "flow_ub": 0.3750304579734802,
      "headloss_res_a": -1.163749271598449,
      "headloss_res_b": -0.9857866194576392
    },
    "8": {
      "flow_a": 0.21170339108443134,
      "flow_a_tag": "lb",
      "flow_b": 0.2591661759403701,
      "flow_b_tag": "ub",
      "flow_lb": 0.211703360080719,
      "flow_ub": 0.2591662108898163,
      "headloss_res_a": -0.364897807822733,
      "headloss_res_b": -0.5500897488158049
    }
  },
  "summary": {
    "flow_at_bounds": {
      "a_lb": 4,
      "a_ub": 1,
      "b_lb": 3,
      "b_ub": 2
    },
    "head_at_bounds": {
      "a_lb": 0,
      "a_ub": 0,
      "b_lb": 0,
      "b_ub": 0
    },
    "head_bounds_count": 6,
    "junction_count": 6,
    "min_demand_slack_a": 0.07970803171153121,
    "min_demand_slack_b": 0.08562213404307054,
    "pipe_count": 8,
    "total_demand_a": 1.1200000047683716,
    "total_demand_b": 1.1200000047683716,
    "total_demand_res_a": 0.0,
    "total_demand_res_b": 0.0,
    "total_demand_target": 1.1200000047683716
  }
}