{
  "best_bound": null,
  "demands_a": {
    "1": 0.14704537132490755,
    "2": 0.08146772274906788,
    "3": 0.07970903171153121,
    "4": 0.1745215562061485,
    "5": 0.3024456940655259,
    "6": 0.33481062871119044,
    "7": -1.1200000047683716
  },
  "demands_b": {
    "1": 0.19450815618088355,
    "2": 0.11129830951086972,
    "3": 0.10627786530053474,
    "4": 0.08562313404307054,
    "5": 0.24011420914163278,
    "6": 0.3821783305913803,
    "7": -1.1200000047683716
  },
  "flows_a": {
    "1": 1.1200000047683716,
    "2": 0.45473946108320257,
    "3": 0.5837928209361011,
    "4": 0.13911865577828592,
    "5": 0.27015260895166665,
    "6": 0.06465801975952379,
    "7": 0.37503042937167136,
    "8": 0.21170339108443134
  },
  "flows_b": {
    "1": 1.1200000047683716,
    "2": 0.4518261959974877,
    "3": 0.5568754992600142,
    "4": 0.15373205438504997,
    "5": 0.3175203108318937,
    "6": 0.06465801975948657,
    "7": 0.34554833069695295,
    "8": 0.2591661759403701
  },
  "heads_a": {
    "1": 207.81364687068495,
    "2": 208.3993620394407,
    "3": 208.097840936588,
    "4": 207.92045355990533,
    "5": 207.88682633796452,
    "6": 207.8055108302791,
    "7": 210.0
  },
  "heads_b": {
    "1": 207.81364687068498,
    "2": 208.3993620394407,
    "3": 208.1014086409139,
    "4": 207.96054312288965,
    "5": 207.92008283047625,
    "6": 207.80551083027913,
    "7": 210.0
  },
  "max_violation": 0.0,
  "min_demand_viol": 0.07970803171153121,
  "norm": 2,
  "objective": 0.017880325428431102,
  "p": 2,
  "radius": 0.13371733406118708,
  "solver_status": "HxSolutionStatus.OPTIMAL"
}