{
  "junctions": {
    "1": {
      "demand_a": 0.24684264062211594,
      "demand_b": 0.13321638324457025,
      "demand_lb": 1e-06,
      "head_a": 207.80190708467245,
      "head_a_tag": "",
      "head_b": 207.82402284950314,
      "head_b_tag": "",
      "head_lb": 193.62708714484413,
      "head_ub": 226.37291285515587
    },
    "2": {
      "demand_a": 0.08916607979832825,
      "demand_b": 0.10632314844170443,
      "demand_lb": 1e-06,
      "head_a": 208.3993620394407,
      "head_a_tag": "",
      "head_b": 208.3993620394407,
      "head_b_tag": "",
      "head_lb": 197.73885171300606,
      "head_ub": 222.26114828699394
    },
    "3": {
      "demand_a": 0.11580500184448705,
      "demand_b": 0.07119142860303329,
      "demand_lb": 1e-06,
      "head_a": 208.0896688577056,
      "head_a_tag": "",
      "head_b": 208.1082169185961,
      "head_b_tag": "",
      "head_lb": 195.6583771104362,
      "head_ub": 224.3416228895638
    },
    "4": {
      "demand_a": 0.12934428321346114,
      "demand_b": 0.10745801592726689,
      "demand_lb": 1e-06,
      "head_a": 207.94197028677183,
      "head_a_tag": "",
      "head_b": 207.94497879482017,
      "head_b_tag": "",
      "head_lb": 194.40450298777,
      "head_ub": 225.59549701223
    },
    "5": {
      "demand_a": 0.22550076302461886,
      "demand_b": 0.33149428686164506,
      "demand_lb": 1e-06,
      "head_a": 207.90834306348935,
      "head_a_tag": "",
      "head_b": 207.89720230297138,
      "head_b_tag": "",
      "head_lb": 194.28361303052068,
      "head_ub": 225.71638696947932
    },
    "6": {
      "demand_a": 0.3133412362653604,
      "demand_b": 0.3703167416901517,
      "demand_lb": 1e-06,
      "head_a": 207.80152935184472,
      "head_a_tag": "",
      "head_b": 207.81237336829918,
      "head_b_tag": "",
      "head_lb": 193.56687411412554,
      "head_ub": 226.43312588587446
    }
  },
  "metadata": {
    "DEMAND_LB": 1e-06,
    "DEMAND_RESTRICTION_MODE": null,
    "DEVIATION_ALPHA": null,
    "FIX_TOTAL_DEMAND": true,
    "GLOBAL_SOLVER": null,
    "HEADLOSS_MODEL": "hw",
    "MEASUREMENT_HEADS_EQUAL_ONLY": true,
    "MEASUREMENT_SITES": [
      "2"
    ],
    "MULTI_STARTS": 1,
    "MULTI_START_NOISE": 0.05,
    "MULTI_START_NOISE_REL": 0.25,
    "NORM": 2.0,
    "OUTPUT_DIR": "data/Alperovits/895be2d9",
    "PIPE_BOUNDS": true,
    "RADIUS_TO_FIXED": null,
    "SCENARIO": "base",
    "SCENARIO_FILE": "scenario/Alperovits/base.json",
    "SOLVER": "Hexaly_xd",
    "USE_RESERVOIR_OUTFLOW_CONSTRAINT": false,
    "WDN": "Alperovits",
    "WDN_NAME": "Alperovits",
    "output_dir": "data/Alperovits/895be2d9/2",
    "timestamp": "20260429-103217"
  },
  "output_dir": "data/Alperovits/895be2d9/2",
  "pipes": {
    "1": {
      "flow_a": 1.1200000047683716,
      "flow_a_tag": "lb",
      "flow_b": 1.1200000047683716,
      "flow_b_tag": "lb",
      "flow_lb": 1.1200000047683716,
      "flow_ub": 1.1200000047683716,
      "headloss_res_a": -10.660510326434622,
      "headloss_res_b": -10.660510326434622
    },
    "2": {
      "flow_a": 0.46135331584844946,
      "flow_a_tag": "ub",
      "flow_b": 0.4462218742890465,
      "flow_b_tag": "lb",
      "flow_lb": 0.44622185826301575,
      "flow_ub": 0.4613533318042755,
      "headloss_res_a": -1.7707812769290663,
      "headloss_res_b": -1.655096733585044
    },
    "3": {
      "flow_a": 0.5694806091215939,
      "flow_a_tag": "",
      "flow_b": 0.5674549820376206,
      "flow_b_tag": "",
      "flow_lb": 0.5568748712539673,
      "flow_ub": 0.5840606689453125,
      "headloss_res_a": -2.712562374927785,
      "headloss_res_b": -2.693060107669857
    },
    "4": {
      "flow_a": 0.13911864997127182,
      "flow_a_tag": "lb",
      "flow_b": 0.1681672106818114,
      "flow_b_tag": "ub",
      "flow_lb": 0.13911864161491394,
      "flow_ub": 0.16816721856594086,
      "headloss_res_a": -0.1555486750295085,
      "headloss_res_b": -0.22864877491002894
    },
    "5": {
      "flow_a": 0.30101767593686096,
      "flow_a_tag": "",
      "flow_b": 0.2918297554285423,
      "flow_b_tag": "",
      "flow_lb": 0.27015259861946106,
      "flow_ub": 0.3175203204154968,
      "headloss_res_a": -0.7452436634027712,
      "headloss_res_b": -0.6998370606918893
    },
    "6": {
      "flow_a": 0.012323560328499435,
      "flow_a_tag": "lb",
      "flow_b": 0.07848698626160942,
      "flow_b_tag": "ub",
      "flow_lb": 0.012323553673923016,
      "flow_ub": 0.07848699390888214,
      "headloss_res_a": -0.0011067237099587524,
      "headloss_res_b": -0.04856353778108456
    },
    "7": {
      "flow_a": 0.3455483140039624,
      "flow_a_tag": "lb",
      "flow_b": 0.37503044568601324,
      "flow_b_tag": "ub",
      "flow_lb": 0.3455483019351959,
      "flow_ub": 0.3750304579734802,
      "headloss_res_a": -0.9857865229156806,
      "headloss_res_b": -1.163749374205466
    },
    "8": {
      "flow_a": 0.2591662009506154,
      "flow_a_tag": "ub",
      "flow_b": 0.21170336950617966,
      "flow_b_tag": "lb",
      "flow_lb": 0.211703360080719,
      "flow_ub": 0.2591662108898163,
      "headloss_res_a": -0.5500898565032319,
      "headloss_res_b": -0.36489773233042844
    }
  },
  "summary": {
    "flow_at_bounds": {
      "a_lb": 4,
      "a_ub": 2,
      "b_lb": 3,
      "b_ub": 3
    },
    "head_at_bounds": {
      "a_lb": 0,
      "a_ub": 0,
      "b_lb": 0,
      "b_ub": 0
    },
    "head_bounds_count": 6,
    "junction_count": 6,
    "min_demand_slack_a": 0.08916507979832825,
    "min_demand_slack_b": 0.07119042860303329,
    "pipe_count": 8,
    "total_demand_a": 1.1200000047683718,
    "total_demand_b": 1.1200000047683716,
    "total_demand_res_a": 0.0,
    "total_demand_res_b": -2.220446049250313e-16,
    "total_demand_target": 1.1200000047683718
  }
}