{
  "C_bounds": {
    "1": 1.5118223547935485,
    "2": 0.6213028609752655,
    "3": 0.791988380253315,
    "4": 0.25034151300787927,
    "5": 0.4393446914851666,
    "6": 0.1683538235723974,
    "7": 0.518164573609829,
    "8": 0.3585459366440773
  },
  "c_bounds": {
    "1": 0.8924920216202736,
    "2": 0.3591809250414372,
    "3": 0.43980371579527855,
    "4": 0.0886511201038957,
    "5": 0.20980504155158997,
    "6": -0.05787554876878857,
    "7": 0.2714666865766049,
    "8": 0.12974091675132515
  }
}