{
  "best_radius": 0.733327459000551,
  "runs": [
    {
      "max_violation": 7.943526732223649e-09,
      "min_demand_viol": -0.6001592199098367,
      "radius": 0.733327459000551,
      "run": 0,
      "start_flows": {
        "1": 1.2815567346722234,
        "2": 0.5288206513073457,
        "3": 0.7284267950926107,
        "4": 0.17163401157776653,
        "5": 0.3482929569247012,
        "6": 0.06782846679265218,
        "7": 0.52142106804198,
        "8": 0.36706697499309204
      },
      "start_heads": {
        "1": 207.08409215508462,
        "2": 207.9297180233659,
        "3": 207.49033112794046,
        "4": 207.2652041784627,
        "5": 207.24877668714277,
        "6": 206.97439224699946,
        "7": 209.93770445263735
      },
      "success": true
    },
    {
      "max_violation": 6.922125685149272e-09,
      "min_demand_viol": -0.6001556720663921,
      "radius": 0.7333250607486205,
      "run": 1,
      "start_flows": {
        "1": 1.2386568558823812,
        "2": 0.5082129453290453,
        "3": 0.6805906547519889,
        "4": 0.1869705325388212,
        "5": 0.4272020940548906,
        "6": 0.043321980899976235,
        "7": 0.5245442393129573,
        "8": 0.2864531931622993
      },
      "start_heads": {
        "1": 207.0721454469979,
        "2": 207.9824802886609,
        "3": 207.59877571057535,
        "4": 207.3010685164776,
        "5": 207.2095354257077,
        "6": 207.04455751691847,
        "7": 210.0110097561735
      },
      "success": true
    },
    {
      "max_violation": 1.363191920455975e-09,
      "min_demand_viol": -0.6001824418824532,
      "radius": 0.7332103517468992,
      "run": 2,
      "start_flows": {
        "1": 1.224789314440617,
        "2": 0.5249671157283251,
        "3": 0.6884444120747226,
        "4": 0.19343128495440495,
        "5": 0.3858093817080738,
        "6": 0.06751734949917401,
        "7": 0.42352963531455606,
        "8": 0.31323224515199144
      },
      "start_heads": {
        "1": 207.13409730831629,
        "2": 208.00410355865932,
        "3": 207.6282737587538,
        "4": 207.23341462498436,
        "5": 207.32240657691236,
        "6": 207.15793755692053,
        "7": 210.01322278151648
      },
      "success": true
    },
    {
      "max_violation": 4.724860891425209e-09,
      "min_demand_viol": -0.6001559360175803,
      "radius": 0.733220246268941,
      "run": 3,
      "start_flows": {
        "1": 1.2595740828907322,
        "2": 0.6083269286487587,
        "3": 0.7944185783929448,
        "4": 0.25647074921342083,
        "5": 0.4408316138194752,
        "6": 0.06761773458012575,
        "7": 0.3958051341713645,
        "8": 0.3194902201806258
      },
      "start_heads": {
        "1": 207.03582583994339,
        "2": 207.99772853191007,
        "3": 207.48918412830528,
        "4": 207.31612400459866,
        "5": 207.26820357291652,
        "6": 207.12544592192955,
        "7": 209.96691487139805
      },
      "success": true
    },
    {
      "max_violation": 4.603662742685977e-09,
      "min_demand_viol": -0.6001639072258615,
      "radius": 0.7333133267602606,
      "run": 4,
      "start_flows": {
        "1": 1.2534484612603927,
        "2": 0.4769357990832676,
        "3": 0.7833740564269532,
        "4": 0.14159346929800695,
        "5": 0.3915249070557668,
        "6": 0.036820086773481746,
        "7": 0.5353947097255791,
        "8": 0.3857309761907219
      },
      "start_heads": {
        "1": 207.06413638604587,
        "2": 207.99657241629748,
        "3": 207.44342670746045,
        "4": 207.29896935030257,
        "5": 207.28089469771425,
        "6": 207.1408418645235,
        "7": 210.0911005681664
      },
      "success": true
    }
  ],
  "unique_local_optima": 5
}