{
  "junctions": {
    "1": {
      "demand_a": 0.25522021891169766,
      "demand_b": 0.10020102545197802,
      "demand_lb": 1e-06,
      "head_a": 207.8089123544822,
      "head_a_tag": "",
      "head_b": 207.8262148731949,
      "head_b_tag": "",
      "head_lb": 193.4611532898627,
      "head_ub": 226.5388467101373
    },
    "2": {
      "demand_a": 0.0885299719508954,
      "demand_b": 0.10845739042831215,
      "demand_lb": 1e-06,
      "head_a": 208.3993620394407,
      "head_a_tag": "",
      "head_b": 208.3993620394407,
      "head_b_tag": "",
      "head_lb": 197.73885171300606,
      "head_ub": 222.26114828699394
    },
    "3": {
      "demand_a": 0.12106034595421483,
      "demand_b": 0.05628741678600285,
      "demand_lb": 1e-06,
      "head_a": 208.0886610885601,
      "head_a_tag": "",
      "head_b": 208.1130150859635,
      "head_b_tag": "",
      "head_lb": 195.62629393444394,
      "head_ub": 224.37370606555606
    },
    "4": {
      "demand_a": 0.14443370284898044,
      "demand_b": 0.101063166518706,
      "demand_lb": 1e-06,
      "head_a": 207.94222894809494,
      "head_a_tag": "",
      "head_b": 207.94222894809494,
      "head_b_tag": "",
      "head_lb": 194.2896568934707,
      "head_ub": 225.7103431065293
    },
    "5": {
      "demand_a": 0.21906652624070366,
      "demand_b": 0.3641548252592056,
      "demand_lb": 1e-06,
      "head_a": 207.91163171494162,
      "head_a_tag": "",
      "head_b": 207.8904824519753,
      "head_b_tag": "",
      "head_lb": 194.17031922671646,
      "head_ub": 225.82968077328354
    },
    "6": {
      "demand_a": 0.2916892388618796,
      "demand_b": 0.38983618032416695,
      "demand_lb": 1e-06,
      "head_a": 207.8089158318495,
      "head_a_tag": "",
      "head_b": 207.8089158318495,
      "head_b_tag": "",
      "head_lb": 193.36886889046428,
      "head_ub": 226.63113110953572
    }
  },
  "metadata": {
    "DEMAND_INTERVALS": false,
    "DEMAND_LB": 1e-06,
    "FIX_TOTAL_DEMAND": true,
    "GLOBAL_SOLVER": "couenne",
    "HEADLOSS_MODEL": "hw",
    "MEASUREMENT_HEADS_EQUAL_ONLY": true,
    "MEASUREMENT_SITES": [
      "4",
      "6"
    ],
    "MULTI_STARTS": 10,
    "MULTI_START_NOISE": 0.05,
    "NORM": 2,
    "PIPE_BOUNDS": true,
    "PIPE_BOUND_METHOD": "perturb",
    "PIPE_BOUND_PERTURB_BASE": "base",
    "PIPE_BOUND_PERTURB_FIX_TOTAL": true,
    "PIPE_BOUND_PERTURB_SAMPLES": 25,
    "PIPE_BOUND_PERTURB_SEED": 1,
    "PIPE_BOUND_PERTURB_SIGMA": 0.15,
    "PIPE_BOUND_POLICY": "minmax",
    "PIPE_BOUND_SAFENESS": 0.85,
    "RADIUS": true,
    "SCENARIO_SOURCE": "base",
    "SINGLE_NODE_SOLUTION": false,
    "SOLVER": "hexaly_xd",
    "USE_RESERVOIR_OUTFLOW_CONSTRAINT": false,
    "WDN_NAME": "Alperovits",
    "output_dir": "data/Alperovits-B-batch-20260401-112751/4_6",
    "timestamp": "20260401-112751"
  },
  "output_dir": "data/Alperovits-B-batch-20260401-112751/4_6",
  "pipes": {
    "1": {
      "flow_a": 1.1200000047683716,
      "flow_a_tag": "lb",
      "flow_b": 1.1200000047683716,
      "flow_b_tag": "lb",
      "flow_lb": 1.1200000047683716,
      "flow_ub": 1.1200000047683716,
      "headloss_res_a": -10.660510326434622,
      "headloss_res_b": -10.660510326434622
    },
    "2": {
      "flow_a": 0.4621633389316757,
      "flow_a_tag": "",
      "flow_b": 0.4422359204542589,
      "flow_b_tag": "lb",
      "flow_lb": 0.44223544001579285,
      "flow_ub": 0.4648970067501068,
      "headloss_res_a": -1.7770855252965028,
      "headloss_res_b": -1.625279914805661
    },
    "3": {
      "flow_a": 0.5693066938858005,
      "flow_a_tag": "",
      "flow_b": 0.5693066938858005,
      "flow_b_tag": "",
      "flow_lb": 0.5527145266532898,
      "flow_ub": 0.5940340161323547,
      "headloss_res_a": -2.7108851700292296,
      "headloss_res_b": -2.7108851700292296
    },
    "4": {
      "flow_a": 0.1322033152568906,
      "flow_a_tag": "lb",
      "flow_b": 0.17557385158716504,
      "flow_b_tag": "ub",
      "flow_lb": 0.13220331072807312,
      "flow_ub": 0.17557385563850403,
      "headloss_res_a": -0.1402389217380422,
      "headloss_res_b": -0.24956435251548514
    },
    "5": {
      "flow_a": 0.2926696757799294,
      "flow_a_tag": "",
      "flow_b": 0.2926696757799294,
      "flow_b_tag": "",
      "flow_lb": 0.2579752802848816,
      "flow_ub": 0.329729825258255,
      "headloss_res_a": -0.7039280012799766,
      "headloss_res_b": -0.7039280012799766
    },
    "6": {
      "flow_a": -0.000980436918049845,
      "flow_a_tag": "lb",
      "flow_b": 0.09716650454423754,
      "flow_b_tag": "ub",
      "flow_lb": -0.000980442389845848,
      "flow_ub": 0.097166508436203,
      "headloss_res_a": 5.918446637688834e-06,
      "headloss_res_b": -0.07498535066018727
    },
    "7": {
      "flow_a": 0.3411029929774609,
      "flow_a_tag": "lb",
      "flow_b": 0.38594850366825606,
      "flow_b_tag": "ub",
      "flow_lb": 0.3411029875278473,
      "flow_ub": 0.38594850897789,
      "headloss_res_a": -0.9602473640829621,
      "headloss_res_b": -1.2334420336785106
    },
    "8": {
      "flow_a": 0.25423978199364783,
      "flow_a_tag": "",
      "flow_b": 0.19736752999621557,
      "flow_b_tag": "lb",
      "flow_lb": 0.19736750423908234,
      "flow_ub": 0.269355833530426,
      "headloss_res_a": -0.5290842607188103,
      "headloss_res_b": -0.3164882039785438
    }
  },
  "summary": {
    "flow_at_bounds": {
      "a_lb": 4,
      "a_ub": 0,
      "b_lb": 3,
      "b_ub": 3
    },
    "head_at_bounds": {
      "a_lb": 0,
      "a_ub": 0,
      "b_lb": 0,
      "b_ub": 0
    },
    "head_bounds_count": 6,
    "junction_count": 6,
    "min_demand_slack_a": 0.0885289719508954,
    "min_demand_slack_b": 0.05628641678600285,
    "pipe_count": 8,
    "total_demand_a": 1.1200000047683716,
    "total_demand_b": 1.1200000047683716,
    "total_demand_res_a": 0.0,
    "total_demand_res_b": 0.0,
    "total_demand_target": 1.1200000047683716
  }
}