{
  "best_bound": null,
  "demands_a": {
    "1": 0.25522021891169766,
    "2": 0.0885299719508954,
    "3": 0.12106034595421483,
    "4": 0.14443370284898044,
    "5": 0.21906652624070366,
    "6": 0.2916892388618796,
    "7": -1.1200000047683716
  },
  "demands_b": {
    "1": 0.10020102545197802,
    "2": 0.10845739042831215,
    "3": 0.05628741678600285,
    "4": 0.101063166518706,
    "5": 0.3641548252592056,
    "6": 0.38983618032416695,
    "7": -1.1200000047683716
  },
  "flows_a": {
    "1": 1.1200000047683716,
    "2": 0.4621633389316757,
    "3": 0.5693066938858005,
    "4": 0.1322033152568906,
    "5": 0.2926696757799294,
    "6": -0.000980436918049845,
    "7": 0.3411029929774609,
    "8": 0.25423978199364783
  },
  "flows_b": {
    "1": 1.1200000047683716,
    "2": 0.4422359204542589,
    "3": 0.5693066938858005,
    "4": 0.17557385158716504,
    "5": 0.2926696757799294,
    "6": 0.09716650454423754,
    "7": 0.38594850366825606,
    "8": 0.19736752999621557
  },
  "heads_a": {
    "1": 207.8089123544822,
    "2": 208.3993620394407,
    "3": 208.0886610885601,
    "4": 207.94222894809494,
    "5": 207.91163171494162,
    "6": 207.8089158318495,
    "7": 210.0
  },
  "heads_b": {
    "1": 207.8262148731949,
    "2": 208.3993620394407,
    "3": 208.1130150859635,
    "4": 207.94222894809494,
    "5": 207.8904824519753,
    "6": 207.8089158318495,
    "7": 210.0
  },
  "max_violation": 0.0,
  "min_demand_viol": 0.05628641678600285,
  "norm": 2,
  "objective": 0.06118802475316584,
  "p": 2,
  "radius": 0.247362132819811,
  "solver_status": "HxSolutionStatus.OPTIMAL"
}