{
  "C_bounds": {
    "1": 1.1200000047683716,
    "2": 0.4685351550579071,
    "3": 0.6044999361038208,
    "4": 0.18279339373111725,
    "5": 0.3417060375213623,
    "6": 0.11478745192289352,
    "7": 0.3973555564880371,
    "8": 0.27910226583480835
  },
  "c_bounds": {
    "1": 1.1200000047683716,
    "2": 0.438365638256073,
    "3": 0.5486409664154053,
    "4": 0.12524232268333435,
    "5": 0.24518345296382904,
    "6": -0.014470032416284084,
    "7": 0.33669203519821167,
    "8": 0.18179097771644592
  }
}