{
  "junctions": {
    "1": {
      "demand_a": 0.2935722881549556,
      "demand_b": 0.06700353382517661,
      "demand_lb": 1e-06,
      "head_a": 207.82270526281718,
      "head_a_tag": "",
      "head_b": 207.8227052628172,
      "head_b_tag": "",
      "head_lb": 193.28837254949758,
      "head_ub": 226.71162745050242
    },
    "2": {
      "demand_a": 0.1329681121637929,
      "demand_b": 0.10250462991739706,
      "demand_lb": 1e-06,
      "head_a": 208.3993620394407,
      "head_a_tag": "",
      "head_b": 208.3993620394407,
      "head_b_tag": "",
      "head_lb": 197.73885171300606,
      "head_ub": 222.26114828699394
    },
    "3": {
      "demand_a": 0.10169573989421993,
      "demand_b": 0.04509050142122145,
      "demand_lb": 1e-06,
      "head_a": 208.11761253449805,
      "head_a_tag": "",
      "head_b": 208.11276305129337,
      "head_b_tag": "",
      "head_lb": 195.59310003642656,
      "head_ub": 224.40689996357344
    },
    "4": {
      "demand_a": 0.11231351232534054,
      "demand_b": 0.09818071055058808,
      "demand_lb": 1e-06,
      "head_a": 207.97248013050228,
      "head_a_tag": "",
      "head_b": 207.9336524632733,
      "head_b_tag": "",
      "head_lb": 194.16704775335216,
      "head_ub": 225.83295224664784
    },
    "5": {
      "demand_a": 0.18283210722323956,
      "demand_b": 0.3983579582889514,
      "demand_lb": 1e-06,
      "head_a": 207.94479947141477,
      "head_a_tag": "",
      "head_b": 207.87789639413555,
      "head_b_tag": "",
      "head_lb": 194.0497882368296,
      "head_ub": 225.9502117631704
    },
    "6": {
      "demand_a": 0.29661824500682304,
      "demand_b": 0.408862670765037,
      "demand_lb": 1e-06,
      "head_a": 207.82321380921312,
      "head_a_tag": "",
      "head_b": 207.7991512036918,
      "head_b_tag": "",
      "head_lb": 193.1595820206114,
      "head_ub": 226.8404179793886
    }
  },
  "metadata": {
    "DEMAND_INTERVALS": false,
    "DEMAND_LB": 1e-06,
    "FIX_TOTAL_DEMAND": true,
    "GLOBAL_SOLVER": "couenne",
    "HEADLOSS_MODEL": "hw",
    "MEASUREMENT_HEADS_EQUAL_ONLY": true,
    "MEASUREMENT_SITES": [
      "1"
    ],
    "MULTI_STARTS": 10,
    "MULTI_START_NOISE": 0.05,
    "NORM": 2,
    "PIPE_BOUNDS": true,
    "PIPE_BOUND_METHOD": "perturb",
    "PIPE_BOUND_PERTURB_BASE": "base",
    "PIPE_BOUND_PERTURB_FIX_TOTAL": true,
    "PIPE_BOUND_PERTURB_SAMPLES": 25,
    "PIPE_BOUND_PERTURB_SEED": 1,
    "PIPE_BOUND_PERTURB_SIGMA": 0.2,
    "PIPE_BOUND_POLICY": "minmax",
    "PIPE_BOUND_SAFENESS": 0.85,
    "RADIUS": true,
    "SCENARIO_SOURCE": "base",
    "SINGLE_NODE_SOLUTION": false,
    "SOLVER": "hexaly_xd",
    "USE_RESERVOIR_OUTFLOW_CONSTRAINT": false,
    "WDN_NAME": "Alperovits",
    "output_dir": "data/Alperovits-B-batch-20260401-112523/1",
    "timestamp": "20260401-112523"
  },
  "output_dir": "data/Alperovits-B-batch-20260401-112523/1",
  "pipes": {
    "1": {
      "flow_a": 1.1200000047683716,
      "flow_a_tag": "lb",
      "flow_b": 1.1200000047683716,
      "flow_b_tag": "lb",
      "flow_lb": 1.1200000047683716,
      "flow_ub": 1.1200000047683716,
      "headloss_res_a": -10.660510326434622,
      "headloss_res_b": -10.660510326434622
    },
    "2": {
      "flow_a": 0.4383877802200691,
      "flow_a_tag": "",
      "flow_b": 0.4424460528466602,
      "flow_b_tag": "",
      "flow_lb": 0.438365638256073,
      "flow_ub": 0.4685351550579071,
      "headloss_res_a": -1.5967538530145016,
      "headloss_res_b": -1.6268449652842818
    },
    "3": {
      "flow_a": 0.5486441123845096,
      "flow_a_tag": "",
      "flow_b": 0.5750493220043142,
      "flow_b_tag": "",
      "flow_lb": 0.5486409664154053,
      "flow_ub": 0.6044999361038208,
      "headloss_res_a": -2.5153475662223896,
      "headloss_res_b": -2.766542977850784
    },
    "4": {
      "flow_a": 0.1252423280264897,
      "flow_a_tag": "lb",
      "flow_b": 0.1827933888780445,
      "flow_b_tag": "ub",
      "flow_lb": 0.12524232268333435,
      "flow_ub": 0.18279339373111725,
      "headloss_res_a": -0.12563882857449685,
      "headloss_res_b": -0.27084384389271404
    },
    "5": {
      "flow_a": 0.31108827203267936,
      "flow_a_tag": "",
      "flow_b": 0.2940752225756817,
      "flow_b_tag": "",
      "flow_lb": 0.24518345296382904,
      "flow_ub": 0.3417060375213623,
      "headloss_res_a": -0.796671027047008,
      "headloss_res_b": -0.7108008729088134
    },
    "6": {
      "flow_a": -0.014470027025856305,
      "flow_a_tag": "lb",
      "flow_b": 0.11478744818935531,
      "flow_b_tag": "ub",
      "flow_lb": -0.014470032416284084,
      "flow_ub": 0.11478745192289352,
      "headloss_res_a": 0.0015380574236635055,
      "headloss_res_b": -0.1052364613827885
    },
    "7": {
      "flow_a": 0.33669204032584915,
      "flow_a_tag": "lb",
      "flow_b": 0.39735555142543877,
      "flow_b_tag": "ub",
      "flow_lb": 0.33669203519821167,
      "flow_ub": 0.3973555564880371,
      "headloss_res_a": -0.9352406022272448,
      "headloss_res_b": -1.3084451031132758
    },
    "8": {
      "flow_a": 0.2791022611290993,
      "flow_a_tag": "ub",
      "flow_b": 0.18179098201453192,
      "flow_b_tag": "lb",
      "flow_lb": 0.18179097771644592,
      "flow_ub": 0.27910226583480835,
      "headloss_res_a": -0.6393214530592637,
      "headloss_res_b": -0.26783657012634576
    }
  },
  "summary": {
    "flow_at_bounds": {
      "a_lb": 4,
      "a_ub": 1,
      "b_lb": 2,
      "b_ub": 3
    },
    "head_at_bounds": {
      "a_lb": 0,
      "a_ub": 0,
      "b_lb": 0,
      "b_ub": 0
    },
    "head_bounds_count": 6,
    "junction_count": 6,
    "min_demand_slack_a": 0.10169473989421993,
    "min_demand_slack_b": 0.04508950142122145,
    "pipe_count": 8,
    "total_demand_a": 1.1200000047683716,
    "total_demand_b": 1.1200000047683716,
    "total_demand_res_a": 0.0,
    "total_demand_res_b": 0.0,
    "total_demand_target": 1.1200000047683716
  }
}