{
  "best_bound": null,
  "demands_a": {
    "1": 0.2935722881549556,
    "2": 0.1329681121637929,
    "3": 0.10169573989421993,
    "4": 0.11231351232534054,
    "5": 0.18283210722323956,
    "6": 0.29661824500682304,
    "7": -1.1200000047683716
  },
  "demands_b": {
    "1": 0.06700353382517661,
    "2": 0.10250462991739706,
    "3": 0.04509050142122145,
    "4": 0.09818071055058808,
    "5": 0.3983579582889514,
    "6": 0.408862670765037,
    "7": -1.1200000047683716
  },
  "flows_a": {
    "1": 1.1200000047683716,
    "2": 0.4383877802200691,
    "3": 0.5486441123845096,
    "4": 0.1252423280264897,
    "5": 0.31108827203267936,
    "6": -0.014470027025856305,
    "7": 0.33669204032584915,
    "8": 0.2791022611290993
  },
  "flows_b": {
    "1": 1.1200000047683716,
    "2": 0.4424460528466602,
    "3": 0.5750493220043142,
    "4": 0.1827933888780445,
    "5": 0.2940752225756817,
    "6": 0.11478744818935531,
    "7": 0.39735555142543877,
    "8": 0.18179098201453192
  },
  "heads_a": {
    "1": 207.82270526281718,
    "2": 208.3993620394407,
    "3": 208.11761253449805,
    "4": 207.97248013050228,
    "5": 207.94479947141477,
    "6": 207.82321380921312,
    "7": 210.0
  },
  "heads_b": {
    "1": 207.8227052628172,
    "2": 208.3993620394407,
    "3": 208.11276305129337,
    "4": 207.9336524632733,
    "5": 207.87789639413555,
    "6": 207.7991512036918,
    "7": 210.0
  },
  "max_violation": 0.0,
  "min_demand_viol": 0.04508950142122145,
  "norm": 2,
  "objective": 0.11471551688910431,
  "p": 1,
  "radius": 0.3386967919675418,
  "solver_status": "HxSolutionStatus.OPTIMAL"
}