{
  "junctions": {
    "1": {
      "demand_a": 0.21121623504539155,
      "demand_b": 0.1660914720400654,
      "demand_lb": 1e-06,
      "head_a": 207.80586768086903,
      "head_a_tag": "",
      "head_b": 207.8171391831027,
      "head_b_tag": "",
      "head_lb": 193.62708714484413,
      "head_ub": 226.37291285515587
    },
    "2": {
      "demand_a": 0.07843154483675341,
      "demand_b": 0.10534782388497033,
      "demand_lb": 1e-06,
      "head_a": 208.3993620394407,
      "head_a_tag": "",
      "head_b": 208.3993620394407,
      "head_b_tag": "",
      "head_lb": 197.73885171300606,
      "head_ub": 222.26114828699394
    },
    "3": {
      "demand_a": 0.08629782631237876,
      "demand_b": 0.11216570410555482,
      "demand_lb": 1e-06,
      "head_a": 208.09411864141558,
      "head_a_tag": "",
      "head_b": 208.09411864141558,
      "head_b_tag": "",
      "head_lb": 195.6583771104362,
      "head_ub": 224.3416228895638
    },
    "4": {
      "demand_a": 0.17453320518095905,
      "demand_b": 0.07120448366653853,
      "demand_lb": 1e-06,
      "head_a": 207.9204329724455,
      "head_a_tag": "",
      "head_b": 207.96052182442662,
      "head_b_tag": "",
      "head_lb": 194.40450298777,
      "head_ub": 225.59549701223
    },
    "5": {
      "demand_a": 0.2870438205239597,
      "demand_b": 0.26918437121931355,
      "demand_lb": 1e-06,
      "head_a": 207.8868050894583,
      "head_a_tag": "",
      "head_b": 207.91274612438036,
      "head_b_tag": "",
      "head_lb": 194.28361303052068,
      "head_ub": 225.71638696947932
    },
    "6": {
      "demand_a": 0.28247737286892904,
      "demand_b": 0.39600614985192895,
      "demand_lb": 1e-06,
      "head_a": 207.80548990408874,
      "head_a_tag": "",
      "head_b": 207.8054899040887,
      "head_b_tag": "",
      "head_lb": 193.56687411412554,
      "head_ub": 226.43312588587446
    }
  },
  "metadata": {
    "DEMAND_LB": 1e-06,
    "DEMAND_RESTRICTION_MODE": null,
    "DEVIATION_ALPHA": null,
    "FIX_TOTAL_DEMAND": true,
    "GLOBAL_SOLVER": null,
    "HEADLOSS_MODEL": "hw",
    "MEASUREMENT_HEADS_EQUAL_ONLY": true,
    "MEASUREMENT_SITES": [
      "3",
      "6"
    ],
    "MULTI_STARTS": 1,
    "MULTI_START_NOISE": 0.05,
    "MULTI_START_NOISE_REL": 0.25,
    "NORM": 2.0,
    "OUTPUT_DIR": "data/Alperovits/3e031e7c",
    "PIPE_BOUNDS": true,
    "RADIUS_TO_FIXED": null,
    "SCENARIO": "base",
    "SCENARIO_FILE": "scenario/Alperovits/base.json",
    "SOLVER": "Hexaly_xd",
    "USE_RESERVOIR_OUTFLOW_CONSTRAINT": false,
    "WDN": "Alperovits",
    "WDN_NAME": "Alperovits",
    "output_dir": "data/Alperovits/3e031e7c/3_6",
    "timestamp": "20260421-175331"
  },
  "output_dir": "data/Alperovits/3e031e7c/3_6",
  "pipes": {
    "1": {
      "flow_a": 1.1200000047683716,
      "flow_a_tag": "lb",
      "flow_b": 1.1200000047683716,
      "flow_b_tag": "lb",
      "flow_lb": 1.1200000047683716,
      "flow_ub": 1.1200000047683716,
      "headloss_res_a": -10.660510326434622,
      "headloss_res_b": -10.660510326434622
    },
    "2": {
      "flow_a": 0.45776209228326004,
      "flow_a_tag": "",
      "flow_b": 0.4577620922832591,
      "flow_b_tag": "",
      "flow_lb": 0.44622185826301575,
      "flow_ub": 0.4613533318042755,
      "headloss_res_a": -1.7429678499140016,
      "headloss_res_b": -1.7429678499139931
    },
    "3": {
      "flow_a": 0.5838063676483581,
      "flow_a_tag": "",
      "flow_b": 0.5568900886001421,
      "flow_b_tag": "",
      "flow_lb": 0.5568748712539673,
      "flow_ub": 0.5840606689453125,
      "headloss_res_a": -2.8525167248461805,
      "headloss_res_b": -2.59249575413892
    },
    "4": {
      "flow_a": 0.13912012364245854,
      "flow_a_tag": "",
      "flow_b": 0.16816570579103965,
      "flow_b_tag": "",
      "flow_lb": 0.13911864161491394,
      "flow_ub": 0.16816721856594086,
      "headloss_res_a": -0.15555202319214273,
      "headloss_res_b": -0.2286446193988746
    },
    "5": {
      "flow_a": 0.2701530388249405,
      "flow_a_tag": "lb",
      "flow_b": 0.31751989914256395,
      "flow_b_tag": "ub",
      "flow_lb": 0.27015259861946106,
      "flow_ub": 0.3175203204154968,
      "headloss_res_a": -0.5984268796672703,
      "headloss_res_b": -0.8304235206374968
    },
    "6": {
      "flow_a": 0.012324334043988545,
      "flow_a_tag": "lb",
      "flow_b": 0.078486250709365,
      "flow_b_tag": "ub",
      "flow_lb": 0.012323553673923016,
      "flow_ub": 0.07848699390888214,
      "headloss_res_a": -0.001106866161827314,
      "headloss_res_b": -0.048562611386123444
    },
    "7": {
      "flow_a": 0.3714642659708813,
      "flow_a_tag": "",
      "flow_b": 0.3455963881777043,
      "flow_b_tag": "",
      "flow_lb": 0.3455483019351959,
      "flow_ub": 0.3750304579734802,
      "headloss_res_a": -1.1414293735300045,
      "headloss_res_b": -0.9860645700986195
    },
    "8": {
      "flow_a": 0.2235405690893801,
      "flow_a_tag": "",
      "flow_b": 0.2445777227494304,
      "flow_b_tag": "",
      "flow_lb": 0.211703360080719,
      "flow_ub": 0.2591662108898163,
      "headloss_res_a": -0.40749874243147555,
      "headloss_res_b": -0.48908739873520213
    }
  },
  "summary": {
    "flow_at_bounds": {
      "a_lb": 3,
      "a_ub": 0,
      "b_lb": 1,
      "b_ub": 2
    },
    "head_at_bounds": {
      "a_lb": 0,
      "a_ub": 0,
      "b_lb": 0,
      "b_ub": 0
    },
    "head_bounds_count": 6,
    "junction_count": 6,
    "min_demand_slack_a": 0.07843054483675341,
    "min_demand_slack_b": 0.07120348366653853,
    "pipe_count": 8,
    "total_demand_a": 1.1200000047683716,
    "total_demand_b": 1.1200000047683716,
    "total_demand_res_a": 0.0,
    "total_demand_res_b": 0.0,
    "total_demand_target": 1.1200000047683716
  }
}