{
  "junctions": {
    "1": {
      "demand_a": 0.13435599178054897,
      "demand_b": 0.20000003071617733,
      "demand_lb": 1e-06,
      "head_a": 207.82623919597648,
      "head_a_tag": "",
      "head_b": 207.81752760692427,
      "head_b_tag": "",
      "head_lb": 193.62708714484413,
      "head_ub": 226.37291285515587
    },
    "2": {
      "demand_a": 0.10831365355840616,
      "demand_b": 0.09999997010405814,
      "demand_lb": 1e-06,
      "head_a": 208.3993620394407,
      "head_a_tag": "",
      "head_b": 208.3993620394407,
      "head_b_tag": "",
      "head_lb": 197.73885171300606,
      "head_ub": 222.26114828699394
    },
    "3": {
      "demand_a": 0.07402906845599355,
      "demand_b": 0.10000002231092708,
      "demand_lb": 1e-06,
      "head_a": 208.1082169379594,
      "head_a_tag": "",
      "head_b": 208.098091298063,
      "head_b_tag": "",
      "head_lb": 195.6583771104362,
      "head_ub": 224.3416228895638
    },
    "4": {
      "demand_a": 0.10459987384035507,
      "demand_b": 0.11999994108545264,
      "demand_lb": 1e-06,
      "head_a": 207.94792620547187,
      "head_a_tag": "",
      "head_b": 207.94792620547187,
      "head_b_tag": "",
      "head_lb": 194.40450298777,
      "head_ub": 225.59549701223
    },
    "5": {
      "demand_a": 0.32751702268353194,
      "demand_b": 0.26999999163361366,
      "demand_lb": 1e-06,
      "head_a": 207.9001497454185,
      "head_a_tag": "",
      "head_b": 207.90793480783523,
      "head_b_tag": "",
      "head_lb": 194.28361303052068,
      "head_ub": 225.71638696947932
    },
    "6": {
      "demand_a": 0.3711843944495359,
      "demand_b": 0.3300000489181426,
      "demand_lb": 1e-06,
      "head_a": 207.8145897126694,
      "head_a_tag": "",
      "head_b": 207.81458988020344,
      "head_b_tag": "",
      "head_lb": 193.56687411412554,
      "head_ub": 226.43312588587446
    }
  },
  "metadata": {
    "DEMAND_LB": 1e-06,
    "DEMAND_RESTRICTION_MODE": null,
    "DEVIATION_ALPHA": null,
    "FIX_TOTAL_DEMAND": true,
    "GLOBAL_SOLVER": null,
    "HEADLOSS_MODEL": "hw",
    "MEASUREMENT_HEADS_EQUAL_ONLY": true,
    "MEASUREMENT_SITES": [
      "4",
      "6"
    ],
    "MULTI_STARTS": 1,
    "MULTI_START_NOISE": 0.05,
    "MULTI_START_NOISE_REL": 0.25,
    "NORM": 2.0,
    "OUTPUT_DIR": "data/Alperovits/4e13e1d6",
    "PIPE_BOUNDS": true,
    "RADIUS_TO_FIXED": null,
    "SCENARIO": "base",
    "SCENARIO_FILE": "scenario/Alperovits/base.json",
    "SOLVER": "Hexaly_xd",
    "USE_RESERVOIR_OUTFLOW_CONSTRAINT": false,
    "WDN": "Alperovits",
    "WDN_NAME": "Alperovits",
    "output_dir": "data/Alperovits/4e13e1d6/4_6",
    "timestamp": "20260421-175340"
  },
  "output_dir": "data/Alperovits/4e13e1d6/4_6",
  "pipes": {
    "1": {
      "flow_a": 1.1200000047683716,
      "flow_a_tag": "lb",
      "flow_b": 1.1200000047683716,
      "flow_b_tag": "lb",
      "flow_lb": 1.1200000047683716,
      "flow_ub": 1.1200000047683716,
      "headloss_res_a": -10.660510326434622,
      "headloss_res_b": -10.660510326434622
    },
    "2": {
      "flow_a": 0.44622185826301575,
      "flow_a_tag": "lb",
      "flow_b": 0.45453552748451337,
      "flow_b_tag": "",
      "flow_lb": 0.44622185826301575,
      "flow_ub": 0.4613533318042755,
      "headloss_res_a": -1.6550966131500497,
      "headloss_res_b": -1.7181683755607775
    },
    "3": {
      "flow_a": 0.5654644929469497,
      "flow_a_tag": "",
      "flow_b": 0.5654645071798,
      "flow_b_tag": "",
      "flow_lb": 0.5568748712539673,
      "flow_ub": 0.5840606689453125,
      "headloss_res_a": -2.673965369011694,
      "headloss_res_b": -2.673965526345598
    },
    "4": {
      "flow_a": 0.16816721856594086,
      "flow_a_tag": "ub",
      "flow_b": 0.1527674166555256,
      "flow_b_tag": "",
      "flow_lb": 0.13911864161491394,
      "flow_ub": 0.16816721856594086,
      "headloss_res_a": -0.22864883262456714,
      "headloss_res_b": -0.18812503171978484
    },
    "5": {
      "flow_a": 0.29269740054065374,
      "flow_a_tag": "",
      "flow_b": 0.2926971494388218,
      "flow_b_tag": "",
      "flow_lb": 0.27015259861946106,
      "flow_ub": 0.3175203204154968,
      "headloss_res_a": -0.704063256867164,
      "headloss_res_b": -0.704061987610029
    },
    "6": {
      "flow_a": 0.07848699390888214,
      "flow_a_tag": "ub",
      "flow_b": 0.037302899479320833,
      "flow_b_tag": "",
      "flow_lb": 0.012323553673923016,
      "flow_ub": 0.07848699390888214,
      "headloss_res_a": -0.04856354741151106,
      "headloss_res_b": -0.010663568765918861
    },
    "7": {
      "flow_a": 0.3721927898070222,
      "flow_a_tag": "",
      "flow_b": 0.3545355051735863,
      "flow_b_tag": "",
      "flow_lb": 0.3455483019351959,
      "flow_ub": 0.3750304579734802,
      "headloss_res_a": -1.1459712889391185,
      "headloss_res_b": -1.0384549772418006
    },
    "8": {
      "flow_a": 0.2128429856894311,
      "flow_a_tag": "",
      "flow_b": 0.23730293019549817,
      "flow_b_tag": "",
      "flow_lb": 0.211703360080719,
      "flow_ub": 0.2591662108898163,
      "headloss_res_a": -0.36889573987214813,
      "headloss_res_b": -0.46002178694671836
    }
  },
  "summary": {
    "flow_at_bounds": {
      "a_lb": 2,
      "a_ub": 2,
      "b_lb": 1,
      "b_ub": 0
    },
    "head_at_bounds": {
      "a_lb": 0,
      "a_ub": 0,
      "b_lb": 0,
      "b_ub": 0
    },
    "head_bounds_count": 6,
    "junction_count": 6,
    "min_demand_slack_a": 0.07402806845599355,
    "min_demand_slack_b": 0.09999897010405814,
    "pipe_count": 8,
    "total_demand_a": 1.1200000047683716,
    "total_demand_b": 1.1200000047683716,
    "total_demand_res_a": 0.0,
    "total_demand_res_b": 0.0,
    "total_demand_target": 1.1200000047683716
  }
}