{
  "best_bound": null,
  "demands_a": {
    "1": 0.13435599178054897,
    "2": 0.10831365355840616,
    "3": 0.07402906845599355,
    "4": 0.10459987384035507,
    "5": 0.32751702268353194,
    "6": 0.3711843944495359,
    "7": -1.1200000047683716
  },
  "demands_b": {
    "1": 0.20000003071617733,
    "2": 0.09999997010405814,
    "3": 0.10000002231092708,
    "4": 0.11999994108545264,
    "5": 0.26999999163361366,
    "6": 0.3300000489181426,
    "7": -1.1200000047683716
  },
  "flows_a": {
    "1": 1.1200000047683716,
    "2": 0.44622185826301575,
    "3": 0.5654644929469497,
    "4": 0.16816721856594086,
    "5": 0.29269740054065374,
    "6": 0.07848699390888214,
    "7": 0.3721927898070222,
    "8": 0.2128429856894311
  },
  "flows_b": {
    "1": 1.1200000047683716,
    "2": 0.45453552748451337,
    "3": 0.5654645071798,
    "4": 0.1527674166555256,
    "5": 0.2926971494388218,
    "6": 0.037302899479320833,
    "7": 0.3545355051735863,
    "8": 0.23730293019549817
  },
  "heads_a": {
    "1": 207.82623919597648,
    "2": 208.3993620394407,
    "3": 208.1082169379594,
    "4": 207.94792620547187,
    "5": 207.9001497454185,
    "6": 207.8145897126694,
    "7": 210.0
  },
  "heads_b": {
    "1": 207.81752760692427,
    "2": 208.3993620394407,
    "3": 208.098091298063,
    "4": 207.94792620547187,
    "5": 207.90793480783523,
    "6": 207.81458988020344,
    "7": 210.0
  },
  "max_violation": 0.0,
  "min_demand_viol": 0.07402806845599355,
  "norm": 2.0,
  "objective": 0.010294268873296465,
  "p": 2,
  "radius": 0.10146067648747699,
  "solver_status": "HxSolutionStatus.OPTIMAL"
}