{
  "junctions": {
    "1": {
      "demand_a": 0.13321639925223877,
      "demand_b": 0.20000002160668046,
      "demand_lb": 1e-06,
      "head_a": 207.8347553444029,
      "head_a_tag": "",
      "head_b": 207.81752766203104,
      "head_b_tag": "",
      "head_lb": 193.62708714484413,
      "head_ub": 226.37291285515587
    },
    "2": {
      "demand_a": 0.11360010642005713,
      "demand_b": 0.0999999642372269,
      "demand_lb": 1e-06,
      "head_a": 208.3993620394407,
      "head_a_tag": "",
      "head_b": 208.3993620394407,
      "head_b_tag": "",
      "head_lb": 197.73885171300606,
      "head_ub": 222.26114828699394
    },
    "3": {
      "demand_a": 0.08161444346324798,
      "demand_b": 0.10000002384186052,
      "demand_lb": 1e-06,
      "head_a": 208.1082169234596,
      "head_a_tag": "",
      "head_b": 208.09809129587057,
      "head_b_tag": "",
      "head_lb": 195.6583771104362,
      "head_ub": 224.3416228895638
    },
    "4": {
      "demand_a": 0.10018105687986545,
      "demand_b": 0.11999998986720839,
      "demand_lb": 1e-06,
      "head_a": 207.95571129621894,
      "head_a_tag": "",
      "head_b": 207.94792618511343,
      "head_b_tag": "",
      "head_lb": 194.40450298777,
      "head_ub": 225.59549701223
    },
    "5": {
      "demand_a": 0.32107125604453346,
      "demand_b": 0.26999999582766787,
      "demand_lb": 1e-06,
      "head_a": 207.90793480487528,
      "head_a_tag": "",
      "head_b": 207.90793480487525,
      "head_b_tag": "",
      "head_lb": 194.28361303052068,
      "head_ub": 225.71638696947932
    },
    "6": {
      "demand_a": 0.3703167427084287,
      "demand_b": 0.3300000093877274,
      "demand_lb": 1e-06,
      "head_a": 207.82310586462816,
      "head_a_tag": "",
      "head_b": 207.81458994978968,
      "head_b_tag": "",
      "head_lb": 193.56687411412554,
      "head_ub": 226.43312588587446
    }
  },
  "metadata": {
    "DEMAND_LB": 1e-06,
    "DEMAND_RESTRICTION_MODE": null,
    "DEVIATION_ALPHA": null,
    "FIX_TOTAL_DEMAND": true,
    "GLOBAL_SOLVER": null,
    "HEADLOSS_MODEL": "hw",
    "MEASUREMENT_HEADS_EQUAL_ONLY": true,
    "MEASUREMENT_SITES": [
      "2",
      "5"
    ],
    "MULTI_STARTS": 1,
    "MULTI_START_NOISE": 0.05,
    "MULTI_START_NOISE_REL": 0.25,
    "NORM": 2.0,
    "OUTPUT_DIR": "data/Alperovits/4e13e1d6",
    "PIPE_BOUNDS": true,
    "RADIUS_TO_FIXED": null,
    "SCENARIO": "base",
    "SCENARIO_FILE": "scenario/Alperovits/base.json",
    "SOLVER": "Hexaly_xd",
    "USE_RESERVOIR_OUTFLOW_CONSTRAINT": false,
    "WDN": "Alperovits",
    "WDN_NAME": "Alperovits",
    "output_dir": "data/Alperovits/4e13e1d6/2_5",
    "timestamp": "20260421-175340"
  },
  "output_dir": "data/Alperovits/4e13e1d6/2_5",
  "pipes": {
    "1": {
      "flow_a": 1.1200000047683716,
      "flow_a_tag": "lb",
      "flow_b": 1.1200000047683716,
      "flow_b_tag": "lb",
      "flow_lb": 1.1200000047683716,
      "flow_ub": 1.1200000047683716,
      "headloss_res_a": -10.660510326434622,
      "headloss_res_b": -10.660510326434622
    },
    "2": {
      "flow_a": 0.44622187027661375,
      "flow_a_tag": "lb",
      "flow_b": 0.45453552708630474,
      "flow_b_tag": "",
      "flow_lb": 0.44622185826301575,
      "flow_ub": 0.4613533318042755,
      "headloss_res_a": -1.6550967034472757,
      "headloss_res_b": -1.7181683698299821
    },
    "3": {
      "flow_a": 0.5601780280717006,
      "flow_a_tag": "",
      "flow_b": 0.56546451344484,
      "flow_b_tag": "",
      "flow_lb": 0.5568748712539673,
      "flow_ub": 0.5840606689453125,
      "headloss_res_a": -2.62358556629768,
      "headloss_res_b": -2.6739655752426597
    },
    "4": {
      "flow_a": 0.1681672097349515,
      "flow_a_tag": "ub",
      "flow_b": 0.152767443602187,
      "flow_b_tag": "",
      "flow_lb": 0.13911864161491394,
      "flow_ub": 0.16816721856594086,
      "headloss_res_a": -0.2286487723023614,
      "headloss_res_b": -0.18812512959321911
    },
    "5": {
      "flow_a": 0.2918297614568836,
      "flow_a_tag": "",
      "flow_b": 0.29269707997544453,
      "flow_b_tag": "",
      "flow_lb": 0.27015259861946106,
      "flow_ub": 0.3175203204154968,
      "headloss_res_a": -0.6998370900137196,
      "headloss_res_b": -0.704061680089216
    },
    "6": {
      "flow_a": 0.07848698125154506,
      "flow_a_tag": "ub",
      "flow_b": 0.03730292941228288,
      "flow_b_tag": "",
      "flow_lb": 0.012323553673923016,
      "flow_ub": 0.07848699390888214,
      "headloss_res_a": -0.04856353152313659,
      "headloss_res_b": -0.010663605073568373
    },
    "7": {
      "flow_a": 0.3646074268133658,
      "flow_a_tag": "",
      "flow_b": 0.3545355032444442,
      "flow_b_tag": "",
      "flow_lb": 0.3455483019351959,
      "flow_ub": 0.3750304579734802,
      "headloss_res_a": -1.09912761968623,
      "headloss_res_b": -1.038454963103701
    },
    "8": {
      "flow_a": 0.21170338050378382,
      "flow_a_tag": "lb",
      "flow_b": 0.23730295101896334,
      "flow_b_tag": "",
      "flow_lb": 0.211703360080719,
      "flow_ub": 0.2591662108898163,
      "headloss_res_a": -0.36489777084091984,
      "headloss_res_b": -0.46002194161437326
    }
  },
  "summary": {
    "flow_at_bounds": {
      "a_lb": 3,
      "a_ub": 2,
      "b_lb": 1,
      "b_ub": 0
    },
    "head_at_bounds": {
      "a_lb": 0,
      "a_ub": 0,
      "b_lb": 0,
      "b_ub": 0
    },
    "head_bounds_count": 6,
    "junction_count": 6,
    "min_demand_slack_a": 0.08161344346324798,
    "min_demand_slack_b": 0.0999989642372269,
    "pipe_count": 8,
    "total_demand_a": 1.1200000047683716,
    "total_demand_b": 1.1200000047683714,
    "total_demand_res_a": 0.0,
    "total_demand_res_b": -2.220446049250313e-16,
    "total_demand_target": 1.1200000047683716
  }
}