{
  "best_bound": null,
  "demands_a": {
    "1": 0.13321639925223877,
    "2": 0.11360010642005713,
    "3": 0.08161444346324798,
    "4": 0.10018105687986545,
    "5": 0.32107125604453346,
    "6": 0.3703167427084287,
    "7": -1.1200000047683716
  },
  "demands_b": {
    "1": 0.20000002160668046,
    "2": 0.0999999642372269,
    "3": 0.10000002384186052,
    "4": 0.11999998986720839,
    "5": 0.26999999582766787,
    "6": 0.3300000093877274,
    "7": -1.1200000047683714
  },
  "flows_a": {
    "1": 1.1200000047683716,
    "2": 0.44622187027661375,
    "3": 0.5601780280717006,
    "4": 0.1681672097349515,
    "5": 0.2918297614568836,
    "6": 0.07848698125154506,
    "7": 0.3646074268133658,
    "8": 0.21170338050378382
  },
  "flows_b": {
    "1": 1.1200000047683716,
    "2": 0.45453552708630474,
    "3": 0.56546451344484,
    "4": 0.152767443602187,
    "5": 0.29269707997544453,
    "6": 0.03730292941228288,
    "7": 0.3545355032444442,
    "8": 0.23730295101896334
  },
  "heads_a": {
    "1": 207.8347553444029,
    "2": 208.3993620394407,
    "3": 208.1082169234596,
    "4": 207.95571129621894,
    "5": 207.90793480487528,
    "6": 207.82310586462816,
    "7": 210.0
  },
  "heads_b": {
    "1": 207.81752766203104,
    "2": 208.3993620394407,
    "3": 208.09809129587057,
    "4": 207.94792618511343,
    "5": 207.90793480487525,
    "6": 207.81458994978968,
    "7": 210.0
  },
  "max_violation": 0.0,
  "min_demand_viol": 0.08161344346324798,
  "norm": 2.0,
  "objective": 0.009609548358580437,
  "p": 2,
  "radius": 0.09802830386465144,
  "solver_status": "HxSolutionStatus.OPTIMAL"
}