{
  "junctions": {
    "1": {
      "demand_a": 0.1383198591571949,
      "demand_b": 0.1723848065429238,
      "demand_lb": 1e-06,
      "head_a": 207.80006567712164,
      "head_a_tag": "",
      "head_b": 207.8011795102033,
      "head_b_tag": "",
      "head_lb": 192.50486793246043,
      "head_ub": 227.49513206753957
    },
    "2": {
      "demand_a": 0.12554680809599472,
      "demand_b": 0.057612034604587414,
      "demand_lb": 1e-06,
      "head_a": 208.3993620394407,
      "head_a_tag": "",
      "head_b": 208.3993620394407,
      "head_b_tag": "",
      "head_lb": 197.73885171300606,
      "head_ub": 222.26114828699394
    },
    "3": {
      "demand_a": 0.12516460414823727,
      "demand_b": 1.0234948724652249e-06,
      "demand_lb": 1e-06,
      "head_a": 208.11019234563219,
      "head_a_tag": "",
      "head_b": 208.11019234563219,
      "head_b_tag": "",
      "head_lb": 195.4480958089859,
      "head_ub": 224.5519041910141
    },
    "4": {
      "demand_a": 0.06603654499181877,
      "demand_b": 0.2663374191649397,
      "demand_lb": 1e-06,
      "head_a": 207.97071388970733,
      "head_a_tag": "",
      "head_b": 207.86750350556707,
      "head_b_tag": "",
      "head_lb": 193.65759424996153,
      "head_ub": 226.34240575003847
    },
    "5": {
      "demand_a": 0.10083640061766502,
      "demand_b": 0.5056282439399764,
      "demand_lb": 1e-06,
      "head_a": 207.95343794017577,
      "head_a_tag": "",
      "head_b": 207.8210238847101,
      "head_b_tag": "",
      "head_lb": 193.51611954073178,
      "head_ub": 226.48388045926822
    },
    "6": {
      "demand_a": 0.5640957877574609,
      "demand_b": 0.11803647702107171,
      "demand_lb": 1e-06,
      "head_a": 207.7473399526531,
      "head_a_tag": "",
      "head_b": 207.81004901060095,
      "head_b_tag": "",
      "head_lb": 192.19739489998213,
      "head_ub": 227.80260510001787
    }
  },
  "metadata": {
    "DEMAND_INTERVALS": false,
    "DEMAND_LB": 1e-06,
    "FIX_TOTAL_DEMAND": true,
    "GLOBAL_SOLVER": "couenne",
    "HEADLOSS_MODEL": "hw",
    "MEASUREMENT_HEADS_EQUAL_ONLY": true,
    "MEASUREMENT_SITES": [
      "3"
    ],
    "MULTI_STARTS": 10,
    "MULTI_START_NOISE": 0.05,
    "NORM": 2,
    "PIPE_BOUNDS": true,
    "PIPE_BOUND_METHOD": "perturb",
    "PIPE_BOUND_PERTURB_BASE": "base",
    "PIPE_BOUND_PERTURB_FIX_TOTAL": true,
    "PIPE_BOUND_PERTURB_SAMPLES": 25,
    "PIPE_BOUND_PERTURB_SEED": 1,
    "PIPE_BOUND_PERTURB_SIGMA": 0.4,
    "PIPE_BOUND_POLICY": "minmax",
    "PIPE_BOUND_SAFENESS": 0.85,
    "RADIUS": true,
    "SCENARIO_SOURCE": "base",
    "SINGLE_NODE_SOLUTION": false,
    "SOLVER": "hexaly_xd",
    "USE_RESERVOIR_OUTFLOW_CONSTRAINT": false,
    "WDN_NAME": "Alperovits",
    "output_dir": "data/Alperovits-B-batch-20260401-112551/3",
    "timestamp": "20260401-112551"
  },
  "output_dir": "data/Alperovits-B-batch-20260401-112551/3",
  "pipes": {
    "1": {
      "flow_a": 1.1200000047683716,
      "flow_a_tag": "lb",
      "flow_b": 1.1200000047683716,
      "flow_b_tag": "lb",
      "flow_lb": 1.1200000047683716,
      "flow_ub": 1.1200000047683716,
      "headloss_res_a": -10.660510326434622,
      "headloss_res_b": -10.660510326434622
    },
    "2": {
      "flow_a": 0.4445845267544282,
      "flow_a_tag": "",
      "flow_b": 0.44458452675442883,
      "flow_b_tag": "",
      "flow_lb": 0.41987699270248413,
      "flow_ub": 0.4841075539588928,
      "headloss_res_a": -1.6428154512936015,
      "headloss_res_b": -1.642815451293607
    },
    "3": {
      "flow_a": 0.5498686699179487,
      "flow_a_tag": "",
      "flow_b": 0.6178034434093552,
      "flow_b_tag": "",
      "flow_lb": 0.5331490635871887,
      "flow_ub": 0.6461739540100098,
      "headloss_res_a": -2.5267299221356216,
      "headloss_res_b": -3.1988880066785703
    },
    "4": {
      "flow_a": 0.09709644859566842,
      "flow_a_tag": "lb",
      "flow_b": 0.16568680742170566,
      "flow_b_tag": "",
      "flow_lb": 0.09709644317626953,
      "flow_ub": 0.20990444719791412,
      "headloss_res_a": -0.07487541844423072,
      "headloss_res_b": -0.22185144467813173
    },
    "5": {
      "flow_a": 0.3867356763304615,
      "flow_a_tag": "ub",
      "flow_b": 0.1857792168227099,
      "flow_b_tag": "lb",
      "flow_lb": 0.18577921390533447,
      "flow_ub": 0.3867356777191162,
      "headloss_res_a": -1.2385459395142666,
      "headloss_res_b": -0.2799022139330051
    },
    "6": {
      "flow_a": 0.17736011142699942,
      "flow_a_tag": "ub",
      "flow_b": -0.06774273980163818,
      "flow_b_tag": "lb",
      "flow_lb": -0.0677427425980568,
      "flow_ub": 0.17736011743545532,
      "headloss_res_a": -0.2547472871771499,
      "headloss_res_b": 0.03598650656766094
    },
    "7": {
      "flow_a": 0.31941992260619095,
      "flow_a_tag": "lb",
      "flow_b": 0.44458350325955637,
      "flow_b_tag": "ub",
      "flow_lb": 0.3194199204444885,
      "flow_ub": 0.4445835053920746,
      "headloss_res_a": -0.8405301561852998,
      "headloss_res_b": -1.6428077887979429
    },
    "8": {
      "flow_a": 0.31567997058419434,
      "flow_a_tag": "",
      "flow_b": 0.10464206674128561,
      "flow_b_tag": "lb",
      "flow_lb": 0.10464206337928772,
      "flow_ub": 0.32164889574050903,
      "headloss_res_a": -0.8206954554888638,
      "headloss_res_b": -0.08718616462971715
    }
  },
  "summary": {
    "flow_at_bounds": {
      "a_lb": 3,
      "a_ub": 2,
      "b_lb": 4,
      "b_ub": 1
    },
    "head_at_bounds": {
      "a_lb": 0,
      "a_ub": 0,
      "b_lb": 0,
      "b_ub": 0
    },
    "head_bounds_count": 6,
    "junction_count": 6,
    "min_demand_slack_a": 0.06603554499181877,
    "min_demand_slack_b": 2.3494872465224904e-08,
    "pipe_count": 8,
    "total_demand_a": 1.1200000047683716,
    "total_demand_b": 1.1200000047683714,
    "total_demand_res_a": 0.0,
    "total_demand_res_b": -2.220446049250313e-16,
    "total_demand_target": 1.1200000047683716
  }
}