{
  "best_bound": null,
  "demands_a": {
    "1": 0.1383198591571949,
    "2": 0.12554680809599472,
    "3": 0.12516460414823727,
    "4": 0.06603654499181877,
    "5": 0.10083640061766502,
    "6": 0.5640957877574609,
    "7": -1.1200000047683716
  },
  "demands_b": {
    "1": 0.1723848065429238,
    "2": 0.057612034604587414,
    "3": 1.0234948724652249e-06,
    "4": 0.2663374191649397,
    "5": 0.5056282439399764,
    "6": 0.11803647702107171,
    "7": -1.1200000047683714
  },
  "flows_a": {
    "1": 1.1200000047683716,
    "2": 0.4445845267544282,
    "3": 0.5498686699179487,
    "4": 0.09709644859566842,
    "5": 0.3867356763304615,
    "6": 0.17736011142699942,
    "7": 0.31941992260619095,
    "8": 0.31567997058419434
  },
  "flows_b": {
    "1": 1.1200000047683716,
    "2": 0.44458452675442883,
    "3": 0.6178034434093552,
    "4": 0.16568680742170566,
    "5": 0.1857792168227099,
    "6": -0.06774273980163818,
    "7": 0.44458350325955637,
    "8": 0.10464206674128561
  },
  "heads_a": {
    "1": 207.80006567712164,
    "2": 208.3993620394407,
    "3": 208.11019234563219,
    "4": 207.97071388970733,
    "5": 207.95343794017577,
    "6": 207.7473399526531,
    "7": 210.0
  },
  "heads_b": {
    "1": 207.8011795102033,
    "2": 208.3993620394407,
    "3": 208.11019234563219,
    "4": 207.86750350556707,
    "5": 207.8210238847101,
    "6": 207.81004901060095,
    "7": 210.0
  },
  "max_violation": 0.0,
  "min_demand_viol": 2.3494872465224904e-08,
  "norm": 2,
  "objective": 0.4243872613211064,
  "p": 1,
  "radius": 0.6514501218981438,
  "solver_status": "HxSolutionStatus.OPTIMAL"
}