{
  "junctions": {
    "1": {
      "demand_a": 0.15946829948505037,
      "demand_b": 0.22811900227624876,
      "demand_lb": 1e-06,
      "head_a": 207.82189964926607,
      "head_a_tag": "",
      "head_b": 207.81035075599706,
      "head_b_tag": "",
      "head_lb": 193.75525106874858,
      "head_ub": 226.24474893125142
    },
    "2": {
      "demand_a": 0.10410437929607008,
      "demand_b": 0.09674331074640108,
      "demand_lb": 1e-06,
      "head_a": 208.3993620394407,
      "head_a_tag": "",
      "head_b": 208.3993620394407,
      "head_b_tag": "",
      "head_lb": 197.73885171300606,
      "head_ub": 222.26114828699394
    },
    "3": {
      "demand_a": 0.08286954005660851,
      "demand_b": 0.10772868817650222,
      "demand_lb": 1e-06,
      "head_a": 208.1042483661689,
      "head_a_tag": "",
      "head_b": 208.0952355122293,
      "head_b_tag": "",
      "head_lb": 195.68327867730858,
      "head_ub": 224.31672132269142
    },
    "4": {
      "demand_a": 0.1128009558602121,
      "demand_b": 0.12436851486658407,
      "demand_lb": 1e-06,
      "head_a": 207.9465424460459,
      "head_a_tag": "",
      "head_b": 207.9465424460459,
      "head_b_tag": "",
      "head_lb": 194.4912311103774,
      "head_ub": 225.5087688896226
    },
    "5": {
      "demand_a": 0.3065787546388272,
      "demand_b": 0.24306889053830455,
      "demand_lb": 1e-06,
      "head_a": 207.90190752397743,
      "head_a_tag": "",
      "head_b": 207.91041526064885,
      "head_b_tag": "",
      "head_lb": 194.3694387645554,
      "head_ub": 225.6305612354446
    },
    "6": {
      "demand_a": 0.3541780754316033,
      "demand_b": 0.31997159816433085,
      "demand_lb": 1e-06,
      "head_a": 207.8142179973432,
      "head_a_tag": "",
      "head_b": 207.8091940657922,
      "head_b_tag": "",
      "head_lb": 193.71684621726888,
      "head_ub": 226.28315378273112
    }
  },
  "metadata": {
    "DEMAND_INTERVALS": false,
    "DEMAND_LB": 1e-06,
    "FIX_TOTAL_DEMAND": true,
    "GLOBAL_SOLVER": "couenne",
    "HEADLOSS_MODEL": "hw",
    "MEASUREMENT_HEADS_EQUAL_ONLY": true,
    "MEASUREMENT_SITES": [
      "4"
    ],
    "MULTI_STARTS": 10,
    "MULTI_START_NOISE": 0.05,
    "NORM": 2,
    "PIPE_BOUNDS": true,
    "PIPE_BOUND_METHOD": "perturb",
    "PIPE_BOUND_PERTURB_BASE": "base",
    "PIPE_BOUND_PERTURB_FIX_TOTAL": true,
    "PIPE_BOUND_PERTURB_SAMPLES": 25,
    "PIPE_BOUND_PERTURB_SEED": 1,
    "PIPE_BOUND_PERTURB_SIGMA": 0.06,
    "PIPE_BOUND_POLICY": "minmax",
    "PIPE_BOUND_SAFENESS": 0.85,
    "RADIUS": true,
    "SCENARIO_SOURCE": "base",
    "SINGLE_NODE_SOLUTION": false,
    "SOLVER": "hexaly_xd",
    "USE_RESERVOIR_OUTFLOW_CONSTRAINT": false,
    "WDN_NAME": "Alperovits",
    "output_dir": "data/Alperovits-B-batch-20260401-112441/4",
    "timestamp": "20260401-112441"
  },
  "output_dir": "data/Alperovits-B-batch-20260401-112441/4",
  "pipes": {
    "1": {
      "flow_a": 1.1200000047683716,
      "flow_a_tag": "lb",
      "flow_b": 1.1200000047683716,
      "flow_b_tag": "lb",
      "flow_lb": 1.1200000047683716,
      "flow_ub": 1.1200000047683716,
      "headloss_res_a": -10.660510326434622,
      "headloss_res_b": -10.660510326434622
    },
    "2": {
      "flow_a": 0.4494958790931782,
      "flow_a_tag": "",
      "flow_b": 0.4568569476428454,
      "flow_b_tag": "",
      "flow_lb": 0.4494941532611847,
      "flow_ub": 0.4585840106010437,
      "headloss_res_a": -1.6797927616536859,
      "headloss_res_b": -1.7359927683543281
    },
    "3": {
      "flow_a": 0.5663997463791234,
      "flow_a_tag": "",
      "flow_b": 0.566399746379125,
      "flow_b_tag": "",
      "flow_lb": 0.5602670907974243,
      "flow_ub": 0.5764147639274597,
      "headloss_res_a": -2.68292871194209,
      "headloss_res_b": -2.6829287119421084
    },
    "4": {
      "flow_a": 0.16210308485285405,
      "flow_a_tag": "ub",
      "flow_b": 0.14461098831220734,
      "flow_b_tag": "lb",
      "flow_lb": 0.14461097121238708,
      "flow_ub": 0.1621031016111374,
      "headloss_res_a": -0.21221394537529947,
      "headloss_res_b": -0.16828071824973248
    },
    "5": {
      "flow_a": 0.2914957056660572,
      "flow_a_tag": "",
      "flow_b": 0.29742024320033367,
      "flow_b_tag": "",
      "flow_lb": 0.2794540822505951,
      "flow_ub": 0.3076257109642029,
      "headloss_res_a": -0.6982133796728525,
      "headloss_res_b": -0.7272932555216115
    },
    "6": {
      "flow_a": 0.06268236976554609,
      "flow_a_tag": "ub",
      "flow_b": 0.022551354963997183,
      "flow_b_tag": "lb",
      "flow_lb": 0.022551340982317924,
      "flow_ub": 0.0626823827624321,
      "headloss_res_a": -0.030723183630707772,
      "headloss_res_b": -0.003814271044523372
    },
    "7": {
      "flow_a": 0.36662633903656966,
      "flow_a_tag": "ub",
      "flow_b": 0.3491282594663432,
      "flow_b_tag": "lb",
      "flow_lb": 0.34912824630737305,
      "flow_ub": 0.3666263520717621,
      "headloss_res_a": -1.11149897713604,
      "headloss_res_b": -1.0066003416106146
    },
    "8": {
      "flow_a": 0.22215066925059646,
      "flow_a_tag": "lb",
      "flow_b": 0.25067035724024594,
      "flow_b_tag": "ub",
      "flow_lb": 0.22215065360069275,
      "flow_ub": 0.2506703734397888,
      "headloss_res_a": -0.4023732965334428,
      "headloss_res_b": -0.5141231117714575
    }
  },
  "summary": {
    "flow_at_bounds": {
      "a_lb": 2,
      "a_ub": 3,
      "b_lb": 4,
      "b_ub": 1
    },
    "head_at_bounds": {
      "a_lb": 0,
      "a_ub": 0,
      "b_lb": 0,
      "b_ub": 0
    },
    "head_bounds_count": 6,
    "junction_count": 6,
    "min_demand_slack_a": 0.08286854005660851,
    "min_demand_slack_b": 0.09674231074640108,
    "pipe_count": 8,
    "total_demand_a": 1.1200000047683716,
    "total_demand_b": 1.1200000047683716,
    "total_demand_res_a": 0.0,
    "total_demand_res_b": 0.0,
    "total_demand_target": 1.1200000047683716
  }
}