{
  "best_bound": null,
  "demands_a": {
    "1": 0.15946829948505037,
    "2": 0.10410437929607008,
    "3": 0.08286954005660851,
    "4": 0.1128009558602121,
    "5": 0.3065787546388272,
    "6": 0.3541780754316033,
    "7": -1.1200000047683716
  },
  "demands_b": {
    "1": 0.22811900227624876,
    "2": 0.09674331074640108,
    "3": 0.10772868817650222,
    "4": 0.12436851486658407,
    "5": 0.24306889053830455,
    "6": 0.31997159816433085,
    "7": -1.1200000047683716
  },
  "flows_a": {
    "1": 1.1200000047683716,
    "2": 0.4494958790931782,
    "3": 0.5663997463791234,
    "4": 0.16210308485285405,
    "5": 0.2914957056660572,
    "6": 0.06268236976554609,
    "7": 0.36662633903656966,
    "8": 0.22215066925059646
  },
  "flows_b": {
    "1": 1.1200000047683716,
    "2": 0.4568569476428454,
    "3": 0.566399746379125,
    "4": 0.14461098831220734,
    "5": 0.29742024320033367,
    "6": 0.022551354963997183,
    "7": 0.3491282594663432,
    "8": 0.25067035724024594
  },
  "heads_a": {
    "1": 207.82189964926607,
    "2": 208.3993620394407,
    "3": 208.1042483661689,
    "4": 207.9465424460459,
    "5": 207.90190752397743,
    "6": 207.8142179973432,
    "7": 210.0
  },
  "heads_b": {
    "1": 207.81035075599706,
    "2": 208.3993620394407,
    "3": 208.0952355122293,
    "4": 207.9465424460459,
    "5": 207.91041526064885,
    "6": 207.8091940657922,
    "7": 210.0
  },
  "max_violation": 0.0,
  "min_demand_viol": 0.08286854005660851,
  "norm": 2,
  "objective": 0.010722475915634376,
  "p": 1,
  "radius": 0.10354938877479855,
  "solver_status": "HxSolutionStatus.OPTIMAL"
}