{
  "junctions": {
    "1": {
      "demand_a": 0.13321639198441543,
      "demand_b": 0.20000002160669386,
      "demand_lb": 1e-06,
      "head_a": 207.82623942908722,
      "head_a_tag": "",
      "head_b": 207.81752766203095,
      "head_b_tag": "",
      "head_lb": 193.62708714484413,
      "head_ub": 226.37291285515587
    },
    "2": {
      "demand_a": 0.10781952534017192,
      "demand_b": 0.09999996423719493,
      "demand_lb": 1e-06,
      "head_a": 208.3993620394407,
      "head_a_tag": "",
      "head_b": 208.3993620394407,
      "head_b_tag": "",
      "head_lb": 197.73885171300606,
      "head_ub": 222.26114828699394
    },
    "3": {
      "demand_a": 0.07332372484083138,
      "demand_b": 0.10000002384185097,
      "demand_lb": 1e-06,
      "head_a": 208.10821692544798,
      "head_a_tag": "",
      "head_b": 208.09809129587055,
      "head_b_tag": "",
      "head_lb": 195.6583771104362,
      "head_ub": 224.3416228895638
    },
    "4": {
      "demand_a": 0.10596165401941121,
      "demand_b": 0.119999989867212,
      "demand_lb": 1e-06,
      "head_a": 207.94719537283234,
      "head_a_tag": "",
      "head_b": 207.94792618511337,
      "head_b_tag": "",
      "head_lb": 194.40450298777,
      "head_ub": 225.59549701223
    },
    "5": {
      "demand_a": 0.3293619779573172,
      "demand_b": 0.269999995827677,
      "demand_lb": 1e-06,
      "head_a": 207.89941888371308,
      "head_a_tag": "",
      "head_b": 207.9079348048752,
      "head_b_tag": "",
      "head_lb": 194.28361303052068,
      "head_ub": 225.71638696947932
    },
    "6": {
      "demand_a": 0.37031673062622444,
      "demand_b": 0.33000000938774293,
      "demand_lb": 1e-06,
      "head_a": 207.81458994978954,
      "head_a_tag": "",
      "head_b": 207.81458994978956,
      "head_b_tag": "",
      "head_lb": 193.56687411412554,
      "head_ub": 226.43312588587446
    }
  },
  "metadata": {
    "DEMAND_LB": 1e-06,
    "DEMAND_RESTRICTION_MODE": null,
    "DEVIATION_ALPHA": null,
    "FIX_TOTAL_DEMAND": true,
    "GLOBAL_SOLVER": null,
    "HEADLOSS_MODEL": "hw",
    "MEASUREMENT_HEADS_EQUAL_ONLY": true,
    "MEASUREMENT_SITES": [
      "2",
      "6"
    ],
    "MULTI_STARTS": 1,
    "MULTI_START_NOISE": 0.05,
    "MULTI_START_NOISE_REL": 0.25,
    "NORM": 2.0,
    "OUTPUT_DIR": "data/Alperovits/4e13e1d6",
    "PIPE_BOUNDS": true,
    "RADIUS_TO_FIXED": null,
    "SCENARIO": "base",
    "SCENARIO_FILE": "scenario/Alperovits/base.json",
    "SOLVER": "Hexaly_xd",
    "USE_RESERVOIR_OUTFLOW_CONSTRAINT": false,
    "WDN": "Alperovits",
    "WDN_NAME": "Alperovits",
    "output_dir": "data/Alperovits/4e13e1d6/2_6",
    "timestamp": "20260421-175340"
  },
  "output_dir": "data/Alperovits/4e13e1d6/2_6",
  "pipes": {
    "1": {
      "flow_a": 1.1200000047683716,
      "flow_a_tag": "lb",
      "flow_b": 1.1200000047683716,
      "flow_b_tag": "lb",
      "flow_lb": 1.1200000047683716,
      "flow_ub": 1.1200000047683716,
      "headloss_res_a": -10.660510326434622,
      "headloss_res_b": -10.660510326434622
    },
    "2": {
      "flow_a": 0.446221868617582,
      "flow_a_tag": "lb",
      "flow_b": 0.4545355270863125,
      "flow_b_tag": "",
      "flow_lb": 0.44622185826301575,
      "flow_ub": 0.4613533318042755,
      "headloss_res_a": -1.6550966909635887,
      "headloss_res_b": -1.718168369830023
    },
    "3": {
      "flow_a": 0.5659586108106177,
      "flow_a_tag": "",
      "flow_b": 0.5654645134448643,
      "flow_b_tag": "",
      "flow_lb": 0.5568748712539673,
      "flow_ub": 0.5840606689453125,
      "headloss_res_a": -2.6786990396864074,
      "headloss_res_b": -2.673965575242871
    },
    "4": {
      "flow_a": 0.1681672054957929,
      "flow_a_tag": "ub",
      "flow_b": 0.15276744360218036,
      "flow_b_tag": "",
      "flow_lb": 0.13911864161491394,
      "flow_ub": 0.16816721856594086,
      "headloss_res_a": -0.22864876059050354,
      "headloss_res_b": -0.18812512959319933
    },
    "5": {
      "flow_a": 0.2918297512954136,
      "flow_a_tag": "",
      "flow_b": 0.2926970799754719,
      "flow_b_tag": "",
      "flow_lb": 0.27015259861946106,
      "flow_ub": 0.3175203204154968,
      "headloss_res_a": -0.6998370405906359,
      "headloss_res_b": -0.7040616800893157
    },
    "6": {
      "flow_a": 0.07848697933081082,
      "flow_a_tag": "ub",
      "flow_b": 0.037302929412271035,
      "flow_b_tag": "",
      "flow_lb": 0.012323553673923016,
      "flow_ub": 0.07848699390888214,
      "headloss_res_a": -0.04856352905312812,
      "headloss_res_b": -0.010663605073531313
    },
    "7": {
      "flow_a": 0.3728981437767506,
      "flow_a_tag": "",
      "flow_b": 0.35453550324446154,
      "flow_b_tag": "",
      "flow_lb": 0.3455483019351959,
      "flow_ub": 0.3750304579734802,
      "headloss_res_a": -1.1503774625008771,
      "headloss_res_b": -1.0384549631037925
    },
    "8": {
      "flow_a": 0.21170337131522626,
      "flow_a_tag": "lb",
      "flow_b": 0.2373029510189649,
      "flow_b_tag": "",
      "flow_lb": 0.211703360080719,
      "flow_ub": 0.2591662108898163,
      "headloss_res_a": -0.36489773865972236,
      "headloss_res_b": -0.46002194161435206
    }
  },
  "summary": {
    "flow_at_bounds": {
      "a_lb": 3,
      "a_ub": 2,
      "b_lb": 1,
      "b_ub": 0
    },
    "head_at_bounds": {
      "a_lb": 0,
      "a_ub": 0,
      "b_lb": 0,
      "b_ub": 0
    },
    "head_bounds_count": 6,
    "junction_count": 6,
    "min_demand_slack_a": 0.07332272484083138,
    "min_demand_slack_b": 0.09999896423719493,
    "pipe_count": 8,
    "total_demand_a": 1.1200000047683716,
    "total_demand_b": 1.1200000047683718,
    "total_demand_res_a": 0.0,
    "total_demand_res_b": 2.220446049250313e-16,
    "total_demand_target": 1.1200000047683716
  }
}