{
  "demands_a": {
    "1": 0.2636404220154187,
    "2": -0.08676894433963911,
    "3": 0.23174783331179322,
    "4": 0.04767974397559849,
    "5": 0.15341824219160882,
    "6": 0.649856785735952,
    "7": -1.259574082890732
  },
  "demands_b": {
    "1": -0.2636404220154187,
    "2": 0.08676894433963911,
    "3": -0.23174783331179322,
    "4": -0.04767974397559849,
    "5": -0.15341824219160882,
    "6": -0.649856785735952,
    "7": 1.259574082890732
  },
  "flows_a": {
    "1": 1.2595740828907322,
    "2": 0.585160846614477,
    "3": 0.7611821806158943,
    "4": 0.20268616079523988,
    "5": 0.5108162758450558,
    "6": 0.1390405098908961,
    "7": 0.35341301330268377,
    "8": 0.4026809319063148
  },
  "flows_b": {
    "1": -1.2595740828907322,
    "2": -0.585160846614477,
    "3": -0.7611821806158943,
    "4": -0.20268616079523988,
    "5": -0.5108162758450558,
    "6": -0.1390405098908961,
    "7": -0.35341301330268377,
    "8": -0.4026809319063148
  },
  "heads_a": {
    "1": 207.09503173828125,
    "2": 207.99772853191007,
    "3": 207.5240055344652,
    "4": 207.35865783691406,
    "5": 207.35740808348882,
    "6": 207.06900024414062,
    "7": 210.0
  },
  "heads_b": {
    "1": 207.09503173828125,
    "2": 208.00772853191006,
    "3": 207.5340055344652,
    "4": 207.35865783691406,
    "5": 207.3674080834888,
    "6": 207.06900024414062,
    "7": 210.0
  },
  "max_violation": 0.0,
  "min_demand_viol": -0.08676894433963911,
  "norm": 2,
  "p": 3,
  "radius": 1.5216655835718949
}