{
  "best_radius": 1.5216655835718949,
  "norm": 2,
  "runs": [
    {
      "max_violation": 0.0,
      "min_demand_viol": 0.026625622099764767,
      "radius": 1.358801720034629,
      "run": 0,
      "start_flows": {
        "1": 1.2815567346722234,
        "2": 0.505654569273064,
        "3": 0.6951903973155601,
        "4": 0.1178494231595856,
        "5": 0.41827761895028187,
        "6": 0.13925124210342255,
        "7": 0.4790289471732992,
        "8": 0.4502576867187811
      },
      "start_heads": {
        "1": 207.08409215508462,
        "2": 207.9297180233659,
        "3": 207.52515253410039,
        "4": 207.3274941137872,
        "5": 207.33798119771507,
        "6": 206.95274870540868,
        "7": 209.93770445263735
      },
      "success": false
    },
    {
      "max_violation": 0.0,
      "min_demand_viol": 0.0028947448504869633,
      "radius": 1.4302257234671438,
      "run": 1,
      "start_flows": {
        "1": 1.2386568558823812,
        "2": 0.4850468632947636,
        "3": 0.6473542569749383,
        "4": 0.13318594412064025,
        "5": 0.4971867560804713,
        "6": 0.11474475621074659,
        "7": 0.48215211844427663,
        "8": 0.3696439048879883
      },
      "start_heads": {
        "1": 207.0721454469979,
        "2": 207.9824802886609,
        "3": 207.63359711673527,
        "4": 207.3633584518021,
        "5": 207.29873993628001,
        "6": 207.0229139753277,
        "7": 210.0110097561735
      },
      "success": false
    },
    {
      "max_violation": 0.0,
      "min_demand_viol": 0.05976727402779358,
      "radius": 1.3538062461183167,
      "run": 2,
      "start_flows": {
        "1": 1.224789314440617,
        "2": 0.5018010336940434,
        "3": 0.6552080142976721,
        "4": 0.139646696536224,
        "5": 0.45579404373365445,
        "6": 0.1389401248099444,
        "7": 0.38113751444587535,
        "8": 0.3964229568776805
      },
      "start_heads": {
        "1": 207.13409730831629,
        "2": 208.00410355865932,
        "3": 207.66309516491373,
        "4": 207.29570456030885,
        "5": 207.41161108748466,
        "6": 207.13629401532975,
        "7": 210.01322278151648
      },
      "success": false
    },
    {
      "max_violation": 0.0,
      "min_demand_viol": -0.08676894433963911,
      "radius": 1.5216655835718949,
      "run": 3,
      "start_flows": {
        "1": 1.2595740828907322,
        "2": 0.585160846614477,
        "3": 0.7611821806158943,
        "4": 0.20268616079523988,
        "5": 0.5108162758450558,
        "6": 0.1390405098908961,
        "7": 0.35341301330268377,
        "8": 0.4026809319063148
      },
      "start_heads": {
        "1": 207.03582583994339,
        "2": 207.99772853191007,
        "3": 207.5240055344652,
        "4": 207.37841393992315,
        "5": 207.35740808348882,
        "6": 207.10380238033878,
        "7": 209.96691487139805
      },
      "success": false
    },
    {
      "max_violation": 0.0,
      "min_demand_viol": -0.03923287180791257,
      "radius": 1.4304520452861735,
      "run": 4,
      "start_flows": {
        "1": 1.2534484612603927,
        "2": 0.4537697170489859,
        "3": 0.7501376586499027,
        "4": 0.08780888087982602,
        "5": 0.4615095690813475,
        "6": 0.1082428620842521,
        "7": 0.49300258885689846,
        "8": 0.4689216879164109
      },
      "start_heads": {
        "1": 207.06413638604587,
        "2": 207.99657241629748,
        "3": 207.47824811362037,
        "4": 207.36125928562706,
        "5": 207.37009920828655,
        "6": 207.11919832293273,
        "7": 210.0911005681664
      },
      "success": false
    },
    {
      "max_violation": 0.0,
      "min_demand_viol": 0.02014349957092354,
      "radius": 1.4778394189091482,
      "run": 5,
      "start_flows": {
        "1": 1.209248675116889,
        "2": 0.47918341134686815,
        "3": 0.7099217641990971,
        "4": 0.1150571479931992,
        "5": 0.5451807167906002,
        "6": 0.1305974489835716,
        "7": 0.38216924040718103,
        "8": 0.38402546330067855
      },
      "start_heads": {
        "1": 207.05730144871825,
        "2": 207.9103474792753,
        "3": 207.52453959933337,
        "4": 207.39017841145247,
        "5": 207.36497318936836,
        "6": 207.1337281851127,
        "7": 210.0844553726222
      },
      "success": false
    },
    {
      "max_violation": 0.0,
      "min_demand_viol": 0.028390639412995577,
      "radius": 1.405871991410288,
      "run": 6,
      "start_flows": {
        "1": 1.2609008382271203,
        "2": 0.5909802263798585,
        "3": 0.6415299724342661,
        "4": 0.07583025268481985,
        "5": 0.45755035618627077,
        "6": 0.17274414360142193,
        "7": 0.4218794237525596,
        "8": 0.37362719735615213
      },
      "start_heads": {
        "1": 207.04131349536982,
        "2": 207.8978437994524,
        "3": 207.5183475969068,
        "4": 207.38379197940782,
        "5": 207.38540055041202,
        "6": 207.06078551450935,
        "7": 210.0436521076311
      },
      "success": false
    },
    {
      "max_violation": 0.0,
      "min_demand_viol": 0.02027172616260925,
      "radius": 1.359465289871023,
      "run": 7,
      "start_flows": {
        "1": 1.211250526381825,
        "2": 0.47660640768466545,
        "3": 0.6942201574704009,
        "4": 9.735862320402189e-05,
        "5": 0.4643795674866527,
        "6": 0.09208944753747314,
        "7": 0.41929292979068306,
        "8": 0.39911856225127784
      },
      "start_heads": {
        "1": 207.13721837139641,
        "2": 207.97501050490845,
        "3": 207.62313220448803,
        "4": 207.32073934936915,
        "5": 207.4069639998633,
        "6": 207.105304933588,
        "7": 210.05824319905554
      },
      "success": false
    },
    {
      "max_violation": 0.0,
      "min_demand_viol": -0.031868696864499724,
      "radius": 1.374171696156874,
      "run": 8,
      "start_flows": {
        "1": 1.3146496347028471,
        "2": 0.5544637464665587,
        "3": 0.6669489453305403,
        "4": 0.041265724752447,
        "5": 0.43830883260648673,
        "6": 0.08269575734911302,
        "7": 0.34269185649102163,
        "8": 0.41582627810796835
      },
      "start_heads": {
        "1": 207.1611546117696,
        "2": 207.93647731244886,
        "3": 207.53693338575212,
        "4": 207.30650778291047,
        "5": 207.34933575273317,
        "6": 207.08693384159915,
        "7": 209.9993042665738
      },
      "success": false
    },
    {
      "max_violation": 0.0,
      "min_demand_viol": 0.007891725098412683,
      "radius": 1.50536995980195,
      "run": 9,
      "start_flows": {
        "1": 1.327362211578195,
        "2": 0.5823730537762553,
        "3": 0.7206775466008806,
        "4": -0.005660778011915099,
        "5": 0.5064952735685084,
        "6": 0.13815248977038044,
        "7": 0.4350175125594597,
        "8": 0.4214650094491319
      },
      "start_heads": {
        "1": 207.0548451458552,
        "2": 207.9840426431698,
        "3": 207.6043943186653,
        "4": 207.34071217148713,
        "5": 207.24083313382891,
        "6": 207.06355450774527,
        "7": 210.0540081706269
      },
      "success": false
    }
  ],
  "unique_local_optima": 10
}