{
  "best_bound": null,
  "demands_a": {
    "1": 0.29357228920731665,
    "2": 0.0776811161005122,
    "3": 0.13184310594102228,
    "4": 0.13745314379033513,
    "5": 0.18283210641242909,
    "6": 0.29661824331675624,
    "7": -1.1200000047683716
  },
  "demands_b": {
    "1": 0.06700353310287804,
    "2": 0.1098437591051602,
    "3": 0.04101009594112426,
    "4": 0.09492198527370233,
    "5": 0.39835795872574586,
    "6": 0.4088626726197609,
    "7": -1.1200000047683716
  },
  "flows_a": {
    "1": 1.1200000047683716,
    "2": 0.46853514697801685,
    "3": 0.5737837416898425,
    "4": 0.12524232652525544,
    "5": 0.31108827137425193,
    "6": -0.01447002805749571,
    "7": 0.33669204103699457,
    "8": 0.27910226114982095
  },
  "flows_b": {
    "1": 1.1200000047683716,
    "2": 0.4383656465116173,
    "3": 0.571790599151594,
    "4": 0.1827933901000376,
    "5": 0.2940752237778541,
    "6": 0.11478744884190678,
    "7": 0.39735555057049304,
    "8": 0.18179098194478482
  },
  "heads_a": {
    "1": 207.785774010989,
    "2": 208.3993620394407,
    "3": 208.0806812834002,
    "4": 207.93554887811564,
    "5": 207.90786821962635,
    "6": 207.78628255741282,
    "7": 210.0
  },
  "heads_b": {
    "1": 207.82758109141105,
    "2": 208.3993620394407,
    "3": 208.11763887894548,
    "4": 207.9385282925669,
    "5": 207.88277222270858,
    "6": 207.80402703197163,
    "7": 210.0
  },
  "max_violation": 0.0,
  "min_demand_viol": 0.04100909594112426,
  "norm": 2,
  "objective": 0.12147757692310439,
  "p": 0,
  "radius": 0.34853633515475024,
  "solver_status": "HxSolutionStatus.OPTIMAL"
}