{
  "best_radius": 0.3332801534885772,
  "runs": [
    {
      "max_violation": 0.0,
      "min_demand_viol": -7.419268588382266e-09,
      "radius": 0.33328015333338057,
      "run": 0,
      "start_flows": {
        "1": 1.281556735838798,
        "2": 0.4996600990710002,
        "3": 0.6987322555727304,
        "4": 0.09982336588553233,
        "5": 0.4132610852259651,
        "6": 0.13925124210342255,
        "7": 0.48597994572269343,
        "8": 0.4504296835896592
      },
      "start_heads": {
        "1": 207.08409215508462,
        "2": 207.9297180233659,
        "3": 207.53391215398676,
        "4": 207.32100112680567,
        "5": 207.3381869044361,
        "6": 206.95274870540868,
        "7": 209.93770445263735
      },
      "success": true
    },
    {
      "max_violation": 0.0,
      "min_demand_viol": -7.4453614939962165e-09,
      "radius": 0.3332801533671402,
      "run": 1,
      "start_flows": {
        "1": 1.2386568570489558,
        "2": 0.4790523930926998,
        "3": 0.6508961152321087,
        "4": 0.11515988684658698,
        "5": 0.49217022235615454,
        "6": 0.11474475621074659,
        "7": 0.48910311699367087,
        "8": 0.3698159017588664
      },
      "start_heads": {
        "1": 207.0721454469979,
        "2": 207.9824802886609,
        "3": 207.64235673662165,
        "4": 207.35686546482057,
        "5": 207.29894564300105,
        "6": 207.0229139753277,
        "7": 210.0110097561735
      },
      "success": true
    },
    {
      "max_violation": 0.0,
      "min_demand_viol": -7.45290568149315e-09,
      "radius": 0.3332801534885772,
      "run": 2,
      "start_flows": {
        "1": 1.2247893156071916,
        "2": 0.49580656349197966,
        "3": 0.6587498725548424,
        "4": 0.12162063926217072,
        "5": 0.4507775100093377,
        "6": 0.1389401248099444,
        "7": 0.3880885129952696,
        "8": 0.3965949537485586
      },
      "start_heads": {
        "1": 207.13409730831629,
        "2": 208.00410355865932,
        "3": 207.6718547848001,
        "4": 207.28921157332732,
        "5": 207.4118167942057,
        "6": 207.13629401532975,
        "7": 210.01322278151648
      },
      "success": true
    },
    {
      "max_violation": 0.0,
      "min_demand_viol": -6.7964339711679145e-09,
      "radius": 0.3332801533720433,
      "run": 3,
      "start_flows": {
        "1": 1.2595740840573069,
        "2": 0.5791663764124132,
        "3": 0.7647240388730646,
        "4": 0.1846601035211866,
        "5": 0.5057997421207392,
        "6": 0.1390405098908961,
        "7": 0.360364011852078,
        "8": 0.4028529287771929
      },
      "start_heads": {
        "1": 207.03582583994339,
        "2": 207.99772853191007,
        "3": 207.53276515435158,
        "4": 207.37192095294162,
        "5": 207.35761379020985,
        "6": 207.10380238033878,
        "7": 209.96691487139805
      },
      "success": true
    },
    {
      "max_violation": 0.0,
      "min_demand_viol": -7.4202998745498405e-09,
      "radius": 0.33328015334745326,
      "run": 4,
      "start_flows": {
        "1": 1.2534484624269673,
        "2": 0.4477752468469221,
        "3": 0.753679516907073,
        "4": 0.06978282360577275,
        "5": 0.45649303535703073,
        "6": 0.1082428620842521,
        "7": 0.4999535874062927,
        "8": 0.469093684787289
      },
      "start_heads": {
        "1": 207.06413638604587,
        "2": 207.99657241629748,
        "3": 207.48700773350674,
        "4": 207.35476629864553,
        "5": 207.37030491500758,
        "6": 207.11919832293273,
        "7": 210.0911005681664
      },
      "success": true
    },
    {
      "max_violation": 0.0,
      "min_demand_viol": -7.445652761006727e-09,
      "radius": 0.33328015336769273,
      "run": 5,
      "start_flows": {
        "1": 1.2092486762834636,
        "2": 0.47318894114480436,
        "3": 0.7134636224562675,
        "4": 0.09703109071914592,
        "5": 0.5401641830662834,
        "6": 0.1305974489835716,
        "7": 0.3891202389565752,
        "8": 0.38419746017155665
      },
      "start_heads": {
        "1": 207.05730144871825,
        "2": 207.9103474792753,
        "3": 207.53329921921974,
        "4": 207.38368542447094,
        "5": 207.3651788960894,
        "6": 207.1337281851127,
        "7": 210.0844553726222
      },
      "success": true
    },
    {
      "max_violation": 0.0,
      "min_demand_viol": -7.4467085831031454e-09,
      "radius": 0.33328015336934436,
      "run": 6,
      "start_flows": {
        "1": 1.260900839393695,
        "2": 0.5849857561777947,
        "3": 0.6450718306914365,
        "4": 0.05780419541076658,
        "5": 0.452533822461954,
        "6": 0.17274414360142193,
        "7": 0.4288304223019538,
        "8": 0.37379919422703023
      },
      "start_heads": {
        "1": 207.04131349536982,
        "2": 207.8978437994524,
        "3": 207.52710721679318,
        "4": 207.3772989924263,
        "5": 207.38560625713305,
        "6": 207.06078551450935,
        "7": 210.0436521076311
      },
      "success": true
    },
    {
      "max_violation": 0.0,
      "min_demand_viol": -7.3767971731086845e-09,
      "radius": 0.3332801532585475,
      "run": 7,
      "start_flows": {
        "1": 1.2112505275483996,
        "2": 0.47061193748260166,
        "3": 0.6977620157275712,
        "4": -0.017928698650849256,
        "5": 0.45936303376233595,
        "6": 0.09208944753747314,
        "7": 0.4262439283400773,
        "8": 0.39929055912215594
      },
      "start_heads": {
        "1": 207.13721837139641,
        "2": 207.97501050490845,
        "3": 207.6318918243744,
        "4": 207.31424636238762,
        "5": 207.40716970658434,
        "6": 207.105304933588,
        "7": 210.05824319905554
      },
      "success": true
    },
    {
      "max_violation": 0.0,
      "min_demand_viol": -7.43886718890252e-09,
      "radius": 0.3332801534028263,
      "run": 8,
      "start_flows": {
        "1": 1.3146496358694217,
        "2": 0.5484692762644949,
        "3": 0.6704908035877106,
        "4": 0.02323966747839372,
        "5": 0.43329229888216997,
        "6": 0.08269575734911302,
        "7": 0.3496428550404159,
        "8": 0.41599827497884645
      },
      "start_heads": {
        "1": 207.1611546117696,
        "2": 207.93647731244886,
        "3": 207.5456930056385,
        "4": 207.30001479592894,
        "5": 207.3495414594542,
        "6": 207.08693384159915,
        "7": 209.9993042665738
      },
      "success": true
    },
    {
      "max_violation": 0.0,
      "min_demand_viol": -7.444558136615598e-09,
      "radius": 0.3332801533656186,
      "run": 9,
      "start_flows": {
        "1": 1.3273622127447695,
        "2": 0.5763785835741915,
        "3": 0.7242194048580509,
        "4": -0.023686835285968377,
        "5": 0.5014787398441917,
        "6": 0.13815248977038044,
        "7": 0.44196851110885393,
        "8": 0.42163700632001
      },
      "start_heads": {
        "1": 207.0548451458552,
        "2": 207.9840426431698,
        "3": 207.61315393855168,
        "4": 207.3342191845056,
        "5": 207.24103884054995,
        "6": 207.06355450774527,
        "7": 210.0540081706269
      },
      "success": true
    }
  ],
  "unique_local_optima": 1
}