{
  "demands_a": {
    "1": 0.2819041460752486,
    "2": 0.09331956991327384,
    "3": 0.08548539876937788,
    "4": 0.26644342443095137,
    "5": -7.45290568149315e-09,
    "6": 0.5481176918816075,
    "7": -1.2752702236175537
  },
  "demands_b": {
    "1": 0.2819041460752459,
    "2": 0.12397581569277838,
    "3": 0.08548539876937733,
    "4": -6.935822249864998e-09,
    "5": 0.19321275535073607,
    "6": 0.5906921146652374,
    "7": -1.2752702236175528
  },
  "flows_a": {
    "1": 1.2752702236175535,
    "2": 0.5062653422355652,
    "3": 0.6756853114687146,
    "4": -0.01770431548589599,
    "5": 0.42694620252365917,
    "6": 0.12117148935794839,
    "7": 0.4207799434661873,
    "8": 0.40307563543319697
  },
  "flows_b": {
    "1": 1.2752702236175528,
    "2": 0.506265342235565,
    "3": 0.6450290656892095,
    "4": 0.17550844731774512,
    "5": 0.4695206253072866,
    "6": 0.12117148935795076,
    "7": 0.42077994346618763,
    "8": 0.40307563543319663
  },
  "heads_a": {
    "1": 207.09503173828125,
    "2": 207.96490478515625,
    "3": 207.59718322753906,
    "4": 207.33555840143416,
    "5": 207.33612060546875,
    "6": 207.06900024414062,
    "7": 210.0
  },
  "heads_b": {
    "1": 207.09503173828125,
    "2": 207.96490478515625,
    "3": 207.59718322753906,
    "4": 207.3913705394901,
    "5": 207.33612060546875,
    "6": 207.06900024414062,
    "7": 210.0
  },
  "max_violation": 0.0,
  "min_demand_viol": -7.45290568149315e-09,
  "radius": 0.3332801534885772
}