{
  "demands_a": {
    "1": 0.1447110343517294,
    "2": 0.0038323683994461177,
    "3": 0.1078251224427087,
    "4": 0.11586787714774394,
    "5": 0.40918115432797436,
    "6": 0.49385266694795127,
    "7": -1.275270223617554
  },
  "demands_b": {
    "1": 0.34738381473938057,
    "2": 0.0021667911439646748,
    "3": 0.14495169113210182,
    "4": 0.2284431747309652,
    "5": 0.2326513638304759,
    "6": 0.31967338804066553,
    "7": -1.2752702236175537
  },
  "flows_a": {
    "1": 1.2752702236175537,
    "2": 0.5656651714677672,
    "3": 0.7057726837503405,
    "4": 0.21316837446845402,
    "5": 0.37673643213414254,
    "6": 0.11711623481380876,
    "7": 0.4578400490250585,
    "8": 0.26182726916553817
  },
  "flows_b": {
    "1": 1.2752702236175537,
    "2": 0.5656651979374849,
    "3": 0.7074382345361041,
    "4": 0.12968588651290777,
    "5": 0.3493091732922311,
    "6": -0.029635785251565593,
    "7": 0.4207135068053831,
    "8": 0.317748029487815
  },
  "heads_a": {
    "1": 207.09503173828125,
    "2": 207.96490478515625,
    "3": 207.50583197087178,
    "4": 207.27826260918798,
    "5": 207.1967581703576,
    "6": 207.07071348345795,
    "7": 210.0
  },
  "heads_b": {
    "1": 207.09503173828125,
    "2": 207.96490478515625,
    "3": 207.5058319283033,
    "4": 207.27501797567862,
    "5": 207.24485173857983,
    "6": 207.0965888904085,
    "7": 210.0
  },
  "max_violation": 8.530576800502843e-10,
  "min_demand_viol": 0.0021667911439646748,
  "radius": 0.34151397909896286
}