{
  "junctions": {
    "10": {
      "demand_a": 0.011068722761777339,
      "demand_b": 0.00823941661292378,
      "demand_lb": 1e-06,
      "head_a": 98.66775724861216,
      "head_a_tag": "",
      "head_b": 98.66775724861216,
      "head_b_tag": "",
      "head_lb": 86.59928162241783,
      "head_ub": 113.40071837758217
    },
    "11": {
      "demand_a": 0.002378144614701941,
      "demand_b": 0.006536231229928323,
      "demand_lb": 1e-06,
      "head_a": 98.58225912005923,
      "head_a_tag": "",
      "head_b": 98.58225912005923,
      "head_b_tag": "",
      "head_lb": 85.54316009208108,
      "head_ub": 114.45683990791892
    },
    "12": {
      "demand_a": 0.014228261699290964,
      "demand_b": 0.00704161761204293,
      "demand_lb": 1e-06,
      "head_a": 98.45955425073187,
      "head_a_tag": "",
      "head_b": 98.48414933330098,
      "head_b_tag": "",
      "head_lb": 84.33481739251032,
      "head_ub": 115.66518260748968
    },
    "13": {
      "demand_a": 0.008009312297958664,
      "demand_b": 0.015898272301955833,
      "demand_lb": 1e-06,
      "head_a": 98.26659217525037,
      "head_a_tag": "",
      "head_b": 98.23990727820873,
      "head_b_tag": "",
      "head_lb": 82.05642023912475,
      "head_ub": 117.94357976087525
    },
    "14": {
      "demand_a": 0.006597813370953203,
      "demand_b": 0.010601648745375968,
      "demand_lb": 1e-06,
      "head_a": 98.09040894005544,
      "head_a_tag": "",
      "head_b": 98.00318871396348,
      "head_b_tag": "",
      "head_lb": 78.36141323779582,
      "head_ub": 121.63858676220418
    },
    "15": {
      "demand_a": 0.010988483392910812,
      "demand_b": 0.007460316497143307,
      "demand_lb": 1e-06,
      "head_a": 99.09898567414311,
      "head_a_tag": "",
      "head_b": 99.10235231453267,
      "head_b_tag": "",
      "head_lb": 91.7092797959201,
      "head_ub": 108.2907202040799
    },
    "16": {
      "demand_a": 0.008641517588181796,
      "demand_b": 0.006044370772408759,
      "demand_lb": 1e-06,
      "head_a": 98.13833053087109,
      "head_a_tag": "",
      "head_b": 98.12225343955517,
      "head_b_tag": "",
      "head_lb": 80.45195379991088,
      "head_ub": 119.54804620008912
    },
    "17": {
      "demand_a": 0.006708237184183535,
      "demand_b": 0.00406717651835716,
      "demand_lb": 1e-06,
      "head_a": 97.92943672637165,
      "head_a_tag": "",
      "head_b": 97.94068133980831,
      "head_b_tag": "",
      "head_lb": 76.27685648606263,
      "head_ub": 123.72314351393737
    },
    "18": {
      "demand_a": 0.0014963762441932218,
      "demand_b": 0.003454519424166084,
      "demand_lb": 1e-06,
      "head_a": 99.05650863796907,
      "head_a_tag": "",
      "head_b": 99.05058966255781,
      "head_b_tag": "",
      "head_lb": 91.21616132819784,
      "head_ub": 108.78383867180216
    },
    "19": {
      "demand_a": 0.0028217604407694934,
      "demand_b": 0.005753739936740342,
      "demand_lb": 1e-06,
      "head_a": 98.54359008867274,
      "head_a_tag": "",
      "head_b": 98.52487163673297,
      "head_b_tag": "",
      "head_lb": 85.09107641733966,
      "head_ub": 114.90892358266034
    },
    "20": {
      "demand_a": 0.004704920390468943,
      "demand_b": 0.0008020922613723828,
      "demand_lb": 1e-06,
      "head_a": 98.25856042076758,
      "head_a_tag": "",
      "head_b": 98.2463403034456,
      "head_b_tag": "",
      "head_lb": 81.95592940539649,
      "head_ub": 118.04407059460351
    },
    "21": {
      "demand_a": 0.008049673078035353,
      "demand_b": 0.012298622195890827,
      "demand_lb": 1e-06,
      "head_a": 98.13247336192333,
      "head_a_tag": "",
      "head_b": 98.10604930227731,
      "head_b_tag": "",
      "head_lb": 80.29368313429404,
      "head_ub": 119.70631686570596
    },
    "22": {
      "demand_a": 0.003949458082416946,
      "demand_b": 0.005444164282554967,
      "demand_lb": 1e-06,
      "head_a": 97.89343272069678,
      "head_a_tag": "",
      "head_b": 97.82715145369457,
      "head_b_tag": "",
      "head_lb": 75.36701637652837,
      "head_ub": 124.63298362347163
    },
    "23": {
      "demand_a": 0.002508475340955805,
      "demand_b": 0.00154629336754304,
      "demand_lb": 1e-06,
      "head_a": 98.90970890576716,
      "head_a_tag": "",
      "head_b": 98.92423838188247,
      "head_b_tag": "",
      "head_lb": 89.28563267090023,
      "head_ub": 110.71436732909977
    },
    "24": {
      "demand_a": 0.004619733782878036,
      "demand_b": 0.003717838074049607,
      "demand_lb": 1e-06,
      "head_a": 98.52767638620425,
      "head_a_tag": "",
      "head_b": 98.51812119642204,
      "head_b_tag": "",
      "head_lb": 84.91835360074052,
      "head_ub": 115.08164639925948
    },
    "25": {
      "demand_a": 0.002206178371925144,
      "demand_b": 0.003804523416805573,
      "demand_lb": 1e-06,
      "head_a": 98.2480976377734,
      "head_a_tag": "",
      "head_b": 98.21870878359857,
      "head_b_tag": "",
      "head_lb": 81.56952160812698,
      "head_ub": 118.43047839187302
    },
    "26": {
      "demand_a": 0.002969911967850919,
      "demand_b": 0.001074248561630063,
      "demand_lb": 1e-06,
      "head_a": 98.09179291315225,
      "head_a_tag": "",
      "head_b": 98.0955763135064,
      "head_b_tag": "",
      "head_lb": 79.74597586422558,
      "head_ub": 120.25402413577442
    },
    "3": {
      "demand_a": 0.01124899373868074,
      "demand_b": 0.01738810756191561,
      "demand_lb": 1e-06,
      "head_a": 99.86548845892499,
      "head_a_tag": "",
      "head_b": 99.86548845892499,
      "head_b_tag": "",
      "head_lb": 98.86528131212901,
      "head_ub": 101.13471868787099
    },
    "4": {
      "demand_a": 0.011269081026693425,
      "demand_b": 1.0354143212820688e-06,
      "demand_lb": 1e-06,
      "head_a": 99.54822461300846,
      "head_a_tag": "",
      "head_b": 99.57428353952483,
      "head_b_tag": "",
      "head_lb": 96.22023709746742,
      "head_ub": 103.77976290253258
    },
    "5": {
      "demand_a": 0.005021529191331912,
      "demand_b": 0.0034475004761360013,
      "demand_lb": 1e-06,
      "head_a": 99.48462522318394,
      "head_a_tag": "",
      "head_b": 99.51068347706905,
      "head_b_tag": "",
      "head_lb": 95.64820714338538,
      "head_ub": 104.35179285661462
    },
    "6": {
      "demand_a": 0.0030968747102522905,
      "demand_b": 0.0041693360310627765,
      "demand_lb": 1e-06,
      "head_a": 99.04757983898024,
      "head_a_tag": "",
      "head_b": 99.02662679130997,
      "head_b_tag": "",
      "head_lb": 89.48828179556567,
      "head_ub": 110.51171820443433
    },
    "7": {
      "demand_a": 0.0012959630545477593,
      "demand_b": 0.0036111888938725745,
      "demand_lb": 1e-06,
      "head_a": 98.59335804810217,
      "head_a_tag": "",
      "head_b": 98.54041516305844,
      "head_b_tag": "",
      "head_lb": 83.45901484936377,
      "head_ub": 116.54098515063623
    },
    "8": {
      "demand_a": 0.009527371756798431,
      "demand_b": 0.002703233285867416,
      "demand_lb": 1e-06,
      "head_a": 98.23613033142414,
      "head_a_tag": "",
      "head_b": 98.2434067677078,
      "head_b_tag": "",
      "head_lb": 81.64697482475928,
      "head_ub": 118.35302517524072
    },
    "9": {
      "demand_a": 0.0035932057930340433,
      "demand_b": 0.011894506406726083,
      "demand_lb": 1e-06,
      "head_a": 99.18440339829607,
      "head_a_tag": "",
      "head_b": 99.17188323298001,
      "head_b_tag": "",
      "head_lb": 92.48894338194484,
      "head_ub": 107.51105661805516
    }
  },
  "metadata": {
    "DEMAND_LB": 1e-06,
    "DEMAND_RESTRICTION_MODE": null,
    "DEVIATION_ALPHA": null,
    "FIX_TOTAL_DEMAND": true,
    "GLOBAL_SOLVER": null,
    "HEADLOSS_MODEL": "hw",
    "MEASUREMENT_HEADS_EQUAL_ONLY": true,
    "MEASUREMENT_SITES": [
      "10",
      "11"
    ],
    "MULTI_STARTS": 1,
    "MULTI_START_NOISE": 0.05,
    "MULTI_START_NOISE_REL": 0.25,
    "NORM": 2.0,