{
  "junctions": {
    "10": {
      "demand_a": 0.004065796053979248,
      "demand_b": 0.012286327097883853,
      "demand_lb": 1e-06,
      "head_a": 98.67455120052283,
      "head_a_tag": "",
      "head_b": 98.65467306901856,
      "head_b_tag": "",
      "head_lb": 86.59928162241783,
      "head_ub": 113.40071837758217
    },
    "11": {
      "demand_a": 0.01100385801529015,
      "demand_b": 0.002176020848658436,
      "demand_lb": 1e-06,
      "head_a": 98.5699946627846,
      "head_a_tag": "",
      "head_b": 98.56999466278461,
      "head_b_tag": "",
      "head_lb": 85.54316009208108,
      "head_ub": 114.45683990791892
    },
    "12": {
      "demand_a": 0.007041562460148084,
      "demand_b": 0.014228307430418575,
      "demand_lb": 1e-06,
      "head_a": 98.47188503522422,
      "head_a_tag": "",
      "head_b": 98.44728960054655,
      "head_b_tag": "",
      "head_lb": 84.33481739251032,
      "head_ub": 115.66518260748968
    },
    "13": {
      "demand_a": 0.015898819031027876,
      "demand_b": 0.0072896892417247065,
      "demand_lb": 1e-06,
      "head_a": 98.22764250230692,
      "head_a_tag": "",
      "head_b": 98.25432776058241,
      "head_b_tag": "",
      "head_lb": 82.05642023912475,
      "head_ub": 117.94357976087525
    },
    "14": {
      "demand_a": 0.010601645509858443,
      "demand_b": 0.006597840302647557,
      "demand_lb": 1e-06,
      "head_a": 97.99092336316158,
      "head_a_tag": "",
      "head_b": 98.07814333961178,
      "head_b_tag": "",
      "head_lb": 78.36141323779582,
      "head_ub": 121.63858676220418
    },
    "15": {
      "demand_a": 0.007460328238161727,
      "demand_b": 0.0109884687335608,
      "demand_lb": 1e-06,
      "head_a": 99.11487170396069,
      "head_a_tag": "",
      "head_b": 99.09898506944108,
      "head_b_tag": "",
      "head_lb": 91.7092797959201,
      "head_ub": 108.2907202040799
    },
    "16": {
      "demand_a": 0.006043860209902606,
      "demand_b": 0.00936111359252711,
      "demand_lb": 1e-06,
      "head_a": 98.10999946556677,
      "head_a_tag": "",
      "head_b": 98.11077207168276,
      "head_b_tag": "",
      "head_lb": 80.45195379991088,
      "head_ub": 119.54804620008912
    },
    "17": {
      "demand_a": 0.004067410551310224,
      "demand_b": 0.006472884530752879,
      "demand_lb": 1e-06,
      "head_a": 97.9284145805007,
      "head_a_tag": "",
      "head_b": 97.91717052069481,
      "head_b_tag": "",
      "head_lb": 76.27685648606263,
      "head_ub": 123.72314351393737
    },
    "18": {
      "demand_a": 0.0034544938106460376,
      "demand_b": 0.001496350222377929,
      "demand_lb": 1e-06,
      "head_a": 99.0631090438144,
      "head_a_tag": "",
      "head_b": 99.0565080145157,
      "head_b_tag": "",
      "head_lb": 91.21616132819784,
      "head_ub": 108.78383867180216
    },
    "19": {
      "demand_a": 0.005140019708013269,
      "demand_b": 0.0028482657145284633,
      "demand_lb": 1e-06,
      "head_a": 98.53166504277193,
      "head_a_tag": "",
      "head_b": 98.5305066035443,
      "head_b_tag": "",
      "head_lb": 85.09107641733966,
      "head_ub": 114.90892358266034
    },
    "20": {
      "demand_a": 0.0014165315408052014,
      "demand_b": 0.0039065777183358436,
      "demand_lb": 1e-06,
      "head_a": 98.23407519740086,
      "head_a_tag": "",
      "head_b": 98.24629617058592,
      "head_b_tag": "",
      "head_lb": 81.95592940539649,
      "head_ub": 118.04407059460351
    },
    "21": {
      "demand_a": 0.012297785206852842,
      "demand_b": 0.009391499660315893,
      "demand_lb": 1e-06,
      "head_a": 98.09379552645078,
      "head_a_tag": "",
      "head_b": 98.10491483971617,
      "head_b_tag": "",
      "head_lb": 80.29368313429404,
      "head_ub": 119.70631686570596
    },
    "22": {
      "demand_a": 0.005444209625949252,
      "demand_b": 0.003973131861588469,
      "demand_lb": 1e-06,
      "head_a": 97.81488662849809,
      "head_a_tag": "",
      "head_b": 97.8797969992954,
      "head_b_tag": "",
      "head_lb": 75.36701637652837,
      "head_ub": 124.63298362347163
    },
    "23": {
      "demand_a": 0.0014923058102584968,
      "demand_b": 0.0023821442304242744,
      "demand_lb": 1e-06,
      "head_a": 98.93675704553142,
      "head_a_tag": "",
      "head_b": 98.90970745565987,
      "head_b_tag": "",
      "head_lb": 89.28563267090023,
      "head_ub": 110.71436732909977
    },
    "24": {
      "demand_a": 0.003601934066904988,
      "demand_b": 0.004753683156648623,
      "demand_lb": 1e-06,
      "head_a": 98.524914646875,
      "head_a_tag": "",
      "head_b": 98.51459336767573,
      "head_b_tag": "",
      "head_lb": 84.91835360074052,
      "head_ub": 115.08164639925948
    },
    "25": {
      "demand_a": 0.003974487340635685,
      "demand_b": 0.0021798154960388765,
      "demand_lb": 1e-06,
      "head_a": 98.20644541945535,
      "head_a_tag": "",
      "head_b": 98.23583127816875,
      "head_b_tag": "",
      "head_lb": 81.56952160812698,
      "head_ub": 118.43047839187302
    },
    "26": {
      "demand_a": 0.0010741057880548593,
      "demand_b": 0.002630317280971513,
      "demand_lb": 1e-06,
      "head_a": 98.08332136570539,
      "head_a_tag": "",
      "head_b": 98.07815155110339,
      "head_b_tag": "",
      "head_lb": 79.74597586422558,
      "head_ub": 120.25402413577442
    },
    "3": {
      "demand_a": 0.01751531506797041,
      "demand_b": 0.011248956581159958,
      "demand_lb": 1e-06,
      "head_a": 99.86548845892499,
      "head_a_tag": "",
      "head_b": 99.86548845892499,
      "head_b_tag": "",
      "head_lb": 98.86528131212901,
      "head_ub": 101.13471868787099
    },
    "4": {
      "demand_a": 1.044199061966955e-06,
      "demand_b": 0.011269068293719875,
      "demand_lb": 1e-06,
      "head_a": 99.57481262514176,
      "head_a_tag": "",
      "head_b": 99.54822445217987,
      "head_b_tag": "",
      "head_lb": 96.22023709746742,
      "head_ub": 103.77976290253258
    },
    "5": {
      "demand_a": 0.00488906164446825,
      "demand_b": 0.005021596830926962,
      "demand_lb": 1e-06,
      "head_a": 99.50593552665464,
      "head_a_tag": "",
      "head_b": 99.48462514273669,
      "head_b_tag": "",
      "head_lb": 95.64820714338538,
      "head_ub": 104.35179285661462
    },
    "6": {
      "demand_a": 0.004116080660943641,
      "demand_b": 0.0027146607426921897,
      "demand_lb": 1e-06,
      "head_a": 99.02187848433424,
      "head_a_tag": "",
      "head_b": 99.04758238319373,
      "head_b_tag": "",
      "head_lb": 89.48828179556567,
      "head_ub": 110.51171820443433
    },
    "7": {
      "demand_a": 0.0037701958942719938,
      "demand_b": 0.0015630584655260925,
      "demand_lb": 1e-06,
      "head_a": 98.52815066393086,
      "head_a_tag": "",
      "head_b": 98.5810931113243,
      "head_b_tag": "",
      "head_lb": 83.45901484936377,
      "head_ub": 116.54098515063623
    },
    "8": {
      "demand_a": 0.002703219434340931,
      "demand_b": 0.009527339880698349,
      "demand_lb": 1e-06,
      "head_a": 98.23114203279711,
      "head_a_tag": "",
      "head_b": 98.22386566817636,
      "head_b_tag": "",
      "head_lb": 81.64697482475928,
      "head_ub": 118.35302517524072
    },
    "9": {
      "demand_a": 0.00992593001193455,
      "demand_b": 0.0026928819666634796,
      "demand_lb": 1e-06,
      "head_a": 99.18440270656126,
      "head_a_tag": "",
      "head_b": 99.18440270656127,
      "head_b_tag": "",
      "head_lb": 92.48894338194484,
      "head_ub": 107.51105661805516
    }
  },
  "metadata": {
    "DEMAND_LB": 1e-06,
    "DEMAND_RESTRICTION_MODE": null,
    "DEVIATION_ALPHA": null,
    "FIX_TOTAL_DEMAND": true,
    "GLOBAL_SOLVER": null,
    "HEADLOSS_MODEL": "hw",
    "MEASUREMENT_HEADS_EQUAL_ONLY": true,
    "MEASUREMENT_SITES": [
      "11",
      "9"
    ],
    "MULTI_STARTS": 1,
    "MULTI_START_NOISE": 0.05,
    "MULTI_START_NOISE_REL": 0.25,
    "NORM": 2.0,