{
  "best_bound": null,
  "demands_a": {
    "1": 0.24684263731168643,
    "2": 0.08916595497475588,
    "3": 0.11580484438494815,
    "4": 0.12934440053288077,
    "5": 0.2255009306014613,
    "6": 0.31334123696263905,
    "7": -1.1200000047683716
  },
  "demands_b": {
    "1": 0.13321638431358376,
    "2": 0.11387839554837154,
    "3": 0.08201575906057812,
    "4": 0.09990277641650047,
    "5": 0.32066994663911774,
    "6": 0.37031674279022,
    "7": -1.1200000047683716
  },
  "flows_a": {
    "1": 1.1200000047683716,
    "2": 0.46135332478259505,
    "3": 0.5694807250110206,
    "4": 0.13911864974317933,
    "5": 0.30101767473496055,
    "6": 0.012323562227678508,
    "7": 0.3455484803976469,
    "8": 0.2591661995393649
  },
  "flows_b": {
    "1": 1.1200000047683716,
    "2": 0.446221865333809,
    "3": 0.559899743886191,
    "4": 0.16816721098697354,
    "5": 0.29182975648271703,
    "6": 0.07848698630750292,
    "7": 0.36420610627323086,
    "8": 0.21170337062108668
  },
  "heads_a": {
    "1": 207.80190691377337,
    "2": 208.3993620394407,
    "3": 208.08966884659714,
    "4": 207.941970114697,
    "5": 207.90834289151664,
    "6": 207.8015291808084,
    "7": 210.0
  },
  "heads_b": {
    "1": 207.83516343733487,
    "2": 208.3993620394407,
    "3": 208.10821692941576,
    "4": 207.9561193835261,
    "5": 207.9083428915166,
    "6": 207.82351395611786,
    "7": 210.0
  },
  "max_violation": 0.0,
  "min_demand_viol": 0.08201475906057812,
  "norm": 2.0,
  "objective": 0.02783349148504552,
  "p": 1,
  "radius": 0.16683372406394792,
  "solver_status": "HxSolutionStatus.OPTIMAL"
}