{
  "best_bound": null,
  "demands_a": {
    "10": 0.012389651435822657,
    "11": 0.0021760390329334245,
    "12": 0.014171708848291654,
    "13": 0.008135935774959484,
    "14": 0.0065978007353524985,
    "15": 0.01098849972504312,
    "16": 0.008571489070544898,
    "17": 0.006728277304246571,
    "18": 0.0014964012809502904,
    "19": 0.0028186985148561487,
    "20": 0.004782922481610087,
    "21": 0.007954919464755492,
    "22": 0.003959658602790637,
    "23": 0.002344606555418925,
    "24": 0.004782783657939909,
    "25": 0.0022268763874289813,
    "26": 0.00293940797501579,
    "27": -0.14699999988079074,
    "3": 0.011249057586759065,
    "4": 0.011269080777588258,
    "5": 0.004256899604321473,
    "6": 0.004030830216234703,
    "7": 0.001176066241293329,
    "8": 0.009527301399905872,
    "9": 0.002425087206727447
  },
  "demands_b": {
    "10": 0.003226763912600669,
    "11": 0.011003836983449318,
    "12": 0.008591279021713093,
    "13": 0.013798742769055853,
    "14": 0.01060164317752371,
    "15": 0.007460297195542278,
    "16": 0.006594179767076756,
    "17": 0.0038975314550947337,
    "18": 0.0034544437862535464,
    "19": 0.006013230578642316,
    "20": 1.378425824108409e-06,
    "21": 0.013009719481689812,
    "22": 0.005369740977874582,
    "23": 0.001650505152532799,
    "24": 0.003685347886660878,
    "25": 0.003564685679629156,
    "26": 0.0013167841293469469,
    "27": -0.14699999988079068,
    "3": 0.015189854002079867,
    "4": 1.0559857981096155e-06,
    "5": 0.007120491901034427,
    "6": 0.0021085512245335516,
    "7": 0.003972779862639081,
    "8": 0.0027033544992399374,
    "9": 0.012663802024955165
  },
  "flows_a": {
    "1": 0.1469999998807907,
    "10": 0.009358611197754116,
    "12": 0.06739764772440396,
    "13": 0.0387223197334411,
    "14": 0.03654628070050767,
    "15": 0.02237457185221602,
    "16": 0.021880854638593787,
    "17": 0.010892354913550667,
    "18": 0.022468134561395393,
    "19": -0.0010803561767932283,
    "2": 0.13575094229403165,
    "20": 0.011404385181416824,
    "21": 0.0027608104624016177,
    "22": 0.01708401275198521,
    "23": 0.012025522868475273,
    "24": 0.0028328961108719263,
    "25": 0.005131681087908979,
    "26": 0.009395953632600377,
    "27": 0.0025654232945540333,
    "28": 0.0013559235786930782,
    "29": 0.001771818426682729,
    "3": 0.032778271946718195,
    "30": 0.001164214246064026,
    "31": 0.007051347077181452,
    "32": 0.004833986713795576,
    "33": 0.0039630339050596725,
    "34": 0.002795444356726611,
    "4": 0.028521372342396722,
    "5": 0.018308084119906833,
    "6": 0.017132017878613504,
    "7": 0.0917035895697252,
    "8": 0.0061824580062551865,
    "9": 0.0017538947190464838
  },
  "flows_b": {
    "1": 0.1469999998807907,
    "10": 0.012258219383855965,
    "12": 0.0645888393263964,
    "13": 0.043391951172644765,
    "14": 0.03238811418919545,
    "15": 0.023796835167482353,
    "16": 0.01957976930292571,
    "17": 0.012119472107383431,
    "18": 0.02423818186887644,
    "19": 0.000958323538531805,
    "2": 0.13181014587871084,
    "20": 0.011501640676565313,
    "21": 0.0016565762063322543,
    "22": 0.016610436715496526,
    "23": 0.013360048379554854,
    "24": 0.004907460909488557,
    "25": 0.004406271027435502,
    "26": 0.008665028321129885,
    "27": 0.0016145145747375994,
    "28": 0.002290686371585759,
    "29": 0.0008515187799180971,
    "3": 0.03497667923863545,
    "30": 0.002165315778673022,
    "31": 0.007014523168597086,
    "32": 0.004943689856673807,
    "33": 0.0036696905486304095,
    "34": 0.00320442519920156,
    "4": 0.02785618733760102,
    "5": 0.01947957848534199,
    "6": 0.015506798622702909,
    "7": 0.09683241065427728,
    "8": 0.006268057627725478,
    "9": -0.0005452247396070066
  },
  "heads_a": {
    "10": 98.65075535960007,
    "11": 98.56607683975993,
    "12": 98.44337171616591,
    "13": 98.24950245719735,
    "14": 98.07332019076236,
    "15": 99.09898590071536,
    "16": 98.12268661777362,
    "17": 97.91235035085451,
    "18": 99.05650884987703,
    "19": 98.5265897407123,
    "20": 98.24147082480594,
    "21": 98.11682942305491,
    "22": 97.87637404099176,
    "23": 98.90970978341376,
    "24": 98.51067569549107,
    "25": 98.23100828334226,
    "26": 98.07614601496425,
    "27": 100.0,
    "3": 99.86548845892499,
    "4": 99.54822488936286,
    "5": 99.48462568749409,
    "6": 99.02502340910236,
    "7": 98.57626421122477,
    "8": 98.21904058382918,
    "9": 99.18440375762883
  },
  "heads_b": {
    "10": 98.669476937886,
    "11": 98.56492054143354,
    "12": 98.46681097349514,
    "13": 98.24950245719737,
    "14": 98.01278457779723,
    "15": 99.09313902429736,
    "16": 98.120676456935,
    "17": 97.95027820586218,
    "18": 99.04137635886568,
    "19": 98.5265897407123,
    "20": 98.25593523163111,
    "21": 98.10447233934866,
    "22": 97.83674863264729,
    "23": 98.91502298967177,
    "24": 98.51983961620094,
    "25": 98.22830440200514,
    "26": 98.09399949483681,
    "27": 100.0,
    "3": 99.86548845892499,
    "4": 99.56507063522736,
    "5": 99.49334668294779,
    "6": 99.05339852966407,
    "7": 98.55001378524965,
    "8": 98.25300190896736,
    "9": 99.16266982699416
  },
  "max_violation": 0.0,
  "min_demand_viol": 5.5985798109615504e-08,
  "norm": 2.0,
  "objective": 0.0006496619105348184,
  "p": 2,
  "radius": 0.025488466225624846,
  "solver_status": "HxSolutionStatus.OPTIMAL"
}