{
  "demands_a": {
    "1": 0.2819041460752465,
    "2": 0.14719385061785495,
    "3": -8.173209720130359e-09,
    "4": 0.10601416230200256,
    "5": 0.17392549582937183,
    "6": 0.5662325769662876,
    "7": -1.2752702236175537
  },
  "demands_b": {
    "1": 0.2819041460752417,
    "2": 0.019437178519424947,
    "3": 0.3016821681615598,
    "4": 0.10601416230196303,
    "5": -8.406923879267225e-09,
    "6": 0.5662325769662876,
    "7": -1.2752702236175533
  },
  "flows_a": {
    "1": 1.2752702236175537,
    "2": 0.46490710820630343,
    "3": 0.6631692647933953,
    "4": 0.11209401488305475,
    "5": 0.445061087608338,
    "6": 0.12117148935794955,
    "7": 0.46490711637951315,
    "8": 0.4030756354331961
  },
  "flows_b": {
    "1": 1.2752702236175533,
    "2": 0.5926637803047302,
    "3": 0.6631692647933981,
    "4": 0.11209401488309702,
    "5": 0.445061087608338,
    "6": 0.12117148935794957,
    "7": 0.2909816121431704,
    "8": 0.4030756354331913
  },
  "heads_a": {
    "1": 207.09503173828125,
    "2": 207.96490478515625,
    "3": 207.65480956753507,
    "4": 207.35865783691406,
    "5": 207.33612060546875,
    "6": 207.06900024414062,
    "7": 210.0
  },
  "heads_b": {
    "1": 207.09503173828125,
    "2": 207.96490478515625,
    "3": 207.46096404496603,
    "4": 207.35865783691406,
    "5": 207.33612060546875,
    "6": 207.06900024414062,
    "7": 210.0
  },
  "max_violation": 0.0,
  "min_demand_viol": -8.173209720130359e-09,
  "radius": 0.37092315081105204
}