{
  "best_radius": 0.37092315081105204,
  "runs": [
    {
      "max_violation": 0.0,
      "min_demand_viol": -8.190143396813454e-09,
      "radius": 0.37092314923984204,
      "run": 0,
      "start_flows": {
        "1": 1.2815567346722234,
        "2": 0.5094702723368244,
        "3": 0.6951903973155601,
        "4": 0.11733902074069337,
        "5": 0.41827761895028187,
        "6": 0.13925124210342255,
        "7": 0.4742194028237144,
        "8": 0.4504296835896592
      },
      "start_heads": {
        "1": 207.08409215508462,
        "2": 207.9297180233659,
        "3": 207.51952300559378,
        "4": 207.3274941137872,
        "5": 207.3381869044361,
        "6": 206.95274870540868,
        "7": 209.93770445263735
      },
      "success": true
    },
    {
      "max_violation": 0.0,
      "min_demand_viol": -8.190143452324605e-09,
      "radius": 0.3709231492398068,
      "run": 1,
      "start_flows": {
        "1": 1.2386568558823812,
        "2": 0.48886256635852404,
        "3": 0.6473542569749383,
        "4": 0.13267554170174803,
        "5": 0.4971867560804713,
        "6": 0.11474475621074659,
        "7": 0.47734257409469183,
        "8": 0.3698159017588664
      },
      "start_heads": {
        "1": 207.0721454469979,
        "2": 207.9824802886609,
        "3": 207.62796758822867,
        "4": 207.3633584518021,
        "5": 207.29894564300105,
        "6": 207.0229139753277,
        "7": 210.0110097561735
      },
      "success": true
    },
    {
      "max_violation": 0.0,
      "min_demand_viol": -7.3158392122074645e-09,
      "radius": 0.3709231495199246,
      "run": 2,
      "start_flows": {
        "1": 1.224789314440617,
        "2": 0.5056167367578038,
        "3": 0.6552080142976721,
        "4": 0.13913629411733178,
        "5": 0.45579404373365445,
        "6": 0.1389401248099444,
        "7": 0.37632797009629054,
        "8": 0.3965949537485586
      },
      "start_heads": {
        "1": 207.13409730831629,
        "2": 208.00410355865932,
        "3": 207.65746563640712,
        "4": 207.29570456030885,
        "5": 207.4118167942057,
        "6": 207.13629401532975,
        "7": 210.01322278151648
      },
      "success": true
    },
    {
      "max_violation": 0.0,
      "min_demand_viol": -8.22849155479588e-09,
      "radius": 0.3709231493080554,
      "run": 3,
      "start_flows": {
        "1": 1.2595740828907322,
        "2": 0.5889765496782374,
        "3": 0.7611821806158943,
        "4": 0.20217575837634766,
        "5": 0.5108162758450558,
        "6": 0.1390405098908961,
        "7": 0.34860346895309896,
        "8": 0.4028529287771929
      },
      "start_heads": {
        "1": 207.03582583994339,
        "2": 207.99772853191007,
        "3": 207.5183760059586,
        "4": 207.37841393992315,
        "5": 207.35761379020985,
        "6": 207.10380238033878,
        "7": 209.96691487139805
      },
      "success": true
    },
    {
      "max_violation": 0.0,
      "min_demand_viol": -8.240044813145886e-09,
      "radius": 0.37092314933841697,
      "run": 4,
      "start_flows": {
        "1": 1.2534484612603927,
        "2": 0.45758542011274633,
        "3": 0.7501376586499027,
        "4": 0.08729847846093379,
        "5": 0.4615095690813475,
        "6": 0.1082428620842521,
        "7": 0.48819304450731366,
        "8": 0.469093684787289
      },
      "start_heads": {
        "1": 207.06413638604587,
        "2": 207.99657241629748,
        "3": 207.47261858511376,
        "4": 207.36125928562706,
        "5": 207.37030491500758,
        "6": 207.11919832293273,
        "7": 210.0911005681664
      },
      "success": true
    },
    {
      "max_violation": 0.0,
      "min_demand_viol": -8.190143396813454e-09,
      "radius": 0.3709231492396991,
      "run": 5,
      "start_flows": {
        "1": 1.209248675116889,
        "2": 0.4829991144106286,
        "3": 0.7099217641990971,
        "4": 0.11454674557430697,
        "5": 0.5451807167906002,
        "6": 0.1305974489835716,
        "7": 0.37735969605759623,
        "8": 0.38419746017155665
      },
      "start_heads": {
        "1": 207.05730144871825,
        "2": 207.9103474792753,
        "3": 207.51891007082676,
        "4": 207.39017841145247,
        "5": 207.3651788960894,
        "6": 207.1337281851127,
        "7": 210.0844553726222
      },
      "success": true
    },
    {
      "max_violation": 0.0,
      "min_demand_viol": -8.173209720130359e-09,
      "radius": 0.37092315081105204,
      "run": 6,
      "start_flows": {
        "1": 1.2609008382271203,
        "2": 0.5947959294436189,
        "3": 0.6415299724342661,
        "4": 0.07531985026592763,
        "5": 0.45755035618627077,
        "6": 0.17274414360142193,
        "7": 0.4170698794029748,
        "8": 0.37379919422703023
      },
      "start_heads": {
        "1": 207.04131349536982,
        "2": 207.8978437994524,
        "3": 207.5127180684002,
        "4": 207.38379197940782,
        "5": 207.38560625713305,
        "6": 207.06078551450935,
        "7": 210.0436521076311
      },
      "success": true
    },
    {
      "max_violation": 0.0,
      "min_demand_viol": -8.190143507835757e-09,
      "radius": 0.3709231492397942,
      "run": 7,
      "start_flows": {
        "1": 1.211250526381825,
        "2": 0.4804221107484259,
        "3": 0.6942201574704009,
        "4": -0.0004130437956882116,
        "5": 0.4643795674866527,
        "6": 0.09208944753747314,
        "7": 0.41448338544109825,
        "8": 0.39929055912215594
      },
      "start_heads": {
        "1": 207.13721837139641,
        "2": 207.97501050490845,
        "3": 207.61750267598143,
        "4": 207.32073934936915,
        "5": 207.40716970658434,
        "6": 207.105304933588,
        "7": 210.05824319905554
      },
      "success": true
    },
    {
      "max_violation": 0.0,
      "min_demand_viol": -3.5406066412058124e-09,
      "radius": 0.37092314806493404,
      "run": 8,
      "start_flows": {
        "1": 1.3146496347028471,
        "2": 0.5582794495303192,
        "3": 0.6669489453305403,
        "4": 0.040755322333554764,
        "5": 0.43830883260648673,
        "6": 0.08269575734911302,
        "7": 0.3378823121414368,
        "8": 0.41599827497884645
      },
      "start_heads": {
        "1": 207.1611546117696,
        "2": 207.93647731244886,
        "3": 207.53130385724552,
        "4": 207.30650778291047,
        "5": 207.3495414594542,
        "6": 207.08693384159915,
        "7": 209.9993042665738
      },
      "success": true
    },
    {
      "max_violation": 0.0,
      "min_demand_viol": -9.344339135797242e-09,
      "radius": 0.370923150081429,
      "run": 9,
      "start_flows": {
        "1": 1.327362211578195,
        "2": 0.5861887568400157,
        "3": 0.7206775466008806,
        "4": -0.006171180430807333,
        "5": 0.5064952735685084,
        "6": 0.13815248977038044,
        "7": 0.4302079682098749,
        "8": 0.42163700632001
      },
      "start_heads": {
        "1": 207.0548451458552,
        "2": 207.9840426431698,
        "3": 207.5987647901587,
        "4": 207.34071217148713,
        "5": 207.24103884054995,
        "6": 207.06355450774527,
        "7": 210.0540081706269
      },
      "success": true
    }
  ],
  "unique_local_optima": 1
}