{
  "junctions": {
    "1": {
      "demand_a": 0.10020100684743083,
      "demand_b": 0.2703362643758839,
      "demand_lb": 1e-06,
      "head_a": 207.82621488479975,
      "head_a_tag": "",
      "head_b": 207.7973160392323,
      "head_b_tag": "",
      "head_lb": 193.4611532898627,
      "head_ub": 226.5388467101373
    },
    "2": {
      "demand_a": 0.10845738929821702,
      "demand_b": 0.08852996842947891,
      "demand_lb": 1e-06,
      "head_a": 208.3993620394407,
      "head_a_tag": "",
      "head_b": 208.3993620394407,
      "head_b_tag": "",
      "head_lb": 197.73885171300606,
      "head_ub": 222.26114828699394
    },
    "3": {
      "demand_a": 0.056287416515721,
      "demand_b": 0.12106034862862908,
      "demand_lb": 1e-06,
      "head_a": 208.1130150859642,
      "head_a_tag": "",
      "head_b": 208.08866108558354,
      "head_b_tag": "",
      "head_lb": 195.62629393444394,
      "head_ub": 224.37370606555606
    },
    "4": {
      "demand_a": 0.10106318638908596,
      "demand_b": 0.1309514513022717,
      "demand_lb": 1e-06,
      "head_a": 207.94222894641348,
      "head_a_tag": "",
      "head_b": 207.94222894641348,
      "head_b_tag": "",
      "head_lb": 194.2896568934707,
      "head_ub": 225.7103431065293
    },
    "5": {
      "demand_a": 0.36415484269430753,
      "demand_b": 0.20395048339530825,
      "demand_lb": 1e-06,
      "head_a": 207.89048245168803,
      "head_a_tag": "",
      "head_b": 207.91163171223775,
      "head_b_tag": "",
      "head_lb": 194.17031922671646,
      "head_ub": 225.82968077328354
    },
    "6": {
      "demand_a": 0.38983616302360935,
      "demand_b": 0.3051714886367998,
      "demand_lb": 1e-06,
      "head_a": 207.80891584382204,
      "head_a_tag": "",
      "head_b": 207.79731951660276,
      "head_b_tag": "",
      "head_lb": 193.36886889046428,
      "head_ub": 226.63113110953572
    }
  },
  "metadata": {
    "DEMAND_INTERVALS": false,
    "DEMAND_LB": 1e-06,
    "FIX_TOTAL_DEMAND": true,
    "GLOBAL_SOLVER": "couenne",
    "HEADLOSS_MODEL": "hw",
    "MEASUREMENT_HEADS_EQUAL_ONLY": true,
    "MEASUREMENT_SITES": [
      "4"
    ],
    "MULTI_STARTS": 10,
    "MULTI_START_NOISE": 0.05,
    "NORM": 2,
    "PIPE_BOUNDS": true,
    "PIPE_BOUND_METHOD": "perturb",
    "PIPE_BOUND_PERTURB_BASE": "base",
    "PIPE_BOUND_PERTURB_FIX_TOTAL": true,
    "PIPE_BOUND_PERTURB_SAMPLES": 25,
    "PIPE_BOUND_PERTURB_SEED": 1,
    "PIPE_BOUND_PERTURB_SIGMA": 0.15,
    "PIPE_BOUND_POLICY": "minmax",
    "PIPE_BOUND_SAFENESS": 0.85,
    "RADIUS": true,
    "SCENARIO_SOURCE": "base",
    "SINGLE_NODE_SOLUTION": false,
    "SOLVER": "hexaly_xd",
    "USE_RESERVOIR_OUTFLOW_CONSTRAINT": false,
    "WDN_NAME": "Alperovits",
    "output_dir": "data/Alperovits-B-batch-20260401-112751/4",
    "timestamp": "20260401-112751"
  },
  "output_dir": "data/Alperovits-B-batch-20260401-112751/4",
  "pipes": {
    "1": {
      "flow_a": 1.1200000047683716,
      "flow_a_tag": "lb",
      "flow_b": 1.1200000047683716,
      "flow_b_tag": "lb",
      "flow_lb": 1.1200000047683716,
      "flow_ub": 1.1200000047683716,
      "headloss_res_a": -10.660510326434622,
      "headloss_res_b": -10.660510326434622
    },
    "2": {
      "flow_a": 0.4422359204536511,
      "flow_a_tag": "lb",
      "flow_b": 0.4621633413223893,
      "flow_b_tag": "",
      "flow_lb": 0.44223544001579285,
      "flow_ub": 0.4648970067501068,
      "headloss_res_a": -1.6252799148011168,
      "headloss_res_b": -1.7770855439196742
    },
    "3": {
      "flow_a": 0.5693066950165034,
      "flow_a_tag": "",
      "flow_b": 0.5693066950165034,
      "flow_b_tag": "",
      "flow_lb": 0.5527145266532898,
      "flow_ub": 0.5940340161323547,
      "headloss_res_a": -2.710885180931808,
      "headloss_res_b": -2.710885180931808
    },
    "4": {
      "flow_a": 0.1755738490328844,
      "flow_a_tag": "ub",
      "flow_b": 0.132203317642231,
      "flow_b_tag": "lb",
      "flow_lb": 0.13220331072807312,
      "flow_ub": 0.17557385563850403,
      "headloss_res_a": -0.2495643451426326,
      "headloss_res_b": -0.14023892688041117
    },
    "5": {
      "flow_a": 0.2926696595945331,
      "flow_a_tag": "",
      "flow_b": 0.3061519260720007,
      "flow_b_tag": "",
      "flow_lb": 0.2579752802848816,
      "flow_ub": 0.329729825258255,
      "headloss_res_a": -0.703927922330733,
      "headloss_res_b": -0.7712458480409138
    },
    "6": {
      "flow_a": 0.0971665034290762,
      "flow_a_tag": "ub",
      "flow_b": -0.0009804374352008988,
      "flow_b_tag": "lb",
      "flow_lb": -0.000980442389845848,
      "flow_ub": 0.097166508436203,
      "headloss_res_a": -0.0749853489096184,
      "headloss_res_b": 5.918453394901516e-06
    },
    "7": {
      "flow_a": 0.3859485039379301,
      "flow_a_tag": "ub",
      "flow_b": 0.3411029926937602,
      "flow_b_tag": "lb",
      "flow_lb": 0.3411029875278473,
      "flow_ub": 0.38594850897789,
      "headloss_res_a": -1.2334420354252102,
      "headloss_res_b": -0.9602473624638583
    },
    "8": {
      "flow_a": 0.19736751027650704,
      "flow_a_tag": "lb",
      "flow_b": 0.269355826940683,
      "flow_b_tag": "ub",
      "flow_lb": 0.19736750423908234,
      "flow_ub": 0.269355833530426,
      "headloss_res_a": -0.3164881397852525,
      "headloss_res_b": -0.5948502291490698
    }
  },
  "summary": {
    "flow_at_bounds": {
      "a_lb": 3,
      "a_ub": 3,
      "b_lb": 4,
      "b_ub": 1
    },
    "head_at_bounds": {
      "a_lb": 0,
      "a_ub": 0,
      "b_lb": 0,
      "b_ub": 0
    },
    "head_bounds_count": 6,
    "junction_count": 6,
    "min_demand_slack_a": 0.056286416515721,
    "min_demand_slack_b": 0.08852896842947891,
    "pipe_count": 8,
    "total_demand_a": 1.1200000047683716,
    "total_demand_b": 1.1200000047683716,
    "total_demand_res_a": 0.0,
    "total_demand_res_b": 0.0,
    "total_demand_target": 1.1200000047683716
  }
}