{
  "best_bound": null,
  "demands_a": {
    "1": 0.10020100684743083,
    "2": 0.10845738929821702,
    "3": 0.056287416515721,
    "4": 0.10106318638908596,
    "5": 0.36415484269430753,
    "6": 0.38983616302360935,
    "7": -1.1200000047683716
  },
  "demands_b": {
    "1": 0.2703362643758839,
    "2": 0.08852996842947891,
    "3": 0.12106034862862908,
    "4": 0.1309514513022717,
    "5": 0.20395048339530825,
    "6": 0.3051714886367998,
    "7": -1.1200000047683716
  },
  "flows_a": {
    "1": 1.1200000047683716,
    "2": 0.4422359204536511,
    "3": 0.5693066950165034,
    "4": 0.1755738490328844,
    "5": 0.2926696595945331,
    "6": 0.0971665034290762,
    "7": 0.3859485039379301,
    "8": 0.19736751027650704
  },
  "flows_b": {
    "1": 1.1200000047683716,
    "2": 0.4621633413223893,
    "3": 0.5693066950165034,
    "4": 0.132203317642231,
    "5": 0.3061519260720007,
    "6": -0.0009804374352008988,
    "7": 0.3411029926937602,
    "8": 0.269355826940683
  },
  "heads_a": {
    "1": 207.82621488479975,
    "2": 208.3993620394407,
    "3": 208.1130150859642,
    "4": 207.94222894641348,
    "5": 207.89048245168803,
    "6": 207.80891584382204,
    "7": 210.0
  },
  "heads_b": {
    "1": 207.7973160392323,
    "2": 208.3993620394407,
    "3": 208.08866108558354,
    "4": 207.94222894641348,
    "5": 207.91163171223775,
    "6": 207.79731951660276,
    "7": 210.0
  },
  "max_violation": 0.0,
  "min_demand_viol": 0.056286416515721,
  "norm": 2,
  "objective": 0.06726549289820437,
  "p": 1,
  "radius": 0.2593559193429068,
  "solver_status": "HxSolutionStatus.OPTIMAL"
}