{
  "C_bounds": {
    "1": 1.1200000047683716,
    "2": 0.4613533318042755,
    "3": 0.5840606689453125,
    "4": 0.16816721856594086,
    "5": 0.3175203204154968,
    "6": 0.07848699390888214,
    "7": 0.3750304579734802,
    "8": 0.2591662108898163
  },
  "c_bounds": {
    "1": 1.1200000047683716,
    "2": 0.44622185826301575,
    "3": 0.5568748712539673,
    "4": 0.13911864161491394,
    "5": 0.27015259861946106,
    "6": 0.012323553673923016,
    "7": 0.3455483019351959,
    "8": 0.211703360080719
  }
}