{
  "best_bound": null,
  "demands_a": {
    "1": 0.13321638524286528,
    "2": 0.10831361681650731,
    "3": 0.08161445275408086,
    "4": 0.13024702752514772,
    "5": 0.305671500743458,
    "6": 0.36093702168631236,
    "7": -1.1200000047683716
  },
  "demands_b": {
    "1": 0.20000002160668512,
    "2": 0.09999996423720936,
    "3": 0.10000002384185641,
    "4": 0.11999998986721272,
    "5": 0.2699999958276751,
    "6": 0.33000000938773283,
    "7": -1.1200000047683716
  },
  "flows_a": {
    "1": 1.1200000047683716,
    "2": 0.4462218745070084,
    "3": 0.5654645134448558,
    "4": 0.15276744360214828,
    "5": 0.2824500423175598,
    "6": 0.07848697936875255,
    "7": 0.36460742175292754,
    "8": 0.21170336461161782
  },
  "flows_b": {
    "1": 1.1200000047683716,
    "2": 0.45453552708630984,
    "3": 0.5654645134448524,
    "4": 0.15276744360218683,
    "5": 0.2926970799754528,
    "6": 0.03730292941228005,
    "7": 0.35453550324445343,
    "8": 0.23730295101896517
  },
  "heads_a": {
    "1": 207.8347553548837,
    "2": 208.3993620394407,
    "3": 208.10821691833297,
    "4": 207.9479261851134,
    "5": 207.90793480487523,
    "6": 207.82310587557538,
    "7": 210.0
  },
  "heads_b": {
    "1": 207.81752766203098,
    "2": 208.3993620394407,
    "3": 208.09809129587055,
    "4": 207.9479261851134,
    "5": 207.9079348048752,
    "6": 207.81458994978962,
    "7": 210.0
  },
  "max_violation": 0.0,
  "min_demand_viol": 0.08161345275408086,
  "norm": 2.0,
  "objective": 0.007201756903090159,
  "p": 2,
  "radius": 0.08486316576165516,
  "solver_status": "HxSolutionStatus.OPTIMAL"
}