{
  "best_bound": null,
  "demands_a": {
    "1": 0.2468426376118355,
    "2": 0.0953445141272502,
    "3": 0.11243743685670543,
    "4": 0.1265330894558565,
    "5": 0.22550108965885923,
    "6": 0.31334123705786476,
    "7": -1.1200000047683716
  },
  "demands_b": {
    "1": 0.13321638422457371,
    "2": 0.09534451412725131,
    "3": 0.09812994542996639,
    "4": 0.10667244539657972,
    "5": 0.3163199727961823,
    "6": 0.37031674279381815,
    "7": -1.1200000047683716
  },
  "flows_a": {
    "1": 1.1200000047683716,
    "2": 0.45798607711951267,
    "3": 0.5666694135216087,
    "4": 0.13911864927369946,
    "5": 0.30101767479205277,
    "6": 0.012323562265811983,
    "7": 0.34554864026280724,
    "8": 0.2591661998776475
  },
  "flows_b": {
    "1": 1.1200000047683716,
    "2": 0.457986077119512,
    "3": 0.5666694135216083,
    "4": 0.1681672115147448,
    "5": 0.29182975661028376,
    "6": 0.0784869861835344,
    "7": 0.3598561316895456,
    "8": 0.21170337040810813
  },
  "heads_a": {
    "1": 207.80607988245325,
    "2": 208.3993620394407,
    "3": 208.09384196993545,
    "4": 207.94614308342412,
    "5": 207.91251586045382,
    "6": 207.8057021494862,
    "7": 210.0
  },
  "heads_b": {
    "1": 207.82518713709143,
    "2": 208.3993620394407,
    "3": 208.09384196993545,
    "4": 207.94614308342412,
    "5": 207.89836659113686,
    "6": 207.81353765590853,
    "7": 210.0
  },
  "max_violation": 0.0,
  "min_demand_viol": 0.0953435141272502,
  "norm": 2,
  "objective": 0.02500435274038012,
  "p": 2,
  "radius": 0.15812764698299953,
  "solver_status": "HxSolutionStatus.OPTIMAL"
}