{
  "junctions": {
    "10": {
      "demand_a": 0.0028967773837825367,
      "demand_b": 0.012672714417658049,
      "demand_lb": 1e-06,
      "head_a": 98.66947320010615,
      "head_a_tag": "",
      "head_b": 98.64959500797794,
      "head_b_tag": "",
      "head_lb": 86.59928162241783,
      "head_ub": 113.40071837758217
    },
    "11": {
      "demand_a": 0.01100388609702952,
      "demand_b": 0.002175993125384655,
      "demand_lb": 1e-06,
      "head_a": 98.5649166334103,
      "head_a_tag": "",
      "head_b": 98.5649166334103,
      "head_b_tag": "",
      "head_lb": 85.54316009208108,
      "head_ub": 114.45683990791892
    },
    "12": {
      "demand_a": 0.007083531190552963,
      "demand_b": 0.014227499113475421,
      "demand_lb": 1e-06,
      "head_a": 98.46680712698154,
      "head_a_tag": "",
      "head_b": 98.44221144740114,
      "head_b_tag": "",
      "head_lb": 84.33481739251032,
      "head_ub": 115.66518260748968
    },
    "13": {
      "demand_a": 0.01585693091647383,
      "demand_b": 0.007290201967342853,
      "demand_lb": 1e-06,
      "head_a": 98.22331342867213,
      "head_a_tag": "",
      "head_b": 98.24923634598636,
      "head_b_tag": "",
      "head_lb": 82.05642023912475,
      "head_ub": 117.94357976087525
    },
    "14": {
      "demand_a": 0.009721711336051196,
      "demand_b": 0.007055936896834869,
      "demand_lb": 1e-06,
      "head_a": 97.98659375727858,
      "head_a_tag": "",
      "head_b": 98.07305524234611,
      "head_b_tag": "",
      "head_lb": 78.36141323779582,
      "head_ub": 121.63858676220418
    },
    "15": {
      "demand_a": 0.007460295710925477,
      "demand_b": 0.010988501101613115,
      "demand_lb": 1e-06,
      "head_a": 99.09314035292799,
      "head_a_tag": "",
      "head_b": 99.09898585874235,
      "head_b_tag": "",
      "head_lb": 91.7092797959201,
      "head_ub": 108.2907202040799
    },
    "16": {
      "demand_a": 0.008118192823740884,
      "demand_b": 0.007329060760832662,
      "demand_lb": 1e-06,
      "head_a": 98.10567389049696,
      "head_a_tag": "",
      "head_b": 98.10567389049694,
      "head_b_tag": "",
      "head_lb": 80.45195379991088,
      "head_ub": 119.54804620008912
    },
    "17": {
      "demand_a": 0.007102353791165344,
      "demand_b": 0.004183978144693327,
      "demand_lb": 1e-06,
      "head_a": 97.8489976446692,
      "head_a_tag": "",
      "head_b": 97.95803017687824,
      "head_b_tag": "",
      "head_lb": 76.27685648606263,
      "head_ub": 123.72314351393737
    },
    "18": {
      "demand_a": 0.0034544258164708325,
      "demand_b": 0.0014964204572015423,
      "demand_lb": 1e-06,
      "head_a": 99.04137767964275,
      "head_a_tag": "",
      "head_b": 99.05650881437036,
      "head_b_tag": "",
      "head_lb": 91.21616132819784,
      "head_ub": 108.78383867180216
    },
    "19": {
      "demand_a": 0.005163780160919482,
      "demand_b": 0.0028477783964803924,
      "demand_lb": 1e-06,
      "head_a": 98.5265867821184,
      "head_a_tag": "",
      "head_b": 98.52542866639548,
      "head_b_tag": "",
      "head_lb": 85.09107641733966,
      "head_ub": 114.90892358266034
    },
    "20": {
      "demand_a": 0.0019126695538718066,
      "demand_b": 0.003418540416956972,
      "demand_lb": 1e-06,
      "head_a": 98.22974526348862,
      "head_a_tag": "",
      "head_b": 98.241204335649,
      "head_b_tag": "",
      "head_lb": 81.95592940539649,
      "head_ub": 118.04407059460351
    },
    "21": {
      "demand_a": 0.007629436857550888,
      "demand_b": 0.013327867466328436,
      "demand_lb": 1e-06,
      "head_a": 98.09981659171612,
      "head_a_tag": "",
      "head_b": 98.08972685848941,
      "head_b_tag": "",
      "head_lb": 80.29368313429404,
      "head_ub": 119.70631686570596
    },
    "22": {
      "demand_a": 0.004293063020122015,
      "demand_b": 0.005215133459512928,
      "demand_lb": 1e-06,
      "head_a": 97.81301782079926,
      "head_a_tag": "",
      "head_b": 97.84450653856862,
      "head_b_tag": "",
      "head_lb": 75.36701637652837,
      "head_ub": 124.63298362347163
    },
    "23": {
      "demand_a": 0.0016504842044570527,
      "demand_b": 0.002333515143448041,
      "demand_lb": 1e-06,
      "head_a": 98.9150237983127,
      "head_a_tag": "",
      "head_b": 98.90971032865842,
      "head_b_tag": "",
      "head_lb": 89.28563267090023,
      "head_ub": 110.71436732909977
    },
    "24": {
      "demand_a": 0.003450449489102546,
      "demand_b": 0.004802130078634393,
      "demand_lb": 1e-06,
      "head_a": 98.51983626084896,
      "head_a_tag": "",
      "head_b": 98.50951514140866,
      "head_b_tag": "",
      "head_lb": 84.91835360074052,
      "head_ub": 115.08164639925948
    },
    "25": {
      "demand_a": 0.0036733290963366972,
      "demand_b": 0.0022656757479548855,
      "demand_lb": 1e-06,
      "head_a": 98.20211827416162,
      "head_a_tag": "",
      "head_b": 98.23073857257111,
      "head_b_tag": "",
      "head_lb": 81.56952160812698,
      "head_ub": 118.43047839187302
    },
    "26": {
      "demand_a": 0.0024388251229738554,
      "demand_b": 0.0017178272058188076,
      "demand_lb": 1e-06,
      "head_a": 98.05913618940899,
      "head_a_tag": "",
      "head_b": 98.0792529292536,
      "head_b_tag": "",
      "head_lb": 79.74597586422558,
      "head_ub": 120.25402413577442
    },
    "3": {
      "demand_a": 0.015190167675917438,
      "demand_b": 0.011249047576705723,
      "demand_lb": 1e-06,
      "head_a": 99.86548845892499,
      "head_a_tag": "",
      "head_b": 99.86548845892499,
      "head_b_tag": "",
      "head_lb": 98.86528131212901,
      "head_ub": 101.13471868787099
    },
    "4": {
      "demand_a": 1.0528391933828374e-06,
      "demand_b": 0.011269069518049957,
      "demand_lb": 1e-06,
      "head_a": 99.56507195925143,
      "head_a_tag": "",
      "head_b": 99.5482248460362,
      "head_b_tag": "",
      "head_lb": 96.22023709746742,
      "head_ub": 103.77976290253258
    },
    "5": {
      "demand_a": 0.005890614198173973,
      "demand_b": 0.0050035498104216355,
      "demand_lb": 1e-06,
      "head_a": 99.49334918559789,
      "head_a_tag": "",
      "head_b": 99.4846255653741,
      "head_b_tag": "",
      "head_lb": 95.64820714338538,
      "head_ub": 104.35179285661462
    },
    "6": {
      "demand_a": 0.003887785729632706,
      "demand_b": 0.00259454270822463,
      "demand_lb": 1e-06,
      "head_a": 99.01676180036972,
      "head_a_tag": "",
      "head_b": 99.04705663186128,
      "head_b_tag": "",
      "head_lb": 89.48828179556567,
      "head_ub": 110.51171820443433
    },
    "7": {
      "demand_a": 0.003753579819880252,
      "demand_b": 0.0016616183990474029,
      "demand_lb": 1e-06,
      "head_a": 98.52382161577479,
      "head_a_tag": "",
      "head_b": 98.5760024280109,
      "head_b_tag": "",
      "head_lb": 83.45901484936377,
      "head_ub": 116.54098515063623
    },
    "8": {
      "demand_a": 0.0027032127502424515,
      "demand_b": 0.00952739920526545,
      "demand_lb": 1e-06,
      "head_a": 98.22681290780046,
      "head_a_tag": "",
      "head_b": 98.21877506821313,
      "head_b_tag": "",
      "head_lb": 81.64697482475928,
      "head_ub": 118.35302517524072
    },
    "9": {
      "demand_a": 0.012663444296223597,
      "demand_b": 0.002345998762904561,
      "demand_lb": 1e-06,
      "head_a": 99.16267115238978,
      "head_a_tag": "",
      "head_b": 99.18440371913383,
      "head_b_tag": "",
      "head_lb": 92.48894338194484,
      "head_ub": 107.51105661805516
    }
  },
  "metadata": {
    "DEMAND_LB": 1e-06,
    "DEMAND_RESTRICTION_MODE": null,
    "DEVIATION_ALPHA": null,
    "FIX_TOTAL_DEMAND": true,
    "GLOBAL_SOLVER": null,
    "HEADLOSS_MODEL": "hw",
    "MEASUREMENT_HEADS_EQUAL_ONLY": true,
    "MEASUREMENT_SITES": [
      "11",
      "16"
    ],
    "MULTI_STARTS": 1,
    "MULTI_START_NOISE": 0.05,
    "MULTI_START_NOISE_REL": 0.25,
    "NORM": 2.0,