{
  "best_bound": null,
  "demands_a": {
    "10": 0.0028967773837825367,
    "11": 0.01100388609702952,
    "12": 0.007083531190552963,
    "13": 0.01585693091647383,
    "14": 0.009721711336051196,
    "15": 0.007460295710925477,
    "16": 0.008118192823740884,
    "17": 0.007102353791165344,
    "18": 0.0034544258164708325,
    "19": 0.005163780160919482,
    "20": 0.0019126695538718066,
    "21": 0.007629436857550888,
    "22": 0.004293063020122015,
    "23": 0.0016504842044570527,
    "24": 0.003450449489102546,
    "25": 0.0036733290963366972,
    "26": 0.0024388251229738554,
    "27": -0.14699999988079074,
    "3": 0.015190167675917438,
    "4": 1.0528391933828374e-06,
    "5": 0.005890614198173973,
    "6": 0.003887785729632706,
    "7": 0.003753579819880252,
    "8": 0.0027032127502424515,
    "9": 0.012663444296223597
  },
  "demands_b": {
    "10": 0.012672714417658049,
    "11": 0.002175993125384655,
    "12": 0.014227499113475421,
    "13": 0.007290201967342853,
    "14": 0.007055936896834869,
    "15": 0.010988501101613115,
    "16": 0.007329060760832662,
    "17": 0.004183978144693327,
    "18": 0.0014964204572015423,
    "19": 0.0028477783964803924,
    "20": 0.003418540416956972,
    "21": 0.013327867466328436,
    "22": 0.005215133459512928,
    "23": 0.002333515143448041,
    "24": 0.004802130078634393,
    "25": 0.0022656757479548855,
    "26": 0.0017178272058188076,
    "27": -0.14699999988079074,
    "3": 0.011249047576705723,
    "4": 0.011269069518049957,
    "5": 0.0050035498104216355,
    "6": 0.00259454270822463,
    "7": 0.0016616183990474029,
    "8": 0.00952739920526545,
    "9": 0.002345998762904561
  },
  "flows_a": {
    "1": 0.1469999998807907,
    "10": 0.012258269513662242,
    "12": 0.06458919736882372,
    "13": 0.04339198932202686,
    "14": 0.03238810322499734,
    "15": 0.02530457203444438,
    "16": 0.01957976881101877,
    "17": 0.012119473100093293,
    "18": 0.024238110500270058,
    "19": 0.0009582479520504009,
    "2": 0.13180983220487327,
    "20": 0.01095111611078741,
    "21": 0.0025365581776110448,
    "22": 0.017459764528367783,
    "23": 0.012298332575533234,
    "24": 0.0028329232870465265,
    "25": 0.0057300712620637646,
    "26": 0.008665047283622461,
    "27": 0.0016145658109827917,
    "28": 0.0022905144469123413,
    "29": 0.001771747742965108,
    "3": 0.034976368889613814,
    "30": 0.0011642756485094655,
    "31": 0.007014563079165408,
    "32": 0.0051786794010456536,
    "33": 0.0037958647516212972,
    "34": 0.00312878737161255,
    "4": 0.02908575469143984,
    "5": 0.019260289124551404,
    "6": 0.015506709304671152,
    "7": 0.09683241047606608,
    "8": 0.005937679837255733,
    "9": -0.000545227040766458
  },
  "flows_b": {
    "1": 0.1469999998807907,
    "10": 0.009358591528440523,
    "12": 0.06747673502959117,
    "13": 0.03872228386347502,
    "14": 0.03654629073809036,
    "15": 0.02231879162461494,
    "16": 0.021880855119643185,
    "17": 0.01089235401803007,
    "18": 0.02246820517348843,
    "19": -0.0010803836265630528,
    "2": 0.135750952304085,
    "20": 0.01219432982817518,
    "21": 0.0023026546316056544,
    "22": 0.01705504876700696,
    "23": 0.013360742972526665,
    "24": 0.004865269067342518,
    "25": 0.004046578171250743,
    "26": 0.009395933560828528,
    "27": 0.002565378010001077,
    "28": 0.0013561490040863763,
    "29": 0.0008515664022900047,
    "3": 0.032778293873896115,
    "30": 0.00216525465816307,
    "31": 0.007062418417380487,
    "32": 0.00482566634874717,
    "33": 0.003916139604878661,
    "34": 0.0030498788013498582,
    "4": 0.02777474406347448,
    "5": 0.01879373293021952,
    "6": 0.017132114531172117,
    "7": 0.09170358891213892,
    "8": 0.00638646842503033,
    "9": 0.0017538762025338564
  },
  "heads_a": {
    "10": 98.66947320010615,
    "11": 98.5649166334103,
    "12": 98.46680712698154,
    "13": 98.22331342867213,
    "14": 97.98659375727858,
    "15": 99.09314035292799,
    "16": 98.10567389049696,
    "17": 97.8489976446692,
    "18": 99.04137767964275,
    "19": 98.5265867821184,
    "20": 98.22974526348862,
    "21": 98.09981659171612,
    "22": 97.81301782079926,
    "23": 98.9150237983127,
    "24": 98.51983626084896,
    "25": 98.20211827416162,
    "26": 98.05913618940899,
    "27": 100.0,
    "3": 99.86548845892499,
    "4": 99.56507195925143,
    "5": 99.49334918559789,
    "6": 99.01676180036972,
    "7": 98.52382161577479,
    "8": 98.22681290780046,
    "9": 99.16267115238978
  },
  "heads_b": {
    "10": 98.64959500797794,
    "11": 98.5649166334103,
    "12": 98.44221144740114,
    "13": 98.24923634598636,
    "14": 98.07305524234611,
    "15": 99.09898585874235,
    "16": 98.10567389049694,
    "17": 97.95803017687824,
    "18": 99.05650881437036,
    "19": 98.52542866639548,
    "20": 98.241204335649,
    "21": 98.08972685848941,
    "22": 97.84450653856862,
    "23": 98.90971032865842,
    "24": 98.50951514140866,
    "25": 98.23073857257111,
    "26": 98.0792529292536,
    "27": 100.0,
    "3": 99.86548845892499,
    "4": 99.5482248460362,
    "5": 99.4846255653741,
    "6": 99.04705663186128,
    "7": 98.5760024280109,
    "8": 98.21877506821313,
    "9": 99.18440371913383
  },
  "max_violation": 0.0,
  "min_demand_viol": 5.2839193382837425e-08,
  "norm": 2.0,
  "objective": 0.0006785580073308843,
  "p": 2,
  "radius": 0.026049146000030103,
  "solver_status": "HxSolutionStatus.OPTIMAL"
}