{
  "best_bound": null,
  "demands_a": {
    "1": 0.2468426386461194,
    "2": 0.08916607974677282,
    "3": 0.11580500186371034,
    "4": 0.12934428331603892,
    "5": 0.22550076307523614,
    "6": 0.3133412381204939,
    "7": -1.1200000047683714
  },
  "demands_b": {
    "1": 0.13321638319526624,
    "2": 0.10632314830193312,
    "3": 0.07119142862067929,
    "4": 0.10745801597644289,
    "5": 0.33149428689760907,
    "6": 0.37031674177644086,
    "7": -1.1200000047683714
  },
  "flows_a": {
    "1": 1.1200000047683716,
    "2": 0.46135331587388884,
    "3": 0.5694806091477099,
    "4": 0.13911864996964113,
    "5": 0.3010176758620299,
    "6": 0.012323562258464055,
    "7": 0.3455483140101785,
    "8": 0.2591662009045835
  },
  "flows_b": {
    "1": 1.1200000047683716,
    "2": 0.44622187434944244,
    "3": 0.567454982116996,
    "4": 0.16816721068450566,
    "5": 0.2918297554560474,
    "6": 0.07848698632039348,
    "7": 0.37503044572876315,
    "8": 0.21170336951565974
  },
  "heads_a": {
    "1": 207.80190708466867,
    "2": 208.3993620394407,
    "3": 208.08966885767236,
    "4": 207.94197028673253,
    "5": 207.90834306345081,
    "6": 207.80152935186996,
    "7": 210.0
  },
  "heads_b": {
    "1": 207.82402284937788,
    "2": 208.3993620394407,
    "3": 208.1082169185225,
    "4": 207.94497879470256,
    "5": 207.89720230285226,
    "6": 207.81237336815838,
    "7": 210.0
  },
  "max_violation": 0.0,
  "min_demand_viol": 0.07119042862067929,
  "norm": 2.0,
  "objective": 0.030155505653893338,
  "p": 0,
  "radius": 0.1736534066866911,
  "solver_status": "HxSolutionStatus.OPTIMAL"
}