{
  "junctions": {
    "10": {
      "demand_a": 0.002905611969961877,
      "demand_b": 0.01331953951643531,
      "demand_lb": 1e-06,
      "head_a": 98.68022514180703,
      "head_a_tag": "",
      "head_b": 98.63905585769857,
      "head_b_tag": "",
      "head_lb": 86.59928162241783,
      "head_ub": 113.40071837758217
    },
    "11": {
      "demand_a": 0.011003849118600986,
      "demand_b": 0.0021760265168252677,
      "demand_lb": 1e-06,
      "head_a": 98.57566873422682,
      "head_a_tag": "",
      "head_b": 98.5543773530943,
      "head_b_tag": "",
      "head_lb": 85.54316009208108,
      "head_ub": 114.45683990791892
    },
    "12": {
      "demand_a": 0.007344464037320832,
      "demand_b": 0.01422737589183367,
      "demand_lb": 1e-06,
      "head_a": 98.4775592203781,
      "head_a_tag": "",
      "head_b": 98.43167217506584,
      "head_b_tag": "",
      "head_lb": 84.33481739251032,
      "head_ub": 115.66518260748968
    },
    "13": {
      "demand_a": 0.015595923339662355,
      "demand_b": 0.007302210142509631,
      "demand_lb": 1e-06,
      "head_a": 98.23869512041622,
      "head_a_tag": "",
      "head_b": 98.23869512041624,
      "head_b_tag": "",
      "head_lb": 82.05642023912475,
      "head_ub": 117.94357976087525
    },
    "14": {
      "demand_a": 0.009721696222807823,
      "demand_b": 0.007055958448448356,
      "demand_lb": 1e-06,
      "head_a": 98.00197541254995,
      "head_a_tag": "",
      "head_b": 98.06251418800178,
      "head_b_tag": "",
      "head_lb": 78.36141323779582,
      "head_ub": 121.63858676220418
    },
    "15": {
      "demand_a": 0.007460290738682715,
      "demand_b": 0.01098850597839121,
      "demand_lb": 1e-06,
      "head_a": 99.10385815376735,
      "head_a_tag": "",
      "head_b": 99.09898508923442,
      "head_b_tag": "",
      "head_lb": 91.7092797959201,
      "head_ub": 108.2907202040799
    },
    "16": {
      "demand_a": 0.008118269328477949,
      "demand_b": 0.007275193762831565,
      "demand_lb": 1e-06,
      "head_a": 98.12105410340419,
      "head_a_tag": "",
      "head_b": 98.09539081635356,
      "head_b_tag": "",
      "head_lb": 80.45195379991088,
      "head_ub": 119.54804620008912
    },
    "17": {
      "demand_a": 0.007102369959400194,
      "demand_b": 0.004183955575009663,
      "demand_lb": 1e-06,
      "head_a": 97.86437778084931,
      "head_a_tag": "",
      "head_b": 97.94749111667447,
      "head_b_tag": "",
      "head_lb": 76.27685648606263,
      "head_ub": 123.72314351393737
    },
    "18": {
      "demand_a": 0.0034543895920079136,
      "demand_b": 0.0014964568989369372,
      "demand_lb": 1e-06,
      "head_a": 99.05209547583381,
      "head_a_tag": "",
      "head_b": 99.05650804839476,
      "head_b_tag": "",
      "head_lb": 91.21616132819784,
      "head_ub": 108.78383867180216
    },
    "19": {
      "demand_a": 0.005311381504922361,
      "demand_b": 0.0028476979941731567,
      "demand_lb": 1e-06,
      "head_a": 98.53733864568046,
      "head_a_tag": "",
      "head_b": 98.51488958977579,
      "head_b_tag": "",
      "head_lb": 85.09107641733966,
      "head_ub": 114.90892358266034
    },
    "20": {
      "demand_a": 0.0017650055557182527,
      "demand_b": 0.00341864734659369,
      "demand_lb": 1e-06,
      "head_a": 98.2451269717532,
      "head_a_tag": "",
      "head_b": 98.23066360495586,
      "head_b_tag": "",
      "head_lb": 81.95592940539649,
      "head_ub": 118.04407059460351
    },
    "21": {
      "demand_a": 0.007629507194974733,
      "demand_b": 0.013369815921537851,
      "demand_lb": 1e-06,
      "head_a": 98.11519681293568,
      "head_a_tag": "",
      "head_b": 98.07918773721597,
      "head_b_tag": "",
      "head_lb": 80.29368313429404,
      "head_ub": 119.70631686570596
    },
    "22": {
      "demand_a": 0.004293062893541236,
      "demand_b": 0.005215133362827249,
      "demand_lb": 1e-06,
      "head_a": 97.8283979566674,
      "head_a_tag": "",
      "head_b": 97.83396747810144,
      "head_b_tag": "",
      "head_lb": 75.36701637652837,
      "head_ub": 124.63298362347163
    },
    "23": {
      "demand_a": 0.0016508586545734977,
      "demand_b": 0.002233648602212635,
      "demand_lb": 1e-06,
      "head_a": 98.92574060030753,
      "head_a_tag": "",
      "head_b": 98.9097106312417,
      "head_b_tag": "",
      "head_lb": 89.28563267090023,
      "head_ub": 110.71436732909977
    },
    "24": {
      "demand_a": 0.003490971506918225,
      "demand_b": 0.004901967656087387,
      "demand_lb": 1e-06,
      "head_a": 98.53058828978764,
      "head_a_tag": "",
      "head_b": 98.4989758392874,
      "head_b_tag": "",
      "head_lb": 84.91835360074052,
      "head_ub": 115.08164639925948
    },
    "25": {
      "demand_a": 0.003632443549930173,
      "demand_b": 0.002265695362704854,
      "demand_lb": 1e-06,
      "head_a": 98.21749967319745,
      "head_a_tag": "",
      "head_b": 98.22019802254354,
      "head_b_tag": "",
      "head_lb": 81.56952160812698,
      "head_ub": 118.43047839187302
    },
    "26": {
      "demand_a": 0.0024388460687126056,
      "demand_b": 0.0017178046363102596,
      "demand_lb": 1e-06,
      "head_a": 98.07451630664603,
      "head_a_tag": "",
      "head_b": 98.068713854979,
      "head_b_tag": "",
      "head_lb": 79.74597586422558,
      "head_ub": 120.25402413577442
    },
    "3": {
      "demand_a": 0.01751520128482212,
      "demand_b": 0.011248956545643396,
      "demand_lb": 1e-06,
      "head_a": 99.86548845892499,
      "head_a_tag": "",
      "head_b": 99.86548845892499,
      "head_b_tag": "",
      "head_lb": 98.86528131212901,
      "head_ub": 101.13471868787099
    },
    "4": {
      "demand_a": 1.0320270040775625e-06,
      "demand_b": 0.011269090542280633,
      "demand_lb": 1e-06,
      "head_a": 99.57481215208523,
      "head_a_tag": "",
      "head_b": 99.5482244520254,
      "head_b_tag": "",
      "head_lb": 96.22023709746742,
      "head_ub": 103.77976290253258
    },
    "5": {
      "demand_a": 0.003498996311162194,
      "demand_b": 0.004381407455975386,
      "demand_lb": 1e-06,
      "head_a": 99.51121231982816,
      "head_a_tag": "",
      "head_b": 99.48462508792828,
      "head_b_tag": "",
      "head_lb": 95.64820714338538,
      "head_ub": 104.35179285661462
    },
    "6": {
      "demand_a": 0.004142374850585134,
      "demand_b": 0.0034529443180300566,
      "demand_lb": 1e-06,
      "head_a": 99.02873033784441,
      "head_a_tag": "",
      "head_b": 99.02873033784442,
      "head_b_tag": "",
      "head_lb": 89.48828179556567,
      "head_ub": 110.51171820443433
    },
    "7": {
      "demand_a": 0.003681474620218027,
      "demand_b": 0.0014932415315793007,
      "demand_lb": 1e-06,
      "head_a": 98.53920291846303,
      "head_a_tag": "",
      "head_b": 98.56546176783931,
      "head_b_tag": "",
      "head_lb": 83.45901484936377,
      "head_ub": 116.54098515063623
    },
    "8": {
      "demand_a": 0.0027032058404186012,
      "demand_b": 0.009527404098871381,
      "demand_lb": 1e-06,
      "head_a": 98.24219456335344,
      "head_a_tag": "",
      "head_b": 98.20823401376211,
      "head_b_tag": "",
      "head_lb": 81.64697482475928,
      "head_ub": 118.35302517524072
    },
    "9": {
      "demand_a": 0.012538773710366824,
      "demand_b": 0.001631321774741873,
      "demand_lb": 1e-06,
      "head_a": 99.17338892439133,
      "head_a_tag": "",
      "head_b": 99.18440298134597,
      "head_b_tag": "",
      "head_lb": 92.48894338194484,
      "head_ub": 107.51105661805516
    }
  },
  "metadata": {
    "DEMAND_LB": 1e-06,
    "DEMAND_RESTRICTION_MODE": null,
    "DEVIATION_ALPHA": null,
    "FIX_TOTAL_DEMAND": true,
    "GLOBAL_SOLVER": null,
    "HEADLOSS_MODEL": "hw",
    "MEASUREMENT_HEADS_EQUAL_ONLY": true,
    "MEASUREMENT_SITES": [
      "13",
      "6"
    ],
    "MULTI_STARTS": 1,
    "MULTI_START_NOISE": 0.05,
    "MULTI_START_NOISE_REL": 0.25,
    "NORM": 2.0,