{
  "best_bound": null,
  "demands_a": {
    "10": 0.002905611969961877,
    "11": 0.011003849118600986,
    "12": 0.007344464037320832,
    "13": 0.015595923339662355,
    "14": 0.009721696222807823,
    "15": 0.007460290738682715,
    "16": 0.008118269328477949,
    "17": 0.007102369959400194,
    "18": 0.0034543895920079136,
    "19": 0.005311381504922361,
    "20": 0.0017650055557182527,
    "21": 0.007629507194974733,
    "22": 0.004293062893541236,
    "23": 0.0016508586545734977,
    "24": 0.003490971506918225,
    "25": 0.003632443549930173,
    "26": 0.0024388460687126056,
    "27": -0.1469999998807907,
    "3": 0.01751520128482212,
    "4": 1.0320270040775625e-06,
    "5": 0.003498996311162194,
    "6": 0.004142374850585134,
    "7": 0.003681474620218027,
    "8": 0.0027032058404186012,
    "9": 0.012538773710366824
  },
  "demands_b": {
    "10": 0.01331953951643531,
    "11": 0.0021760265168252677,
    "12": 0.01422737589183367,
    "13": 0.007302210142509631,
    "14": 0.007055958448448356,
    "15": 0.01098850597839121,
    "16": 0.007275193762831565,
    "17": 0.004183955575009663,
    "18": 0.0014964568989369372,
    "19": 0.0028476979941731567,
    "20": 0.0034186473465936916,
    "21": 0.013369815921537851,
    "22": 0.005215133362827249,
    "23": 0.002233648602212635,
    "24": 0.004901967656087387,
    "25": 0.002265695362704854,
    "26": 0.0017178046363102596,
    "27": -0.14699999988079074,
    "3": 0.011248956545643396,
    "4": 0.011269090542280633,
    "5": 0.004381407455975386,
    "6": 0.0034529443180300566,
    "7": 0.0014932415315793007,
    "8": 0.009527404098871381,
    "9": 0.001631321774741873
  },
  "flows_a": {
    "1": 0.1469999998807907,
    "10": 0.01225826952131412,
    "12": 0.0645867810570706,
    "13": 0.04339195366621183,
    "14": 0.032388104547610846,
    "15": 0.025043640510290014,
    "16": 0.0195797644261706,
    "17": 0.012119473687487883,
    "18": 0.024238117657276466,
    "19": 0.0009582492781239219,
    "2": 0.1294847985959686,
    "20": 0.010951190444030414,
    "21": 0.0025365732985062977,
    "22": 0.017312191700453356,
    "23": 0.012298408577184956,
    "24": 0.002832921115552465,
    "25": 0.005730072310840321,
    "26": 0.00866508409547997,
    "27": 0.00161454445190075,
    "28": 0.002290528289426226,
    "29": 0.0017717501869223679,
    "3": 0.0327784473753565,
    "30": 0.0011642756499464246,
    "31": 0.007014225440906472,
    "32": 0.005137798385888997,
    "33": 0.00379588312538505,
    "34": 0.003128787243594812,
    "4": 0.029279451064194304,
    "5": 0.019188173977229585,
    "6": 0.015506699357011558,
    "7": 0.09670531919360802,
    "8": 0.005948902236379585,
    "9": -0.0005452239952788351
  },
  "flows_b": {
    "1": 0.1469999998807907,
    "10": 0.009358591524612039,
    "12": 0.06819145441833277,
    "13": 0.03872231597145601,
    "14": 0.036546289454630745,
    "15": 0.022318913562797076,
    "16": 0.021880859507034313,
    "17": 0.010892353528643104,
    "18": 0.022468197976430168,
    "19": -0.0010803476833858856,
    "2": 0.13575104333514731,
    "20": 0.01218248485460241,
    "21": 0.0023026330761636835,
    "22": 0.01705510234602647,
    "23": 0.013360666322562649,
    "24": 0.004907291091770845,
    "25": 0.00404657715767331,
    "26": 0.009395896629706166,
    "27": 0.0025653976362305406,
    "28": 0.0013561363602560162,
    "29": 0.0008515643351223309,
    "3": 0.03277831709275773,
    "30": 0.002165254658827331,
    "31": 0.007162248027493531,
    "32": 0.0048256780076366855,
    "33": 0.003916119005187848,
    "34": 0.003049878703999919,
    "4": 0.028396909636782347,
    "5": 0.018625366272763573,
    "6": 0.017132124741184272,
    "7": 0.09170363570010895,
    "8": 0.006318599045988717,
    "9": 0.0017538708822991491
  },
  "heads_a": {
    "10": 98.68022514180703,
    "11": 98.57566873422682,
    "12": 98.4775592203781,
    "13": 98.23869512041622,
    "14": 98.00197541254995,
    "15": 99.10385815376735,
    "16": 98.12105410340419,
    "17": 97.86437778084931,
    "18": 99.05209547583381,
    "19": 98.53733864568046,
    "20": 98.2451269717532,
    "21": 98.11519681293568,
    "22": 97.8283979566674,
    "23": 98.92574060030753,
    "24": 98.53058828978764,
    "25": 98.21749967319745,
    "26": 98.07451630664603,
    "27": 100.0,
    "3": 99.86548845892499,
    "4": 99.57481215208523,
    "5": 99.51121231982816,
    "6": 99.02873033784441,
    "7": 98.53920291846303,
    "8": 98.24219456335344,
    "9": 99.17338892439133
  },
  "heads_b": {
    "10": 98.63905585769857,
    "11": 98.5543773530943,
    "12": 98.43167217506584,
    "13": 98.23869512041624,
    "14": 98.06251418800178,
    "15": 99.09898508923442,
    "16": 98.09539081635356,
    "17": 97.94749111667447,
    "18": 99.05650804839476,
    "19": 98.51488958977579,
    "20": 98.23066360495586,
    "21": 98.07918773721597,
    "22": 97.83396747810144,
    "23": 98.9097106312417,
    "24": 98.4989758392874,
    "25": 98.22019802254354,
    "26": 98.068713854979,
    "27": 100.0,
    "3": 99.86548845892499,
    "4": 99.5482244520254,
    "5": 99.48462508792828,
    "6": 99.02873033784442,
    "7": 98.56546176783931,
    "8": 98.20823401376211,
    "9": 99.18440298134597
  },
  "max_violation": 0.0,
  "min_demand_viol": 3.202700407756258e-08,
  "norm": 2.0,
  "objective": 0.0007202999378659612,
  "p": 2,
  "radius": 0.02683840416019479,
  "solver_status": "HxSolutionStatus.OPTIMAL"
}