{
  "junctions": {
    "1": {
      "demand_a": 0.14505423054503008,
      "demand_b": 0.21121765646483187,
      "demand_lb": 1e-06,
      "head_a": 207.8274049973216,
      "head_a_tag": "",
      "head_b": 207.82740499732157,
      "head_b_tag": "",
      "head_lb": 193.62708714484413,
      "head_ub": 226.37291285515587
    },
    "2": {
      "demand_a": 0.11387835885999764,
      "demand_b": 0.08916592293496817,
      "demand_lb": 1e-06,
      "head_a": 208.3993620394407,
      "head_a_tag": "",
      "head_b": 208.3993620394407,
      "head_b_tag": "",
      "head_lb": 197.73885171300606,
      "head_ub": 222.26114828699394
    },
    "3": {
      "demand_a": 0.08201571457767759,
      "demand_b": 0.11580478590473908,
      "demand_lb": 1e-06,
      "head_a": 208.10821692632538,
      "head_a_tag": "",
      "head_b": 208.08966884990616,
      "head_b_tag": "",
      "head_lb": 195.6583771104362,
      "head_ub": 224.3416228895638
    },
    "4": {
      "demand_a": 0.09080415096977695,
      "demand_b": 0.16020941495191338,
      "demand_lb": 1e-06,
      "head_a": 207.95611933349622,
      "head_a_tag": "",
      "head_b": 207.94197006309253,
      "head_b_tag": "",
      "head_lb": 194.40450298777,
      "head_ub": 225.59549701223
    },
    "5": {
      "demand_a": 0.30883214846487256,
      "demand_b": 0.26112596689214373,
      "demand_lb": 1e-06,
      "head_a": 207.90834284062853,
      "head_a_tag": "",
      "head_b": 207.90834284062853,
      "head_b_tag": "",
      "head_lb": 194.28361303052068,
      "head_ub": 225.71638696947932
    },
    "6": {
      "demand_a": 0.37941540135101665,
      "demand_b": 0.28247625761977535,
      "demand_lb": 1e-06,
      "head_a": 207.8157555159357,
      "head_a_tag": "",
      "head_b": 207.82702726443037,
      "head_b_tag": "",
      "head_lb": 193.56687411412554,
      "head_ub": 226.43312588587446
    }
  },
  "metadata": {
    "DEMAND_INTERVALS": false,
    "DEMAND_LB": 1e-06,
    "FIX_TOTAL_DEMAND": true,
    "GLOBAL_SOLVER": "couenne",
    "HEADLOSS_MODEL": "hw",
    "MEASUREMENT_HEADS_EQUAL_ONLY": true,
    "MEASUREMENT_SITES": [
      "1",
      "5"
    ],
    "MULTI_STARTS": 10,
    "MULTI_START_NOISE": 0.05,
    "NORM": 2,
    "PIPE_BOUNDS": true,
    "PIPE_BOUND_METHOD": "perturb",
    "PIPE_BOUND_PERTURB_BASE": "base",
    "PIPE_BOUND_PERTURB_FIX_TOTAL": true,
    "PIPE_BOUND_PERTURB_SAMPLES": 25,
    "PIPE_BOUND_PERTURB_SEED": 1,
    "PIPE_BOUND_PERTURB_SIGMA": 0.1,
    "PIPE_BOUND_POLICY": "minmax",
    "PIPE_BOUND_SAFENESS": 0.85,
    "RADIUS": true,
    "SCENARIO_SOURCE": "base",
    "SINGLE_NODE_SOLUTION": false,
    "SOLVER": "hexaly_xd",
    "USE_RESERVOIR_OUTFLOW_CONSTRAINT": false,
    "WDN_NAME": "Alperovits",
    "output_dir": "data/Alperovits-B-batch-20260401-112946/1_5",
    "timestamp": "20260401-112946"
  },
  "output_dir": "data/Alperovits-B-batch-20260401-112946/1_5",
  "pipes": {
    "1": {
      "flow_a": 1.1200000047683716,
      "flow_a_tag": "lb",
      "flow_b": 1.1200000047683716,
      "flow_b_tag": "lb",
      "flow_lb": 1.1200000047683716,
      "flow_ub": 1.1200000047683716,
      "headloss_res_a": -10.660510326434622,
      "headloss_res_b": -10.660510326434622
    },
    "2": {
      "flow_a": 0.4462218678915017,
      "flow_a_tag": "lb",
      "flow_b": 0.4613533221211495,
      "flow_b_tag": "ub",
      "flow_lb": 0.44622185826301575,
      "flow_ub": 0.4613533318042755,
      "headloss_res_a": -1.6550966855072502,
      "headloss_res_b": -1.7707813257031653
    },
    "3": {
      "flow_a": 0.5598997780168722,
      "flow_a_tag": "",
      "flow_b": 0.5694807597122539,
      "flow_b_tag": "",
      "flow_lb": 0.5568748712539673,
      "flow_ub": 0.5840606689453125,
      "headloss_res_a": -2.6209472623593415,
      "headloss_res_b": -2.7125638277429514
    },
    "4": {
      "flow_a": 0.16816721261771012,
      "flow_a_tag": "ub",
      "flow_b": 0.13911864814240932,
      "flow_b_tag": "lb",
      "flow_lb": 0.13911864161491394,
      "flow_ub": 0.16816721856594086,
      "headloss_res_a": -0.22864878025541568,
      "headloss_res_b": -0.15554867087416047
    },
    "5": {
      "flow_a": 0.3009284144293851,
      "flow_a_tag": "",
      "flow_b": 0.2701526966179312,
      "flow_b_tag": "lb",
      "flow_lb": 0.27015259861946106,
      "flow_ub": 0.3175203204154968,
      "headloss_res_a": -0.7447955902098086,
      "headloss_res_b": -0.5984253420896404
    },
    "6": {
      "flow_a": 0.07848698692163153,
      "flow_a_tag": "ub",
      "flow_b": 0.01232356100184416,
      "flow_b_tag": "lb",
      "flow_lb": 0.012323553673923016,
      "flow_ub": 0.07848699390888214,
      "headloss_res_a": -0.048563538611858165,
      "headloss_res_b": -0.0011067238087109701
    },
    "7": {
      "flow_a": 0.3642061533138241,
      "flow_a_tag": "",
      "flow_b": 0.3455485362164104,
      "flow_b_tag": "lb",
      "flow_lb": 0.3455483019351959,
      "flow_ub": 0.3750304579734802,
      "headloss_res_a": -1.0966770615105967,
      "headloss_res_b": -0.985787808929294
    },
    "8": {
      "flow_a": 0.2235412174666616,
      "flow_a_tag": "",
      "flow_b": 0.22354121746667602,
      "flow_b_tag": "",
      "flow_lb": 0.211703360080719,
      "flow_ub": 0.2591662108898163,
      "headloss_res_a": -0.407501141126686,
      "headloss_res_b": -0.40750114112672053
    }
  },
  "summary": {
    "flow_at_bounds": {
      "a_lb": 2,
      "a_ub": 2,
      "b_lb": 5,
      "b_ub": 1
    },
    "head_at_bounds": {
      "a_lb": 0,
      "a_ub": 0,
      "b_lb": 0,
      "b_ub": 0
    },
    "head_bounds_count": 6,
    "junction_count": 6,
    "min_demand_slack_a": 0.08201471457767759,
    "min_demand_slack_b": 0.08916492293496817,
    "pipe_count": 8,
    "total_demand_a": 1.1200000047683716,
    "total_demand_b": 1.1200000047683716,
    "total_demand_res_a": 0.0,
    "total_demand_res_b": 0.0,
    "total_demand_target": 1.1200000047683716
  }
}