{
  "best_bound": null,
  "demands_a": {
    "1": 0.14505423054503008,
    "2": 0.11387835885999764,
    "3": 0.08201571457767759,
    "4": 0.09080415096977695,
    "5": 0.30883214846487256,
    "6": 0.37941540135101665,
    "7": -1.1200000047683716
  },
  "demands_b": {
    "1": 0.21121765646483187,
    "2": 0.08916592293496817,
    "3": 0.11580478590473908,
    "4": 0.16020941495191338,
    "5": 0.26112596689214373,
    "6": 0.28247625761977535,
    "7": -1.1200000047683716
  },
  "flows_a": {
    "1": 1.1200000047683716,
    "2": 0.4462218678915017,
    "3": 0.5598997780168722,
    "4": 0.16816721261771012,
    "5": 0.3009284144293851,
    "6": 0.07848698692163153,
    "7": 0.3642061533138241,
    "8": 0.2235412174666616
  },
  "flows_b": {
    "1": 1.1200000047683716,
    "2": 0.4613533221211495,
    "3": 0.5694807597122539,
    "4": 0.13911864814240932,
    "5": 0.2701526966179312,
    "6": 0.01232356100184416,
    "7": 0.3455485362164104,
    "8": 0.22354121746667602
  },
  "heads_a": {
    "1": 207.8274049973216,
    "2": 208.3993620394407,
    "3": 208.10821692632538,
    "4": 207.95611933349622,
    "5": 207.90834284062853,
    "6": 207.8157555159357,
    "7": 210.0
  },
  "heads_b": {
    "1": 207.82740499732157,
    "2": 208.3993620394407,
    "3": 208.08966884990616,
    "4": 207.94197006309253,
    "5": 207.90834284062853,
    "6": 207.82702726443037,
    "7": 210.0
  },
  "max_violation": 0.0,
  "min_demand_viol": 0.08201471457767759,
  "norm": 2,
  "objective": 0.022620172775965508,
  "p": 2,
  "radius": 0.1504000424732836,
  "solver_status": "HxSolutionStatus.OPTIMAL"
}