{
  "demands_a": {
    "1": 0.25180385454789483,
    "2": 0.14234010526392504,
    "3": 2.0033854408740837e-08,
    "4": 0.13102228141205308,
    "5": 0.19502853773028583,
    "6": 0.5550754246295406,
    "7": -1.275270223617554
  },
  "demands_b": {
    "1": 0.25180385454789483,
    "2": 0.0106120112703465,
    "3": 0.3136609427017066,
    "4": 0.13102228137543293,
    "5": 0.01309570906954538,
    "6": 0.5550754246526276,
    "7": -1.275270223617554
  },
  "flows_a": {
    "1": 1.2752702236175537,
    "2": 0.4649071224302913,
    "3": 0.6680229959233375,
    "4": 0.10309677923969278,
    "5": 0.43390393527159166,
    "6": 0.12117148935794901,
    "7": 0.4649071023964369,
    "8": 0.37297534390584386
  },
  "flows_b": {
    "1": 1.2752702236175537,
    "2": 0.5966352164323326,
    "3": 0.6680229959148746,
    "4": 0.10309677924476333,
    "5": 0.43390393529467836,
    "6": 0.1211714893579492,
    "7": 0.28297427373062606,
    "8": 0.372975343905844
  },
  "heads_a": {
    "1": 207.09503173828125,
    "2": 207.96490478515625,
    "3": 207.65480954844452,
    "4": 207.34975112748526,
    "5": 207.33612060546875,
    "6": 207.06900024414062,
    "7": 210.0
  },
  "heads_b": {
    "1": 207.09503173828125,
    "2": 207.96490478515625,
    "3": 207.45418760912673,
    "4": 207.34975112750084,
    "5": 207.33612060546875,
    "6": 207.06900024414062,
    "7": 210.0
  },
  "max_violation": 0.03466290962731777,
  "min_demand_viol": 2.0033854408740837e-08,
  "radius": 0.38579141942314854
}