{
  "junctions": {
    "1": {
      "demand_a": 0.2703362759202719,
      "demand_b": 0.10020099580287933,
      "demand_lb": 1e-06,
      "head_a": 207.79390411997437,
      "head_a_tag": "",
      "head_b": 207.84395055864957,
      "head_b_tag": "",
      "head_lb": 193.4611532898627,
      "head_ub": 226.5388467101373
    },
    "2": {
      "demand_a": 0.09783145193609633,
      "demand_b": 0.12049289942905417,
      "demand_lb": 1e-06,
      "head_a": 208.3993620394407,
      "head_a_tag": "",
      "head_b": 208.3993620394407,
      "head_b_tag": "",
      "head_lb": 197.73885171300606,
      "head_ub": 222.26114828699394
    },
    "3": {
      "demand_a": 0.12379401922225952,
      "demand_b": 0.07321214067247284,
      "demand_lb": 1e-06,
      "head_a": 208.08524895173446,
      "head_a_tag": "",
      "head_b": 208.113015662089,
      "head_b_tag": "",
      "head_lb": 195.62629393444394,
      "head_ub": 224.37370606555606
    },
    "4": {
      "demand_a": 0.05218085314666232,
      "demand_b": 0.08902785385047635,
      "demand_lb": 1e-06,
      "head_a": 207.9599648671377,
      "head_a_tag": "",
      "head_b": 207.9599648671377,
      "head_b_tag": "",
      "head_lb": 194.2896568934707,
      "head_ub": 225.7103431065293
    },
    "5": {
      "demand_a": 0.24731804718188544,
      "demand_b": 0.3472296507427417,
      "demand_lb": 1e-06,
      "head_a": 207.908219583354,
      "head_a_tag": "",
      "head_b": 207.9082185846817,
      "head_b_tag": "",
      "head_lb": 194.17031922671646,
      "head_ub": 225.82968077328354
    },
    "6": {
      "demand_a": 0.3285393573611962,
      "demand_b": 0.3898364642707472,
      "demand_lb": 1e-06,
      "head_a": 207.79390759737737,
      "head_a_tag": "",
      "head_b": 207.8266515160209,
      "head_b_tag": "",
      "head_lb": 193.36886889046428,
      "head_ub": 226.63113110953572
    }
  },
  "metadata": {
    "DEMAND_INTERVALS": false,
    "DEMAND_LB": 1e-06,
    "FIX_TOTAL_DEMAND": true,
    "GLOBAL_SOLVER": "couenne",
    "HEADLOSS_MODEL": "hw",
    "MEASUREMENT_HEADS_EQUAL_ONLY": true,
    "MEASUREMENT_SITES": [
      "4",
      "5"
    ],
    "MULTI_STARTS": 10,
    "MULTI_START_NOISE": 0.05,
    "NORM": 2,
    "PIPE_BOUNDS": true,
    "PIPE_BOUND_METHOD": "perturb",
    "PIPE_BOUND_PERTURB_BASE": "base",
    "PIPE_BOUND_PERTURB_FIX_TOTAL": true,
    "PIPE_BOUND_PERTURB_SAMPLES": 25,
    "PIPE_BOUND_PERTURB_SEED": 1,
    "PIPE_BOUND_PERTURB_SIGMA": 0.15,
    "PIPE_BOUND_POLICY": "minmax",
    "PIPE_BOUND_SAFENESS": 0.85,
    "RADIUS": true,
    "SCENARIO_SOURCE": "base",
    "SINGLE_NODE_SOLUTION": false,
    "SOLVER": "hexaly_xd",
    "USE_RESERVOIR_OUTFLOW_CONSTRAINT": false,
    "WDN_NAME": "Alperovits",
    "output_dir": "data/Alperovits-B-batch-20260401-112751/4_5",
    "timestamp": "20260401-112751"
  },
  "output_dir": "data/Alperovits-B-batch-20260401-112751/4_5",
  "pipes": {
    "1": {
      "flow_a": 1.1200000047683716,
      "flow_a_tag": "lb",
      "flow_b": 1.1200000047683716,
      "flow_b_tag": "lb",
      "flow_lb": 1.1200000047683716,
      "flow_ub": 1.1200000047683716,
      "headloss_res_a": -10.660510326434622,
      "headloss_res_b": -10.660510326434622
    },
    "2": {
      "flow_a": 0.4648970067501068,
      "flow_a_tag": "ub",
      "flow_b": 0.44223544001579285,
      "flow_b_tag": "lb",
      "flow_lb": 0.44223544001579285,
      "flow_ub": 0.4648970067501068,
      "headloss_res_a": -1.7984446908559089,
      "headloss_res_b": -1.6252763374079453
    },
    "3": {
      "flow_a": 0.5572715460821686,
      "flow_a_tag": "",
      "flow_b": 0.5572716653235246,
      "flow_b_tag": "",
      "flow_lb": 0.5527145266532898,
      "flow_ub": 0.5940340161323547,
      "headloss_res_a": -2.5960930162858764,
      "headloss_res_b": -2.5960943153150753
    },
    "4": {
      "flow_a": 0.1755708931844642,
      "flow_a_tag": "",
      "flow_b": 0.17557385563850403,
      "flow_b_tag": "ub",
      "flow_lb": 0.13220331072807312,
      "flow_ub": 0.17557385563850403,
      "headloss_res_a": -0.24955541081869342,
      "headloss_res_b": -0.2495645800845258
    },
    "5": {
      "flow_a": 0.32951979975104206,
      "flow_a_tag": "",
      "flow_b": 0.2926699558345442,
      "flow_b_tag": "",
      "flow_lb": 0.2579752802848816,
      "flow_ub": 0.329729825258255,
      "headloss_res_a": -0.8952915122707517,
      "headloss_res_b": -0.7039293687157049
    },
    "6": {
      "flow_a": -0.000980442389845848,
      "flow_a_tag": "lb",
      "flow_b": 0.097166508436203,
      "flow_b_tag": "ub",
      "flow_lb": -0.000980442389845848,
      "flow_ub": 0.097166508436203,
      "headloss_res_a": 5.918515815959591e-06,
      "headloss_res_b": -0.0749853567697476
    },
    "7": {
      "flow_a": 0.3411029875278473,
      "flow_a_tag": "lb",
      "flow_b": 0.36902329934332,
      "flow_b_tag": "",
      "flow_lb": 0.3411029875278473,
      "flow_ub": 0.38594850897789,
      "headloss_res_a": -0.9602473329816885,
      "headloss_res_b": -1.1262783640397414
    },
    "8": {
      "flow_a": 0.269355833530426,
      "flow_a_tag": "ub",
      "flow_b": 0.19736750423908234,
      "flow_b_tag": "lb",
      "flow_lb": 0.19736750423908234,
      "flow_ub": 0.269355833530426,
      "headloss_res_a": -0.5948504734741332,
      "headloss_res_b": -0.31648765734695344
    }
  },
  "summary": {
    "flow_at_bounds": {
      "a_lb": 3,
      "a_ub": 2,
      "b_lb": 3,
      "b_ub": 2
    },
    "head_at_bounds": {
      "a_lb": 0,
      "a_ub": 0,
      "b_lb": 0,
      "b_ub": 0
    },
    "head_bounds_count": 6,
    "junction_count": 6,
    "min_demand_slack_a": 0.05217985314666232,
    "min_demand_slack_b": 0.07321114067247284,
    "pipe_count": 8,
    "total_demand_a": 1.1200000047683716,
    "total_demand_b": 1.1200000047683716,
    "total_demand_res_a": 0.0,
    "total_demand_res_b": 0.0,
    "total_demand_target": 1.1200000047683716
  }
}