{
  "best_bound": null,
  "demands_a": {
    "1": 0.2703362759202719,
    "2": 0.09783145193609633,
    "3": 0.12379401922225952,
    "4": 0.05218085314666232,
    "5": 0.24731804718188544,
    "6": 0.3285393573611962,
    "7": -1.1200000047683716
  },
  "demands_b": {
    "1": 0.10020099580287933,
    "2": 0.12049289942905417,
    "3": 0.07321214067247284,
    "4": 0.08902785385047635,
    "5": 0.3472296507427417,
    "6": 0.3898364642707472,
    "7": -1.1200000047683716
  },
  "flows_a": {
    "1": 1.1200000047683716,
    "2": 0.4648970067501068,
    "3": 0.5572715460821686,
    "4": 0.1755708931844642,
    "5": 0.32951979975104206,
    "6": -0.000980442389845848,
    "7": 0.3411029875278473,
    "8": 0.269355833530426
  },
  "flows_b": {
    "1": 1.1200000047683716,
    "2": 0.44223544001579285,
    "3": 0.5572716653235246,
    "4": 0.17557385563850403,
    "5": 0.2926699558345442,
    "6": 0.097166508436203,
    "7": 0.36902329934332,
    "8": 0.19736750423908234
  },
  "heads_a": {
    "1": 207.79390411997437,
    "2": 208.3993620394407,
    "3": 208.08524895173446,
    "4": 207.9599648671377,
    "5": 207.908219583354,
    "6": 207.79390759737737,
    "7": 210.0
  },
  "heads_b": {
    "1": 207.84395055864957,
    "2": 208.3993620394407,
    "3": 208.113015662089,
    "4": 207.9599648671377,
    "5": 207.9082185846817,
    "6": 207.8266515160209,
    "7": 210.0
  },
  "max_violation": 0.0,
  "min_demand_viol": 0.05217985314666232,
  "norm": 2,
  "objective": 0.047115446483174575,
  "p": 2,
  "radius": 0.21706092804365917,
  "solver_status": "HxSolutionStatus.OPTIMAL"
}