{
  "junctions": {
    "1": {
      "demand_a": 0.24684263740439813,
      "demand_b": 0.133216384201877,
      "demand_lb": 1e-06,
      "head_a": 207.8019068955745,
      "head_a_tag": "",
      "head_b": 207.8351634192078,
      "head_b_tag": "",
      "head_lb": 193.62708714484413,
      "head_ub": 226.37291285515587
    },
    "2": {
      "demand_a": 0.08916594288560731,
      "demand_b": 0.11387838337161127,
      "demand_lb": 1e-06,
      "head_a": 208.3993620394407,
      "head_a_tag": "",
      "head_b": 208.3993620394407,
      "head_b_tag": "",
      "head_lb": 197.73885171300606,
      "head_ub": 222.26114828699394
    },
    "3": {
      "demand_a": 0.11580482667444075,
      "demand_b": 0.08201574185656701,
      "demand_lb": 1e-06,
      "head_a": 208.08966884651772,
      "head_a_tag": "",
      "head_b": 208.10821692940226,
      "head_b_tag": "",
      "head_lb": 195.6583771104362,
      "head_ub": 224.3416228895638
    },
    "4": {
      "demand_a": 0.12934441259088103,
      "demand_b": 0.09990278859324564,
      "demand_lb": 1e-06,
      "head_a": 207.94197009651455,
      "head_a_tag": "",
      "head_b": 207.95611936536883,
      "head_b_tag": "",
      "head_lb": 194.40450298777,
      "head_ub": 225.59549701223
    },
    "5": {
      "demand_a": 0.2255009482773912,
      "demand_b": 0.32066996391455593,
      "demand_lb": 1e-06,
      "head_a": 207.90834287335576,
      "head_a_tag": "",
      "head_b": 207.90834287335576,
      "head_b_tag": "",
      "head_lb": 194.28361303052068,
      "head_ub": 225.71638696947932
    },
    "6": {
      "demand_a": 0.3133412369356532,
      "demand_b": 0.37031674283051474,
      "demand_lb": 1e-06,
      "head_a": 207.8015291626109,
      "head_a_tag": "",
      "head_b": 207.82351393797458,
      "head_b_tag": "",
      "head_lb": 193.56687411412554,
      "head_ub": 226.43312588587446
    }
  },
  "metadata": {
    "DEMAND_INTERVALS": false,
    "DEMAND_LB": 1e-06,
    "FIX_TOTAL_DEMAND": true,
    "GLOBAL_SOLVER": "couenne",
    "HEADLOSS_MODEL": "hw",
    "MEASUREMENT_HEADS_EQUAL_ONLY": true,
    "MEASUREMENT_SITES": [
      "5"
    ],
    "MULTI_STARTS": 10,
    "MULTI_START_NOISE": 0.05,
    "NORM": 2,
    "PIPE_BOUNDS": true,
    "PIPE_BOUND_METHOD": "perturb",
    "PIPE_BOUND_PERTURB_BASE": "base",
    "PIPE_BOUND_PERTURB_FIX_TOTAL": true,
    "PIPE_BOUND_PERTURB_SAMPLES": 25,
    "PIPE_BOUND_PERTURB_SEED": 1,
    "PIPE_BOUND_PERTURB_SIGMA": 0.1,
    "PIPE_BOUND_POLICY": "minmax",
    "PIPE_BOUND_SAFENESS": 0.85,
    "RADIUS": true,
    "SCENARIO_SOURCE": "base",
    "SINGLE_NODE_SOLUTION": false,
    "SOLVER": "hexaly_xd",
    "USE_RESERVOIR_OUTFLOW_CONSTRAINT": false,
    "WDN_NAME": "Alperovits",
    "output_dir": "data/Alperovits-B-batch-20260401-112347/5",
    "timestamp": "20260401-112347"
  },
  "output_dir": "data/Alperovits-B-batch-20260401-112347/5",
  "pipes": {
    "1": {
      "flow_a": 1.1200000047683716,
      "flow_a_tag": "lb",
      "flow_b": 1.1200000047683716,
      "flow_b_tag": "lb",
      "flow_lb": 1.1200000047683716,
      "flow_ub": 1.1200000047683716,
      "headloss_res_a": -10.660510326434622,
      "headloss_res_b": -10.660510326434622
    },
    "2": {
      "flow_a": 0.4613533248461525,
      "flow_a_tag": "ub",
      "flow_b": 0.44622186534458225,
      "flow_b_tag": "lb",
      "flow_lb": 0.44622185826301575,
      "flow_ub": 0.4613533318042755,
      "headloss_res_a": -1.7707813468915514,
      "headloss_res_b": -1.655096666366834
    },
    "3": {
      "flow_a": 0.5694807370366118,
      "flow_a_tag": "",
      "flow_b": 0.5598997560521781,
      "flow_b_tag": "",
      "flow_lb": 0.5568748712539673,
      "flow_ub": 0.5840606689453125,
      "headloss_res_a": -2.7125636087217457,
      "headloss_res_b": -2.620947053817525
    },
    "4": {
      "flow_a": 0.1391186496936301,
      "flow_a_tag": "lb",
      "flow_b": 0.16816721099282714,
      "flow_b_tag": "ub",
      "flow_lb": 0.13911864161491394,
      "flow_ub": 0.16816721856594086,
      "headloss_res_a": -0.15554867439811598,
      "headloss_res_b": -0.22864877576821724
    },
    "5": {
      "flow_a": 0.3010176747521007,
      "flow_a_tag": "",
      "flow_b": 0.2918297564661053,
      "flow_b_tag": "",
      "flow_lb": 0.27015259861946106,
      "flow_ub": 0.3175203204154968,
      "headloss_res_a": -0.7452436574543941,
      "headloss_res_b": -0.699837065737916
    },
    "6": {
      "flow_a": 0.012323562183552501,
      "flow_a_tag": "lb",
      "flow_b": 0.0784869863644094,
      "flow_b_tag": "ub",
      "flow_lb": 0.012323553673923016,
      "flow_ub": 0.07848699390888214,
      "headloss_res_a": -0.001106724021010496,
      "headloss_res_b": -0.048563537909569146
    },
    "7": {
      "flow_a": 0.34554849817171174,
      "flow_a_tag": "lb",
      "flow_b": 0.36420612348801523,
      "flow_b_tag": "",
      "flow_lb": 0.3455483019351959,
      "flow_ub": 0.3750304579734802,
      "headloss_res_a": -0.9857875880478288,
      "headloss_res_b": -1.0966768788049253
    },
    "8": {
      "flow_a": 0.2591661995879506,
      "flow_a_tag": "ub",
      "flow_b": 0.2117033705662864,
      "flow_b_tag": "lb",
      "flow_lb": 0.211703360080719,
      "flow_ub": 0.2591662108898163,
      "headloss_res_a": -0.5500898506349943,
      "headloss_res_b": -0.36489773603804676
    }
  },
  "summary": {
    "flow_at_bounds": {
      "a_lb": 4,
      "a_ub": 2,
      "b_lb": 3,
      "b_ub": 2
    },
    "head_at_bounds": {
      "a_lb": 0,
      "a_ub": 0,
      "b_lb": 0,
      "b_ub": 0
    },
    "head_bounds_count": 6,
    "junction_count": 6,
    "min_demand_slack_a": 0.0891649428856073,
    "min_demand_slack_b": 0.08201474185656701,
    "pipe_count": 8,
    "total_demand_a": 1.1200000047683716,
    "total_demand_b": 1.1200000047683716,
    "total_demand_res_a": 0.0,
    "total_demand_res_b": 0.0,
    "total_demand_target": 1.1200000047683716
  }
}