{
  "best_bound": null,
  "demands_a": {
    "1": 0.24684263740439813,
    "2": 0.08916594288560731,
    "3": 0.11580482667444075,
    "4": 0.12934441259088103,
    "5": 0.2255009482773912,
    "6": 0.3133412369356532,
    "7": -1.1200000047683716
  },
  "demands_b": {
    "1": 0.133216384201877,
    "2": 0.11387838337161127,
    "3": 0.08201574185656701,
    "4": 0.09990278859324564,
    "5": 0.32066996391455593,
    "6": 0.37031674283051474,
    "7": -1.1200000047683716
  },
  "flows_a": {
    "1": 1.1200000047683716,
    "2": 0.4613533248461525,
    "3": 0.5694807370366118,
    "4": 0.1391186496936301,
    "5": 0.3010176747521007,
    "6": 0.012323562183552501,
    "7": 0.34554849817171174,
    "8": 0.2591661995879506
  },
  "flows_b": {
    "1": 1.1200000047683716,
    "2": 0.44622186534458225,
    "3": 0.5598997560521781,
    "4": 0.16816721099282714,
    "5": 0.2918297564661053,
    "6": 0.0784869863644094,
    "7": 0.36420612348801523,
    "8": 0.2117033705662864
  },
  "heads_a": {
    "1": 207.8019068955745,
    "2": 208.3993620394407,
    "3": 208.08966884651772,
    "4": 207.94197009651455,
    "5": 207.90834287335576,
    "6": 207.8015291626109,
    "7": 210.0
  },
  "heads_b": {
    "1": 207.8351634192078,
    "2": 208.3993620394407,
    "3": 208.10821692940226,
    "4": 207.95611936536883,
    "5": 207.90834287335576,
    "6": 207.82351393797458,
    "7": 210.0
  },
  "max_violation": 0.0,
  "min_demand_viol": 0.08201474185656701,
  "norm": 2,
  "objective": 0.027833491417387644,
  "p": 1,
  "radius": 0.16683372386117756,
  "solver_status": "HxSolutionStatus.OPTIMAL"
}