{
  "best_bound": null,
  "demands_a": {
    "10": 0.013387436214063353,
    "11": 0.0021760383407560674,
    "12": 0.014228321623759088,
    "13": 0.008186439188852576,
    "14": 0.006822938283041434,
    "15": 0.01098850751810114,
    "16": 0.006389993128537825,
    "17": 0.006057666094613204,
    "18": 0.0014964522592556158,
    "19": 0.0028482439573590673,
    "20": 0.004334823646084939,
    "21": 0.011812955997437162,
    "22": 0.003949539383110892,
    "23": 0.002233662908633512,
    "24": 0.004902105309508239,
    "25": 0.002534116755539259,
    "26": 0.0017142511898022828,
    "27": -0.1469999998807907,
    "3": 0.01124898176982822,
    "4": 0.01126909474606444,
    "5": 0.004644635885421994,
    "6": 0.0029535891309421733,
    "7": 0.0016614507873251513,
    "8": 0.009527413742837651,
    "9": 0.0016313420199154383
  },
  "demands_b": {
    "10": 0.0029000606830480447,
    "11": 0.011003839365699347,
    "12": 0.0070415479026510845,
    "13": 0.015894998607274956,
    "14": 0.010496510683487786,
    "15": 0.007460289159493167,
    "16": 0.008122077201091052,
    "17": 0.004432777758063248,
    "18": 0.0034543935205779263,
    "19": 0.005140066626456937,
    "20": 0.0019322266357959684,
    "21": 0.008527743115355365,
    "22": 0.005361427720394168,
    "23": 0.0016508544884427682,
    "24": 0.003443412282469415,
    "25": 0.0036791528411057118,
    "26": 0.002372062819564989,
    "27": -0.14699999988079068,
    "3": 0.017388231572433327,
    "4": 1.0313560545316403e-06,
    "5": 0.0034472232625820005,
    "6": 0.0040988845709577885,
    "7": 0.0037823042163436446,
    "8": 0.0027031768929989975,
    "9": 0.012665706598448498
  },
  "flows_a": {
    "1": 0.1469999998807907,
    "10": 0.0093585570581537,
    "12": 0.06819139753944031,
    "13": 0.03872229425517188,
    "14": 0.036546255914415814,
    "15": 0.022317934290656725,
    "16": 0.021880860412787823,
    "17": 0.010892352894686683,
    "18": 0.02246819718489736,
    "19": -0.0010803081416898455,
    "2": 0.1357510181109625,
    "20": 0.011297333633495844,
    "21": 0.002535618775112267,
    "22": 0.017054567238013952,
    "23": 0.012443963711559088,
    "24": 0.004907340504958019,
    "25": 0.004686669906802839,
    "26": 0.009395900635431068,
    "27": 0.00256538598952434,
    "28": 0.0013560880220597701,
    "29": 0.000851678312277107,
    "3": 0.03277832339275449,
    "30": 0.0011646225873019008,
    "31": 0.007162237726797555,
    "32": 0.0048255184068136565,
    "33": 0.0036474896733341674,
    "34": 0.0027849167958089913,
    "4": 0.028133687507332493,
    "5": 0.018793568261698042,
    "6": 0.01713211747437289,
    "7": 0.09170359997214357,
    "8": 0.00638653011469228,
    "9": 0.00175385332661846
  },
  "flows_b": {
    "1": 0.1469999998807907,
    "10": 0.012258316336549075,
    "12": 0.06458681699754913,
    "13": 0.04339197993881003,
    "14": 0.03238814057311068,
    "15": 0.025346592670459595,
    "16": 0.019579763527725,
    "17": 0.012119474368231832,
    "18": 0.02423810775169166,
    "19": 0.0009582677428289281,
    "2": 0.12961176830835738,
    "20": 0.010955074979161697,
    "21": 0.0017618056530612886,
    "22": 0.01748354898223308,
    "23": 0.012302385056553657,
    "24": 0.0028329977780706447,
    "25": 0.0048361032034945454,
    "26": 0.008665080847653906,
    "27": 0.001614492143001639,
    "28": 0.002290669547054529,
    "29": 0.0017715365157743915,
    "3": 0.03277844982858023,
    "30": 0.0021651310984925867,
    "31": 0.0070142263592111375,
    "32": 0.005185306219743362,
    "33": 0.003796822925692179,
    "34": 0.003196296621901582,
    "4": 0.029331226565998233,
    "5": 0.019289010619039846,
    "6": 0.015506706402696201,
    "7": 0.09683228712372263,
    "8": 0.0059433313760006,
    "9": -0.0005452131731481291
  },
  "heads_a": {
    "10": 98.63905707184635,
    "11": 98.55437865519644,
    "12": 98.43167368574026,
    "13": 98.23871231194154,
    "14": 98.06253294083568,
    "15": 99.09898545440659,
    "16": 98.11409229122394,
    "17": 97.92503140978977,
    "18": 99.05650841843205,
    "19": 98.5148908120616,
    "20": 98.23068134259519,
    "21": 98.0978889104902,
    "22": 97.88903172926979,
    "23": 98.90971089507764,
    "24": 98.4989771989399,
    "25": 98.22021645802363,
    "26": 98.08741245854749,
    "27": 100.0,
    "3": 99.86548845892499,
    "4": 99.54822456120573,
    "5": 99.48462517449146,
    "6": 99.03652580571539,
    "7": 98.56547924547588,
    "8": 98.20825177242199,
    "9": 99.1844033530412
  },
  "heads_b": {
    "10": 98.67871990722617,
    "11": 98.57416338240698,
    "12": 98.47605366646823,
    "13": 98.23181059259242,
    "14": 97.9950890550094,
    "15": 99.10235343335414,
    "16": 98.11409229122393,
    "17": 97.92503140978974,
    "18": 99.0505907503079,
    "19": 98.5358335192838,
    "20": 98.23824267187435,
    "21": 98.10823470785921,
    "22": 97.81151979079971,
    "23": 98.92423597472069,
    "24": 98.52908357107222,
    "25": 98.21061221930252,
    "26": 98.06756330739313,
    "27": 100.0,
    "3": 99.86548845892499,
    "4": 99.57428405553051,
    "5": 99.51068421446722,
    "6": 99.02662093893282,
    "7": 98.53231850939599,
    "8": 98.23530990464573,
    "9": 99.1718841980433
  },
  "max_violation": 0.0,
  "min_demand_viol": 3.13560545316403e-08,
  "norm": 2.0,
  "objective": 0.0007026569110947182,
  "p": 2,
  "radius": 0.02650767645597626,
  "solver_status": "HxSolutionStatus.OPTIMAL"
}