{
  "best_bound": null,
  "demands_a": {
    "10": 0.0037617409513737293,
    "11": 0.010988187804751845,
    "12": 0.007585394877933128,
    "13": 0.01533397458341077,
    "14": 0.009716825826297095,
    "15": 0.00749330834667512,
    "16": 0.008110714466599967,
    "17": 0.00704924585963168,
    "18": 0.00338553834230762,
    "19": 0.005391430978242566,
    "20": 0.0016912351823334115,
    "21": 0.007676400599049452,
    "22": 0.004329236665409763,
    "23": 0.0016131264798479091,
    "24": 0.003651068675778321,
    "25": 0.0035555269648288846,
    "26": 0.0024108857482623624,
    "27": -0.1469999998807907,
    "3": 0.015232441774163968,
    "4": 5.208254571092974e-06,
    "5": 0.006111018053653147,
    "6": 0.00328622604897787,
    "7": 0.003920324444935053,
    "8": 0.0027376762657787164,
    "9": 0.011963262685977222
  },
  "demands_b": {
    "10": 0.011748041396265868,
    "11": 0.0021913028750132346,
    "12": 0.014134437994001003,
    "13": 0.007408247810057505,
    "14": 0.007062629916196045,
    "15": 0.010955715915718447,
    "16": 0.007289108720012715,
    "17": 0.004230997531626988,
    "18": 0.0015710492710232227,
    "19": 0.0028499039726019096,
    "20": 0.00341968612441366,
    "21": 0.013310343703274162,
    "22": 0.005177215516226577,
    "23": 0.0023697534674138104,
    "24": 0.004663742340547649,
    "25": 0.002328097444017933,
    "26": 0.0017451173854815608,
    "27": -0.1469999998807907,
    "3": 0.011261621091699231,
    "4": 0.011242672221263073,
    "5": 0.004610484589165589,
    "6": 0.0036395601832850885,
    "7": 0.0012274104261162481,
    "8": 0.009492707388470146,
    "9": 0.0030701525968990506
  },
  "flows_a": {
    "1": 0.1469999998807907,
    "10": 0.012245251363785516,
    "12": 0.0652728943286198,
    "13": 0.04338251508290811,
    "14": 0.03239432727815626,
    "15": 0.024808932400223135,
    "16": 0.019589793328498157,
    "17": 0.012096484981823037,
    "18": 0.024227719317248646,
    "19": 0.00094434012956401,
    "2": 0.13176755810662674,
    "20": 0.010956120255295843,
    "21": 0.0025284255374884213,
    "22": 0.017188614797078765,
    "23": 0.012297087856557597,
    "24": 0.002845405788695876,
    "25": 0.00571356599895702,
    "26": 0.008710946639515417,
    "27": 0.0016476735419273141,
    "28": 0.0022559516286237463,
    "29": 0.0017525270472470021,
    "3": 0.034936399508960464,
    "30": 0.001192745676813761,
    "31": 0.007097820159667508,
    "32": 0.005094425025816501,
    "33": 0.0037948496896113627,
    "34": 0.0031364909885960024,
    "4": 0.028825381455307317,
    "5": 0.019440074383418753,
    "6": 0.0155197499384837,
    "7": 0.09682595034309517,
    "8": 0.006099081022910694,
    "9": -0.0005368223089194679
  },
  "flows_b": {
    "1": 0.1469999998807907,
    "10": 0.009371826357868122,
    "12": 0.06676698744018016,
    "13": 0.038731518965595645,
    "14": 0.03654021609058241,
    "15": 0.022405778096581407,
    "16": 0.021870768367987955,
    "17": 0.010915052452269508,
    "18": 0.022478813283425148,
    "19": -0.0010744246547546195,
    "2": 0.13573837878909148,
    "20": 0.012177528644518836,
    "21": 0.002309196441672077,
    "22": 0.01709403427885528,
    "23": 0.013353911332475129,
    "24": 0.004888419924506121,
    "25": 0.004062258493528391,
    "26": 0.009344003181246285,
    "27": 0.002534875031967957,
    "28": 0.0013948614767211108,
    "29": 0.0008697290601786966,
    "3": 0.03278779816276125,
    "30": 0.0021404574035734794,
    "31": 0.006974249713832475,
    "32": 0.004845382405252783,
    "33": 0.0039121464379559615,
    "34": 0.0030367581126530974,
    "4": 0.02817731357359566,
    "5": 0.01834636718520407,
    "6": 0.01711895675908782,
    "7": 0.09170790840506717,
    "8": 0.006191386205106503,
    "9": 0.001745576987250446
  },
  "heads_a": {
    "10": 98.6599891064139,
    "11": 98.55547481501621,
    "12": 98.45733038849346,
    "13": 98.2225956634984,
    "14": 97.9862489930694,
    "15": 99.09330254253082,
    "16": 98.1048565503306,
    "17": 97.84946881513446,
    "18": 99.04172155725195,
    "19": 98.51721611605102,
    "20": 98.22885568312941,
    "21": 98.09895136434865,
    "22": 97.81184274801811,
    "23": 98.91412532612799,
    "24": 98.51020699660386,
    "25": 98.20199578646023,
    "26": 98.05908450522175,
    "27": 100.0,
    "3": 99.86548845892499,
    "4": 99.56525037449872,
    "5": 99.49367931959894,
    "6": 99.02496310990712,
    "7": 98.52346734957752,
    "8": 98.22599589336515,
    "9": 99.16289928501273
  },
  "heads_b": {
    "10": 98.65998910641392,
    "11": 98.57527332609735,
    "12": 98.4526059104308,
    "13": 98.25823558536578,
    "14": 98.0819390099443,
    "15": 99.0990814510621,
    "16": 98.11503923531038,
    "17": 97.9663080403748,
    "18": 99.05644032702597,
    "19": 98.53571417182953,
    "20": 98.25028542841594,
    "21": 98.09895136434868,
    "22": 97.85518045786104,
    "23": 98.91114090503385,
    "24": 98.52014929832231,
    "25": 98.23925965307714,
    "26": 98.08805995512176,
    "27": 100.0,
    "3": 99.86548845892499,
    "4": 99.54827926596013,
    "5": 99.48464582826729,
    "6": 99.035258752065,
    "7": 98.58476013447765,
    "8": 98.2280407176658,
    "9": 99.18442640072959
  },
  "max_violation": 0.0,
  "min_demand_viol": 4.208254571092974e-06,
  "norm": 2.0,
  "objective": 0.0005996654479443838,
  "p": 2,
  "radius": 0.024488067460385347,
  "solver_status": "HxSolutionStatus.OPTIMAL"
}