{
  "best_bound": null,
  "demands_a": {
    "1": 0.2703362659034529,
    "2": 0.08350567079628046,
    "3": 0.12379391255118438,
    "4": 0.13324209120371833,
    "5": 0.20395057983764475,
    "6": 0.3051714844760907,
    "7": -1.1200000047683716
  },
  "demands_b": {
    "1": 0.10020100758561422,
    "2": 0.12049372129985603,
    "3": 0.07321357942168072,
    "4": 0.08902732679738079,
    "5": 0.34722820497059625,
    "6": 0.3898361646932435,
    "7": -1.1200000047683714
  },
  "flows_a": {
    "1": 1.1200000047683716,
    "2": 0.4648970020397407,
    "3": 0.5715973319323503,
    "4": 0.13220331624892415,
    "5": 0.30615192447970785,
    "6": -0.0009804400036171536,
    "7": 0.34110308948855633,
    "8": 0.26935582589983575
  },
  "flows_b": {
    "1": 1.1200000047683716,
    "2": 0.44223544482239857,
    "3": 0.5572708386461169,
    "4": 0.17557385063504777,
    "5": 0.29266966121368837,
    "6": 0.09716650347955515,
    "7": 0.36902186540071785,
    "8": 0.19736751106516937
  },
  "heads_a": {
    "1": 207.79390381913277,
    "2": 208.3993620394407,
    "3": 208.08524895762883,
    "4": 207.93881672489783,
    "5": 207.90821949131958,
    "6": 207.79390729648304,
    "7": 210.0
  },
  "heads_b": {
    "1": 207.84395192395607,
    "2": 208.3993620394407,
    "3": 208.11301565632522,
    "4": 207.95996598691931,
    "5": 207.9082194913196,
    "6": 207.82665288296195,
    "7": 210.0
  },
  "max_violation": 0.0,
  "min_demand_viol": 0.07321257942168072,
  "norm": 2,
  "objective": 0.06252402343394356,
  "p": 1,
  "radius": 0.2500480422517712,
  "solver_status": "HxSolutionStatus.OPTIMAL"
}