{
  "junctions": {
    "10": {
      "demand_a": 0.013360233819696463,
      "demand_b": 0.002926711266990581,
      "demand_lb": 1e-06,
      "head_a": 98.63909707229091,
      "head_a_tag": "",
      "head_b": 98.67988367287484,
      "head_b_tag": "",
      "head_lb": 86.59928162241783,
      "head_ub": 113.40071837758217
    },
    "11": {
      "demand_a": 0.0021897795779489276,
      "demand_b": 0.010989804701676757,
      "demand_lb": 1e-06,
      "head_a": 98.55438766037348,
      "head_a_tag": "",
      "head_b": 98.57536213954796,
      "head_b_tag": "",
      "head_lb": 85.54316009208108,
      "head_ub": 114.45683990791892
    },
    "12": {
      "demand_a": 0.014159384031047217,
      "demand_b": 0.007316633940017879,
      "demand_lb": 1e-06,
      "head_a": 98.43172054850653,
      "head_a_tag": "",
      "head_b": 98.47721767821707,
      "head_b_tag": "",
      "head_lb": 84.33481739251032,
      "head_ub": 115.66518260748968
    },
    "13": {
      "demand_a": 0.008127257423834633,
      "demand_b": 0.01513195451143182,
      "demand_lb": 1e-06,
      "head_a": 98.23775160358434,
      "head_a_tag": "",
      "head_b": 98.23775160358433,
      "head_b_tag": "",
      "head_lb": 82.05642023912475,
      "head_ub": 117.94357976087525
    },
    "14": {
      "demand_a": 0.006621018047573284,
      "demand_b": 0.010575454444516765,
      "demand_lb": 1e-06,
      "head_a": 98.0613185233232,
      "head_a_tag": "",
      "head_b": 98.00154714152583,
      "head_b_tag": "",
      "head_lb": 78.36141323779582,
      "head_ub": 121.63858676220418
    },
    "15": {
      "demand_a": 0.010956919538656679,
      "demand_b": 0.007491917424612828,
      "demand_lb": 1e-06,
      "head_a": 99.0990250631749,
      "head_a_tag": "",
      "head_b": 99.10351940941713,
      "head_b_tag": "",
      "head_lb": 91.7092797959201,
      "head_ub": 108.2907202040799
    },
    "16": {
      "demand_a": 0.008586126864428088,
      "demand_b": 0.006539468197850123,
      "demand_lb": 1e-06,
      "head_a": 98.11033199384259,
      "head_a_tag": "",
      "head_b": 98.11033199384258,
      "head_b_tag": "",
      "head_lb": 80.45195379991088,
      "head_ub": 119.54804620008912
    },
    "17": {
      "demand_a": 0.006669104473135791,
      "demand_b": 0.0039526209846958895,
      "demand_lb": 1e-06,
      "head_a": 97.9010415675186,
      "head_a_tag": "",
      "head_b": 97.93838863362724,
      "head_b_tag": "",
      "head_lb": 76.27685648606263,
      "head_ub": 123.72314351393737
    },
    "18": {
      "demand_a": 0.0015734806732126735,
      "demand_b": 0.003379367699691877,
      "demand_lb": 1e-06,
      "head_a": 99.05638210537137,
      "head_a_tag": "",
      "head_b": 99.05193855161032,
      "head_b_tag": "",
      "head_lb": 91.21616132819784,
      "head_ub": 108.78383867180216
    },
    "19": {
      "demand_a": 0.0028595083641871077,
      "demand_b": 0.005246293709913662,
      "demand_lb": 1e-06,
      "head_a": 98.51484438303979,
      "head_a_tag": "",
      "head_b": 98.53708740376491,
      "head_b_tag": "",
      "head_lb": 85.09107641733966,
      "head_ub": 114.90892358266034
    },
    "20": {
      "demand_a": 0.0047123731223976065,
      "demand_b": 0.000829650574666399,
      "demand_lb": 1e-06,
      "head_a": 98.22981762752748,
      "head_a_tag": "",
      "head_b": 98.24409446387685,
      "head_b_tag": "",
      "head_lb": 81.95592940539649,
      "head_ub": 118.04407059460351
    },
    "21": {
      "demand_a": 0.008043711917541097,
      "demand_b": 0.012880340646563317,
      "demand_lb": 1e-06,
      "head_a": 98.10441858718218,
      "head_a_tag": "",
      "head_b": 98.09420885989297,
      "head_b_tag": "",
      "head_lb": 80.29368313429404,
      "head_ub": 119.70631686570596
    },
    "22": {
      "demand_a": 0.004011990895962533,
      "demand_b": 0.005343990834195535,
      "demand_lb": 1e-06,
      "head_a": 97.86287227737567,
      "head_a_tag": "",
      "head_b": 97.82686567800343,
      "head_b_tag": "",
      "head_lb": 75.36701637652837,
      "head_ub": 124.63298362347163
    },
    "23": {
      "demand_a": 0.002168802836237908,
      "demand_b": 0.0017130934313216535,
      "demand_lb": 1e-06,
      "head_a": 98.91114539913114,
      "head_a_tag": "",
      "head_b": 98.92417531258393,
      "head_b_tag": "",
      "head_lb": 89.28563267090023,
      "head_ub": 110.71436732909977
    },
    "24": {
      "demand_a": 0.004870046163928997,
      "demand_b": 0.0035115919355419257,
      "demand_lb": 1e-06,
      "head_a": 98.49926556071092,
      "head_a_tag": "",
      "head_b": 98.5300883970997,
      "head_b_tag": "",
      "head_lb": 84.91835360074052,
      "head_ub": 115.08164639925948
    },
    "25": {
      "demand_a": 0.0022582893743682006,
      "demand_b": 0.003752527055549231,
      "demand_lb": 1e-06,
      "head_a": 98.2190524312266,
      "head_a_tag": "",
      "head_b": 98.21688613676235,
      "head_b_tag": "",
      "head_lb": 81.56952160812698,
      "head_ub": 118.43047839187302
    },
    "26": {
      "demand_a": 0.002899813314220804,
      "demand_b": 0.001325865497658998,
      "demand_lb": 1e-06,
      "head_a": 98.06457221153094,
      "head_a_tag": "",
      "head_b": 98.08337358574867,
      "head_b_tag": "",
      "head_lb": 79.74597586422558,
      "head_ub": 120.25402413577442
    },
    "3": {
      "demand_a": 0.011255173950945219,
      "demand_b": 0.017477403891445475,
      "demand_lb": 1e-06,
      "head_a": 99.86548845892499,
      "head_a_tag": "",
      "head_b": 99.86548845892499,
      "head_b_tag": "",
      "head_lb": 98.86528131212901,
      "head_ub": 101.13471868787099
    },
    "4": {
      "demand_a": 0.011243657521055828,
      "demand_b": 3.5259920485031238e-06,
      "demand_lb": 1e-06,
      "head_a": 99.54825136237356,
      "head_a_tag": "",
      "head_b": 99.57465499003625,
      "head_b_tag": "",
      "head_lb": 96.22023709746742,
      "head_ub": 103.77976290253258
    },
    "5": {
      "demand_a": 0.004632293679153323,
      "demand_b": 0.003517163123774293,
      "demand_lb": 1e-06,
      "head_a": 99.48460707501476,
      "head_a_tag": "",
      "head_b": 99.51098664335466,
      "head_b_tag": "",
      "head_lb": 95.64820714338538,
      "head_ub": 104.35179285661462
    },
    "6": {
      "demand_a": 0.0029748559991590977,
      "demand_b": 0.004135880432994378,
      "demand_lb": 1e-06,
      "head_a": 99.03577484155504,
      "head_a_tag": "",
      "head_b": 99.02847733759874,
      "head_b_tag": "",
      "head_lb": 89.48828179556567,
      "head_ub": 110.51171820443433
    },
    "7": {
      "demand_a": 0.0016850242603928568,
      "demand_b": 0.0036745606755695746,
      "demand_lb": 1e-06,
      "head_a": 98.56424382426961,
      "head_a_tag": "",
      "head_b": 98.538639246079,
      "head_b_tag": "",
      "head_lb": 83.45901484936377,
      "head_ub": 116.54098515063623
    },
    "8": {
      "demand_a": 0.009490184330379627,
      "demand_b": 0.002741988591414111,
      "demand_lb": 1e-06,
      "head_a": 98.20752358205256,
      "head_a_tag": "",
      "head_b": 98.24115225635265,
      "head_b_tag": "",
      "head_lb": 81.64697482475928,
      "head_ub": 118.35302517524072
    },
    "9": {
      "demand_a": 0.0016509697013267488,
      "demand_b": 0.012542190316649118,
      "demand_lb": 1e-06,
      "head_a": 99.18438054334393,
      "head_a_tag": "",
      "head_b": 99.17310689425521,
      "head_b_tag": "",
      "head_lb": 92.48894338194484,
      "head_ub": 107.51105661805516
    }
  },
  "metadata": {
    "DEMAND_LB": 1e-06,
    "DEMAND_RESTRICTION_MODE": null,
    "DEVIATION_ALPHA": null,
    "FIX_TOTAL_DEMAND": true,
    "GLOBAL_SOLVER": null,
    "HEADLOSS_MODEL": "hw",
    "MEASUREMENT_HEADS_EQUAL_ONLY": true,
    "MEASUREMENT_SITES": [
      "13",
      "16"
    ],
    "MULTI_STARTS": 1,
    "MULTI_START_NOISE": 0.05,
    "MULTI_START_NOISE_REL": 0.25,
    "NORM": 2.0,