{
  "best_bound": null,
  "demands_a": {
    "10": 0.013360233819696463,
    "11": 0.0021897795779489276,
    "12": 0.014159384031047217,
    "13": 0.008127257423834633,
    "14": 0.006621018047573284,
    "15": 0.010956919538656679,
    "16": 0.008586126864428088,
    "17": 0.006669104473135791,
    "18": 0.0015734806732126735,
    "19": 0.0028595083641871077,
    "20": 0.0047123731223976065,
    "21": 0.008043711917541097,
    "22": 0.004011990895962533,
    "23": 0.002168802836237908,
    "24": 0.004870046163928997,
    "25": 0.0022582893743682006,
    "26": 0.002899813314220804,
    "27": -0.14699999988079074,
    "3": 0.011255173950945219,
    "4": 0.011243657521055828,
    "5": 0.004632293679153323,
    "6": 0.0029748559991590977,
    "7": 0.0016850242603928568,
    "8": 0.009490184330379627,
    "9": 0.0016509697013267488
  },
  "demands_b": {
    "10": 0.002926711266990581,
    "11": 0.010989804701676757,
    "12": 0.007316633940017879,
    "13": 0.01513195451143182,
    "14": 0.010575454444516765,
    "15": 0.007491917424612828,
    "16": 0.006539468197850123,
    "17": 0.0039526209846958895,
    "18": 0.003379367699691877,
    "19": 0.005246293709913662,
    "20": 0.000829650574666399,
    "21": 0.012880340646563317,
    "22": 0.005343990834195535,
    "23": 0.0017130934313216535,
    "24": 0.0035115919355419257,
    "25": 0.003752527055549231,
    "26": 0.001325865497658998,
    "27": -0.14699999988079068,
    "3": 0.017477403891445475,
    "4": 3.5259920485031238e-06,
    "5": 0.003517163123774293,
    "6": 0.004135880432994378,
    "7": 0.0036745606755695746,
    "8": 0.002741988591414111,
    "9": 0.012542190316649118
  },
  "flows_a": {
    "1": 0.1469999998807907,
    "10": 0.00937540544380362,
    "12": 0.0681871566429487,
    "13": 0.03872994680460553,
    "14": 0.0365401672266566,
    "15": 0.022380783195609384,
    "16": 0.02187222544317611,
    "17": 0.01091530590451943,
    "18": 0.02247664055396085,
    "19": -0.0010732433411005861,
    "2": 0.1357448259298455,
    "20": 0.011433670803809607,
    "21": 0.0027543873962303364,
    "22": 0.017081030797749246,
    "23": 0.012064937452112788,
    "24": 0.002847543939381519,
    "25": 0.005116728666643201,
    "26": 0.009341825231306757,
    "27": 0.0025361013920244943,
    "28": 0.001376963564339438,
    "29": 0.0017520408073100093,
    "3": 0.0327908166213381,
    "30": 0.0012020115897377454,
    "31": 0.0071730223950688485,
    "32": 0.004839077623164345,
    "33": 0.003957751813135582,
    "34": 0.0028099793062247875,
    "4": 0.028158522942184776,
    "5": 0.018804002407711545,
    "6": 0.01711897814731869,
    "7": 0.09171035178745157,
    "8": 0.006379664535314133,
    "9": 0.0017466116268645571
  },
  "flows_b": {
    "1": 0.1469999998807907,
    "10": 0.012241340573414796,
    "12": 0.06459098415440671,
    "13": 0.04338413818342279,
    "14": 0.03239433348174603,
    "15": 0.02507769954172815,
    "16": 0.01958838626493785,
    "17": 0.01209646884032502,
    "18": 0.02422985220897425,
    "19": 0.0009510674143582905,
    "2": 0.12952259598934523,
    "20": 0.0114336708038096,
    "21": 0.0016658861288980304,
    "22": 0.017337169006075553,
    "23": 0.013284744661383328,
    "24": 0.004894202605959477,
    "25": 0.004431300871748961,
    "26": 0.008717101140633144,
    "27": 0.0016463894929850378,
    "28": 0.002271706355667535,
    "29": 0.0008673057490305255,
    "3": 0.03279750926130304,
    "30": 0.0021445660159511025,
    "31": 0.00700400770931149,
    "32": 0.005138805266754602,
    "33": 0.0036579845668729054,
    "34": 0.0031994248182444325,
    "4": 0.029280346137528744,
    "5": 0.01919474819955346,
    "6": 0.015520187523983887,
    "7": 0.09672156073599368,
    "8": 0.005949717504980906,
    "9": -0.0005368583591549798
  },
  "heads_a": {
    "10": 98.63909707229091,
    "11": 98.55438766037348,
    "12": 98.43172054850653,
    "13": 98.23775160358434,
    "14": 98.0613185233232,
    "15": 99.0990250631749,
    "16": 98.11033199384259,
    "17": 97.9010415675186,
    "18": 99.05638210537137,
    "19": 98.51484438303979,
    "20": 98.22981762752748,
    "21": 98.10441858718218,
    "22": 97.86287227737567,
    "23": 98.91114539913114,
    "24": 98.49926556071092,
    "25": 98.2190524312266,
    "26": 98.06457221153094,
    "27": 100.0,
    "3": 99.86548845892499,
    "4": 99.54825136237356,
    "5": 99.48460707501476,
    "6": 99.03577484155504,
    "7": 98.56424382426961,
    "8": 98.20752358205256,
    "9": 99.18438054334393
  },
  "heads_b": {
    "10": 98.67988367287484,
    "11": 98.57536213954796,
    "12": 98.47721767821707,
    "13": 98.23775160358433,
    "14": 98.00154714152583,
    "15": 99.10351940941713,
    "16": 98.11033199384258,
    "17": 97.93838863362724,
    "18": 99.05193855161032,
    "19": 98.53708740376491,
    "20": 98.24409446387685,
    "21": 98.09420885989297,
    "22": 97.82686567800343,
    "23": 98.92417531258393,
    "24": 98.5300883970997,
    "25": 98.21688613676235,
    "26": 98.08337358574867,
    "27": 100.0,
    "3": 99.86548845892499,
    "4": 99.57465499003625,
    "5": 99.51098664335466,
    "6": 99.02847733759874,
    "7": 98.538639246079,
    "8": 98.24115225635265,
    "9": 99.17310689425521
  },
  "max_violation": 0.0,
  "min_demand_viol": 2.525992048503124e-06,
  "norm": 2.0,
  "objective": 0.0007131268645742272,
  "p": 2,
  "radius": 0.02670443529779701,
  "solver_status": "HxSolutionStatus.OPTIMAL"
}