{
  "best_bound": null,
  "demands_a": {
    "1": 0.13321639799366747,
    "2": 0.09999996423721358,
    "3": 0.09223499008765601,
    "4": 0.1054675472936003,
    "5": 0.3187643641574349,
    "6": 0.3703167409987995,
    "7": -1.1200000047683718
  },
  "demands_b": {
    "1": 0.20000002160668523,
    "2": 0.09999996423721225,
    "3": 0.10000002384185391,
    "4": 0.11999998986721244,
    "5": 0.2699999958276751,
    "6": 0.3300000093877328,
    "7": -1.1200000047683716
  },
  "flows_a": {
    "1": 1.1200000047683716,
    "2": 0.45453552708630673,
    "3": 0.5654645134448514,
    "4": 0.16816720686877357,
    "5": 0.2918297592824775,
    "6": 0.07848698171632199,
    "7": 0.3623005369986507,
    "8": 0.21170337970998945
  },
  "flows_b": {
    "1": 1.1200000047683716,
    "2": 0.45453552708630873,
    "3": 0.5654645134448507,
    "4": 0.15276744360218641,
    "5": 0.29269707997545186,
    "6": 0.03730292941228093,
    "7": 0.3545355032444548,
    "8": 0.23730295101896617
  },
  "heads_a": {
    "1": 207.82697023529389,
    "2": 208.3993620394407,
    "3": 208.09809129587057,
    "4": 207.9479261851134,
    "5": 207.9001496952793,
    "6": 207.815320755353,
    "7": 210.0
  },
  "heads_b": {
    "1": 207.817527662031,
    "2": 208.3993620394407,
    "3": 208.09809129587057,
    "4": 207.9479261851134,
    "5": 207.90793480487523,
    "6": 207.81458994978965,
    "7": 210.0
  },
  "max_violation": 0.0,
  "min_demand_viol": 0.09223399008765601,
  "norm": 2.0,
  "objective": 0.008734942485643663,
  "p": 2,
  "radius": 0.09346091421360944,
  "solver_status": "HxSolutionStatus.OPTIMAL"
}