{
  "junctions": {
    "10": {
      "demand_a": 0.002971853737528826,
      "demand_b": 0.012478352058207513,
      "demand_lb": 1e-06,
      "head_a": 98.66947746510365,
      "head_a_tag": "",
      "head_b": 98.6495992733898,
      "head_b_tag": "",
      "head_lb": 86.59928162241783,
      "head_ub": 113.40071837758217
    },
    "11": {
      "demand_a": 0.011003865095348155,
      "demand_b": 0.002176015894399877,
      "demand_lb": 1e-06,
      "head_a": 98.56492089849822,
      "head_a_tag": "",
      "head_b": 98.56492089849822,
      "head_b_tag": "",
      "head_lb": 85.54316009208108,
      "head_ub": 114.45683990791892
    },
    "12": {
      "demand_a": 0.007041561457790151,
      "demand_b": 0.014228313684979111,
      "demand_lb": 1e-06,
      "head_a": 98.46681127436263,
      "head_a_tag": "",
      "head_b": 98.4422158535726,
      "head_b_tag": "",
      "head_lb": 84.33481739251032,
      "head_ub": 115.66518260748968
    },
    "13": {
      "demand_a": 0.015898847970203883,
      "demand_b": 0.007301249195788652,
      "demand_lb": 1e-06,
      "head_a": 98.22256873445413,
      "head_a_tag": "",
      "head_b": 98.24925415832276,
      "head_b_tag": "",
      "head_lb": 82.05642023912475,
      "head_ub": 117.94357976087525
    },
    "14": {
      "demand_a": 0.009721697485041952,
      "demand_b": 0.0070559546825998964,
      "demand_lb": 1e-06,
      "head_a": 97.98584901356745,
      "head_a_tag": "",
      "head_b": 98.07307344692947,
      "head_b_tag": "",
      "head_lb": 78.36141323779582,
      "head_ub": 121.63858676220418
    },
    "15": {
      "demand_a": 0.00746029568461974,
      "demand_b": 0.010988501132863976,
      "demand_lb": 1e-06,
      "head_a": 99.09313938389201,
      "head_a_tag": "",
      "head_b": 99.09898588481678,
      "head_b_tag": "",
      "head_lb": 91.7092797959201,
      "head_ub": 108.2907202040799
    },
    "16": {
      "demand_a": 0.008118265170885614,
      "demand_b": 0.007275207755404832,
      "demand_lb": 1e-06,
      "head_a": 98.10492781977062,
      "head_a_tag": "",
      "head_b": 98.10594968806684,
      "head_b_tag": "",
      "head_lb": 80.45195379991088,
      "head_ub": 119.54804620008912
    },
    "17": {
      "demand_a": 0.0071023686326222996,
      "demand_b": 0.004183959340434531,
      "demand_lb": 1e-06,
      "head_a": 97.8482515082863,
      "head_a_tag": "",
      "head_b": 97.95805002728913,
      "head_b_tag": "",
      "head_lb": 76.27685648606263,
      "head_ub": 123.72314351393737
    },
    "18": {
      "demand_a": 0.0034544254765801474,
      "demand_b": 0.001496420987561451,
      "demand_lb": 1e-06,
      "head_a": 99.04137671040583,
      "head_a_tag": "",
      "head_b": 99.05650884067252,
      "head_b_tag": "",
      "head_lb": 91.21616132819784,
      "head_ub": 108.78383867180216
    },
    "19": {
      "demand_a": 0.005139999965014682,
      "demand_b": 0.0028482380384733837,
      "demand_lb": 1e-06,
      "head_a": 98.52659107392776,
      "head_a_tag": "",
      "head_b": 98.5254329030436,
      "head_b_tag": "",
      "head_lb": 85.09107641733966,
      "head_ub": 114.90892358266034
    },
    "20": {
      "demand_a": 0.001936383122920056,
      "demand_b": 0.0034181194008934823,
      "demand_lb": 1e-06,
      "head_a": 98.22900056505597,
      "head_a_tag": "",
      "head_b": 98.24122262923191,
      "head_b_tag": "",
      "head_lb": 81.95592940539649,
      "head_ub": 118.04407059460351
    },
    "21": {
      "demand_a": 0.007629500827097968,
      "demand_b": 0.013369814436133708,
      "demand_lb": 1e-06,
      "head_a": 98.09907053307728,
      "head_a_tag": "",
      "head_b": 98.08974664784452,
      "head_b_tag": "",
      "head_lb": 80.29368313429404,
      "head_ub": 119.70631686570596
    },
    "22": {
      "demand_a": 0.0042930631087183275,
      "demand_b": 0.00521513327733762,
      "demand_lb": 1e-06,
      "head_a": 97.8122716853292,
      "head_a_tag": "",
      "head_b": 97.84452638873226,
      "head_b_tag": "",
      "head_lb": 75.36701637652837,
      "head_ub": 124.63298362347163
    },
    "23": {
      "demand_a": 0.0016505347975349196,
      "demand_b": 0.0023335547012299012,
      "demand_lb": 1e-06,
      "head_a": 98.91502281916051,
      "head_a_tag": "",
      "head_b": 98.90971037118827,
      "head_b_tag": "",
      "head_lb": 89.28563267090023,
      "head_ub": 110.71436732909977
    },
    "24": {
      "demand_a": 0.0034438169805919537,
      "demand_b": 0.004802219598471745,
      "demand_lb": 1e-06,
      "head_a": 98.51984052146445,
      "head_a_tag": "",
      "head_b": 98.50951939367688,
      "head_b_tag": "",
      "head_lb": 84.91835360074052,
      "head_ub": 115.08164639925948
    },
    "25": {
      "demand_a": 0.0036798831063666933,
      "demand_b": 0.002265568308125146,
      "demand_lb": 1e-06,
      "head_a": 98.20137377749441,
      "head_a_tag": "",
      "head_b": 98.23075683994313,
      "head_b_tag": "",
      "head_lb": 81.56952160812698,
      "head_ub": 118.43047839187302
    },
    "26": {
      "demand_a": 0.0024388497120382212,
      "demand_b": 0.0017178041238543932,
      "demand_lb": 1e-06,
      "head_a": 98.05839006976683,
      "head_a_tag": "",
      "head_b": 98.07927275344727,
      "head_b_tag": "",
      "head_lb": 79.74597586422558,
      "head_ub": 120.25402413577442
    },
    "3": {
      "demand_a": 0.015189939239723255,
      "demand_b": 0.011249053938806902,
      "demand_lb": 1e-06,
      "head_a": 99.86548845892499,
      "head_a_tag": "",
      "head_b": 99.86548845892499,
      "head_b_tag": "",
      "head_lb": 98.86528131212901,
      "head_ub": 101.13471868787099
    },
    "4": {
      "demand_a": 1.0548406488286588e-06,
      "demand_b": 0.011269075642143689,
      "demand_lb": 1e-06,
      "head_a": 99.56507099501727,
      "head_a_tag": "",
      "head_b": 99.54822487357332,
      "head_b_tag": "",
      "head_lb": 96.22023709746742,
      "head_ub": 103.77976290253258
    },
    "5": {
      "demand_a": 0.006162881819160547,
      "demand_b": 0.004255539223350788,
      "demand_lb": 1e-06,
      "head_a": 99.49334736379569,
      "head_a_tag": "",
      "head_b": 99.48462563849644,
      "head_b_tag": "",
      "head_lb": 95.64820714338538,
      "head_ub": 104.35179285661462
    },
    "6": {
      "demand_a": 0.0033519126394521218,
      "demand_b": 0.004017825114816038,
      "demand_lb": 1e-06,
      "head_a": 99.0249824836653,
      "head_a_tag": "",
      "head_b": 99.0249824836653,
      "head_b_tag": "",
      "head_lb": 89.48828179556567,
      "head_ub": 110.51171820443433
    },
    "7": {
      "demand_a": 0.003942000773504,
      "demand_b": 0.0011803706497321015,
      "demand_lb": 1e-06,
      "head_a": 98.52307567683242,
      "head_a_tag": "",
      "head_b": 98.57602194017709,
      "head_b_tag": "",
      "head_lb": 83.45901484936377,
      "head_ub": 116.54098515063623
    },
    "8": {
      "demand_a": 0.002703183160555709,
      "demand_b": 0.009527420882872254,
      "demand_lb": 1e-06,
      "head_a": 98.2260681645151,
      "head_a_tag": "",
      "head_b": 98.21879327266615,
      "head_b_tag": "",
      "head_lb": 81.64697482475928,
      "head_ub": 118.35302517524072
    },
    "9": {
      "demand_a": 0.012663815076842666,
      "demand_b": 0.002346287812309708,
      "demand_lb": 1e-06,
      "head_a": 99.16267018334636,
      "head_a_tag": "",
      "head_b": 99.18440374520426,
      "head_b_tag": "",
      "head_lb": 92.48894338194484,
      "head_ub": 107.51105661805516
    }
  },
  "metadata": {
    "DEMAND_LB": 1e-06,
    "DEMAND_RESTRICTION_MODE": null,
    "DEVIATION_ALPHA": null,
    "FIX_TOTAL_DEMAND": true,
    "GLOBAL_SOLVER": null,
    "HEADLOSS_MODEL": "hw",
    "MEASUREMENT_HEADS_EQUAL_ONLY": true,
    "MEASUREMENT_SITES": [
      "11",
      "6"
    ],
    "MULTI_STARTS": 1,
    "MULTI_START_NOISE": 0.05,
    "MULTI_START_NOISE_REL": 0.25,
    "NORM": 2.0,