{
  "best_bound": null,
  "demands_a": {
    "1": 0.2468426385638422,
    "2": 0.09874538823623369,
    "3": 0.11580467841099668,
    "4": 0.07470934794705264,
    "5": 0.2545456361517389,
    "6": 0.3293523154585075,
    "7": -1.1200000047683716
  },
  "demands_b": {
    "1": 0.13321638450380238,
    "2": 0.11387684406780507,
    "3": 0.08201560810183778,
    "4": 0.09991085739264605,
    "5": 0.32066608348631237,
    "6": 0.37031422721596785,
    "7": -1.1200000047683716
  },
  "flows_a": {
    "1": 1.1200000047683716,
    "2": 0.4613533230389136,
    "3": 0.5599012934932244,
    "4": 0.16816319340301564,
    "5": 0.31702875214315607,
    "6": 0.012323563315351456,
    "7": 0.3455486446279169,
    "8": 0.25916620187919365
  },
  "flows_b": {
    "1": 1.1200000047683716,
    "2": 0.4462218672073421,
    "3": 0.5599012934932244,
    "4": 0.16816319340301525,
    "5": 0.29182724269756305,
    "6": 0.07848698451840477,
    "7": 0.3642062591055043,
    "8": 0.21170336902220716
  },
  "heads_a": {
    "1": 207.8019067537117,
    "2": 208.3993620394407,
    "3": 208.0896688487645,
    "4": 207.9561171112795,
    "5": 207.9083427332357,
    "6": 207.80152902068386,
    "7": 210.0
  },
  "heads_b": {
    "1": 207.83516328007653,
    "2": 208.3993620394407,
    "3": 208.10821692715137,
    "4": 207.9561171112795,
    "5": 207.90834273323568,
    "6": 207.82351379935074,
    "7": 210.0
  },
  "max_violation": 0.0,
  "min_demand_viol": 0.07470834794705264,
  "norm": 2.0,
  "objective": 0.020966495688543196,
  "p": 2,
  "radius": 0.14479812045929047,
  "solver_status": "HxSolutionStatus.OPTIMAL"
}