{
  "best_radius": 1.073569498922078,
  "norm": 2,
  "runs": [
    {
      "max_violation": 0.0,
      "min_demand_viol": 9.911340839163785e-07,
      "radius": 1.0735694989220246,
      "run": 0,
      "start_flows": {
        "1": 1.2815567346722234,
        "2": 0.5097628948436282,
        "3": 0.7079575052795377,
        "4": 0.10439145845089289,
        "5": 0.3997879528962248,
        "6": 0.13925124210342255,
        "7": 0.48906243049972353,
        "8": 0.43451546396505586
      },
      "start_heads": {
        "1": 207.08409215508462,
        "2": 207.9297180233659,
        "3": 207.51908955781542,
        "4": 207.3039269047271,
        "5": 207.31952539377548,
        "6": 206.95274870540868,
        "7": 209.93770445263735
      },
      "success": true
    },
    {
      "max_violation": 0.0,
      "min_demand_viol": 9.911340839163785e-07,
      "radius": 1.0735694989220521,
      "run": 1,
      "start_flows": {
        "1": 1.2386568558823812,
        "2": 0.4891551888653279,
        "3": 0.6601213649389159,
        "4": 0.11972797941194754,
        "5": 0.47869709002641425,
        "6": 0.11474475621074659,
        "7": 0.492185601770701,
        "8": 0.3539016821342631
      },
      "start_heads": {
        "1": 207.0721454469979,
        "2": 207.9824802886609,
        "3": 207.6275341404503,
        "4": 207.339791242742,
        "5": 207.28028413234043,
        "6": 207.0229139753277,
        "7": 210.0110097561735
      },
      "success": true
    },
    {
      "max_violation": 0.0,
      "min_demand_viol": 9.903289275303706e-07,
      "radius": 0.893878245807791,
      "run": 2,
      "start_flows": {
        "1": 1.224789314440617,
        "2": 0.5059093592646077,
        "3": 0.6679751222616497,
        "4": 0.1261887318275313,
        "5": 0.4373043776795974,
        "6": 0.1389401248099444,
        "7": 0.3911709977722997,
        "8": 0.3806807341239553
      },
      "start_heads": {
        "1": 207.13409730831629,
        "2": 208.00410355865932,
        "3": 207.65703218862876,
        "4": 207.27213735124874,
        "5": 207.39315528354507,
        "6": 207.13629401532975,
        "7": 210.01322278151648
      },
      "success": true
    },
    {
      "max_violation": 0.0,
      "min_demand_viol": 9.909026896792739e-07,
      "radius": 0.8596689280981447,
      "run": 3,
      "start_flows": {
        "1": 1.2595740828907322,
        "2": 0.5892691721850413,
        "3": 0.7739492885798719,
        "4": 0.18922819608654717,
        "5": 0.49232660979099885,
        "6": 0.1390405098908961,
        "7": 0.3634464966291081,
        "8": 0.3869387091525896
      },
      "start_heads": {
        "1": 207.03582583994339,
        "2": 207.99772853191007,
        "3": 207.51794255818024,
        "4": 207.35484673086304,
        "5": 207.33895227954923,
        "6": 207.10380238033878,
        "7": 209.96691487139805
      },
      "success": true
    },
    {
      "max_violation": 0.0,
      "min_demand_viol": 9.903289275303706e-07,
      "radius": 0.8938782458077763,
      "run": 4,
      "start_flows": {
        "1": 1.2534484612603927,
        "2": 0.4578780426195502,
        "3": 0.7629047666138803,
        "4": 0.0743509161711333,
        "5": 0.44301990302729044,
        "6": 0.1082428620842521,
        "7": 0.5030360721833228,
        "8": 0.4531794651626857
      },
      "start_heads": {
        "1": 207.06413638604587,
        "2": 207.99657241629748,
        "3": 207.4721851373354,
        "4": 207.33769207656695,
        "5": 207.35164340434696,
        "6": 207.11919832293273,
        "7": 210.0911005681664
      },
      "success": true
    },
    {
      "max_violation": 0.0,
      "min_demand_viol": 9.909026896792739e-07,
      "radius": 0.859668928098151,
      "run": 5,
      "start_flows": {
        "1": 1.209248675116889,
        "2": 0.48329173691743244,
        "3": 0.7226888721630748,
        "4": 0.10159918328450648,
        "5": 0.5266910507365431,
        "6": 0.1305974489835716,
        "7": 0.3922027237336053,
        "8": 0.3682832405469533
      },
      "start_heads": {
        "1": 207.05730144871825,
        "2": 207.9103474792753,
        "3": 207.5184766230484,
        "4": 207.36661120239236,
        "5": 207.34651738542877,
        "6": 207.1337281851127,
        "7": 210.0844553726222
      },
      "success": true
    },
    {
      "max_violation": 0.0,
      "min_demand_viol": 9.903658388932257e-07,
      "radius": 1.073569498922078,
      "run": 6,
      "start_flows": {
        "1": 1.2609008382271203,
        "2": 0.5950885519504228,
        "3": 0.6542970803982437,
        "4": 0.06237228797612714,
        "5": 0.4390606901322137,
        "6": 0.17274414360142193,
        "7": 0.4319129070789839,
        "8": 0.3578849746024269
      },
      "start_heads": {
        "1": 207.04131349536982,
        "2": 207.8978437994524,
        "3": 207.51228462062184,
        "4": 207.3602247703477,
        "5": 207.36694474647243,
        "6": 207.06078551450935,
        "7": 210.0436521076311
      },
      "success": true
    },
    {
      "max_violation": 0.0,
      "min_demand_viol": 9.903658388932257e-07,
      "radius": 1.0735694989220617,
      "run": 7,
      "start_flows": {
        "1": 1.211250526381825,
        "2": 0.48071473325522973,
        "3": 0.7069872654343785,
        "4": -0.013360606085488697,
        "5": 0.44588990143259566,
        "6": 0.09208944753747314,
        "7": 0.4293264131171074,
        "8": 0.3833763394975526
      },
      "start_heads": {
        "1": 207.13721837139641,
        "2": 207.97501050490845,
        "3": 207.61706922820306,
        "4": 207.29717214030904,
        "5": 207.38850819592372,
        "6": 207.105304933588,
        "7": 210.05824319905554
      },
      "success": true
    },
    {
      "max_violation": 0.0,
      "min_demand_viol": 9.903289275303706e-07,
      "radius": 0.8938782458077981,
      "run": 8,
      "start_flows": {
        "1": 1.3146496347028471,
        "2": 0.558572072037123,
        "3": 0.6797160532945179,
        "4": 0.02780776004375428,
        "5": 0.4198191665524297,
        "6": 0.08269575734911302,
        "7": 0.352725339817446,
        "8": 0.40008405535424313
      },
      "start_heads": {
        "1": 207.1611546117696,
        "2": 207.93647731244886,
        "3": 207.53087040946716,
        "4": 207.28294057385037,
        "5": 207.33087994879358,
        "6": 207.08693384159915,
        "7": 209.9993042665738
      },
      "success": true
    },
    {
      "max_violation": 0.0,
      "min_demand_viol": 9.911340840274008e-07,
      "radius": 1.0735694989220697,
      "run": 9,
      "start_flows": {
        "1": 1.327362211578195,
        "2": 0.5864813793468195,
        "3": 0.7334446545648582,
        "4": -0.019118742720607818,
        "5": 0.48800560751445143,
        "6": 0.13815248977038044,
        "7": 0.44505099588588404,
        "8": 0.4057227866954067
      },
      "start_heads": {
        "1": 207.0548451458552,
        "2": 207.9840426431698,
        "3": 207.59833134238033,
        "4": 207.31714496242702,
        "5": 207.22237732988933,
        "6": 207.06355450774527,
        "7": 210.0540081706269
      },
      "success": true
    }
  ],
  "unique_local_optima": 3
}