{
  "demands_a": {
    "1": 0.17415564380848547,
    "2": 9.903658388932257e-07,
    "3": 9.905881925842408e-07,
    "4": 0.7505079815488778,
    "5": 9.908001803449196e-07,
    "6": 0.3506036163032198,
    "7": -1.2752702134147949
  },
  "demands_b": {
    "1": 9.911347223084954e-07,
    "2": 0.035680541712646674,
    "3": 9.93315698250008e-07,
    "4": 9.911340840274008e-07,
    "5": 0.7295738442920545,
    "6": 0.5100128518255891,
    "7": -1.2752702134147949
  },
  "flows_a": {
    "1": 1.2752702134147949,
    "2": 0.50450301157139,
    "3": 0.770766211477566,
    "4": -0.20917389701658332,
    "5": 0.2294321269452715,
    "6": 0.1211714893579483,
    "7": 0.5045020209831974,
    "8": 0.2953271331664338
  },
  "flows_b": {
    "1": 1.2752702134147949,
    "2": 0.539927643377226,
    "3": 0.6996620283249221,
    "4": 0.3108196747231974,
    "5": 0.3888413624676407,
    "6": 0.1211714893579483,
    "7": 0.5399266500615277,
    "8": 0.12117248049267061
  },
  "heads_a": {
    "1": 207.09503173828125,
    "2": 207.96490478515625,
    "3": 207.59973887961985,
    "4": 207.14597602972597,
    "5": 207.22445452920587,
    "6": 207.06900024414062,
    "7": 210.0
  },
  "heads_b": {
    "1": 207.09503173828125,
    "2": 207.96490478515625,
    "3": 207.54665683397275,
    "4": 207.2901011794316,
    "5": 207.11681947197505,
    "6": 207.06900024414062,
    "7": 210.0
  },
  "max_violation": 0.0,
  "min_demand_viol": 9.903658388932257e-07,
  "norm": 2,
  "p": 3,
  "radius": 1.073569498922078
}