{
  "junctions": {
    "10": {
      "demand_a": 0.0034248369558730896,
      "demand_b": 0.011720285184022808,
      "demand_lb": 1e-06,
      "head_a": 98.66198558289865,
      "head_a_tag": "",
      "head_b": 98.66198558289867,
      "head_b_tag": "",
      "head_lb": 86.59928162241783,
      "head_ub": 113.40071837758217
    },
    "11": {
      "demand_a": 0.011002750595909772,
      "demand_b": 0.002940434329678235,
      "demand_lb": 1e-06,
      "head_a": 98.55742898959984,
      "head_a_tag": "",
      "head_b": 98.57730722970128,
      "head_b_tag": "",
      "head_lb": 85.54316009208108,
      "head_ub": 114.45683990791892
    },
    "12": {
      "demand_a": 0.007042691552275302,
      "demand_b": 0.013463881269508277,
      "demand_lb": 1e-06,
      "head_a": 98.45931307961499,
      "head_a_tag": "",
      "head_b": 98.459313079615,
      "head_b_tag": "",
      "head_lb": 84.33481739251032,
      "head_ub": 115.66518260748968
    },
    "13": {
      "demand_a": 0.015898836089304133,
      "demand_b": 0.007301249211918102,
      "demand_lb": 1e-06,
      "head_a": 98.21507071126818,
      "head_a_tag": "",
      "head_b": 98.26635124628086,
      "head_b_tag": "",
      "head_lb": 82.05642023912475,
      "head_ub": 117.94357976087525
    },
    "14": {
      "demand_a": 0.009721697369735431,
      "demand_b": 0.007055957809032189,
      "demand_lb": 1e-06,
      "head_a": 97.9783510305258,
      "head_a_tag": "",
      "head_b": 98.09017023000928,
      "head_b_tag": "",
      "head_lb": 78.36141323779582,
      "head_ub": 121.63858676220418
    },
    "15": {
      "demand_a": 0.007460308767842575,
      "demand_b": 0.010988488222870895,
      "demand_lb": 1e-06,
      "head_a": 99.09314112141466,
      "head_a_tag": "",
      "head_b": 99.09898587501854,
      "head_b_tag": "",
      "head_lb": 91.7092797959201,
      "head_ub": 108.2907202040799
    },
    "16": {
      "demand_a": 0.008118264376452081,
      "demand_b": 0.007275208319720137,
      "demand_lb": 1e-06,
      "head_a": 98.09742982966854,
      "head_a_tag": "",
      "head_b": 98.1230467609118,
      "head_b_tag": "",
      "head_lb": 80.45195379991088,
      "head_ub": 119.54804620008912
    },
    "17": {
      "demand_a": 0.007102368840752996,
      "demand_b": 0.004183956232866714,
      "demand_lb": 1e-06,
      "head_a": 97.84075351457781,
      "head_a_tag": "",
      "head_b": 97.97514709909022,
      "head_b_tag": "",
      "head_lb": 76.27685648606263,
      "head_ub": 123.72314351393737
    },
    "18": {
      "demand_a": 0.0034544854787818997,
      "demand_b": 0.0014963601498909455,
      "demand_lb": 1e-06,
      "head_a": 99.04137845779846,
      "head_a_tag": "",
      "head_b": 99.05650882312666,
      "head_b_tag": "",
      "head_lb": 91.21616132819784,
      "head_ub": 108.78383867180216
    },
    "19": {
      "demand_a": 0.0051397460710063195,
      "demand_b": 0.003001514688800333,
      "demand_lb": 1e-06,
      "head_a": 98.51909934889221,
      "head_a_tag": "",
      "head_b": 98.537819061044,
      "head_b_tag": "",
      "head_lb": 85.09107641733966,
      "head_ub": 114.90892358266034
    },
    "20": {
      "demand_a": 0.0019366139852752956,
      "demand_b": 0.003264874063545871,
      "demand_lb": 1e-06,
      "head_a": 98.22150245131469,
      "head_a_tag": "",
      "head_b": 98.25831973867344,
      "head_b_tag": "",
      "head_lb": 81.95592940539649,
      "head_ub": 118.04407059460351
    },
    "21": {
      "demand_a": 0.007629494352858055,
      "demand_b": 0.013369815830339433,
      "demand_lb": 1e-06,
      "head_a": 98.09157254630291,
      "head_a_tag": "",
      "head_b": 98.10684371991854,
      "head_b_tag": "",
      "head_lb": 80.29368313429404,
      "head_ub": 119.70631686570596
    },
    "22": {
      "demand_a": 0.004293063415319062,
      "demand_b": 0.0052151331834560406,
      "demand_lb": 1e-06,
      "head_a": 97.8047736927722,
      "head_a_tag": "",
      "head_b": 97.86162346157583,
      "head_b_tag": "",
      "head_lb": 75.36701637652837,
      "head_ub": 124.63298362347163
    },
    "23": {
      "demand_a": 0.0015789460100204015,
      "demand_b": 0.0024525175378865447,
      "demand_lb": 1e-06,
      "head_a": 98.91502622068752,
      "head_a_tag": "",
      "head_b": 98.90970856226512,
      "head_b_tag": "",
      "head_lb": 89.28563267090023,
      "head_ub": 110.71436732909977
    },
    "24": {
      "demand_a": 0.0035153305214832868,
      "demand_b": 0.004727483704857229,
      "demand_lb": 1e-06,
      "head_a": 98.5123485112515,
      "head_a_tag": "",
      "head_b": 98.52190595170828,
      "head_b_tag": "",
      "head_lb": 84.91835360074052,
      "head_ub": 115.08164639925948
    },
    "25": {
      "demand_a": 0.00367991730031032,
      "demand_b": 0.0022213857296890325,
      "demand_lb": 1e-06,
      "head_a": 98.19387598601516,
      "head_a_tag": "",
      "head_b": 98.24785373547539,
      "head_b_tag": "",
      "head_lb": 81.56952160812698,
      "head_ub": 118.43047839187302
    },
    "26": {
      "demand_a": 0.0024388506281984037,
      "demand_b": 0.0017178024161715725,
      "demand_lb": 1e-06,
      "head_a": 98.05089212425145,
      "head_a_tag": "",
      "head_b": 98.09636981400222,
      "head_b_tag": "",
      "head_lb": 79.74597586422558,
      "head_ub": 120.25402413577442
    },
    "3": {
      "demand_a": 0.015190349000097164,
      "demand_b": 0.011249039151536522,
      "demand_lb": 1e-06,
      "head_a": 99.86548845892499,
      "head_a_tag": "",
      "head_b": 99.86548845892499,
      "head_b_tag": "",
      "head_lb": 98.86528131212901,
      "head_ub": 101.13471868787099
    },
    "4": {
      "demand_a": 1.0501779733329553e-06,
      "demand_b": 0.011269073211235936,
      "demand_lb": 1e-06,
      "head_a": 99.56507272462461,
      "head_a_tag": "",
      "head_b": 99.54822480956946,
      "head_b_tag": "",
      "head_lb": 96.22023709746742,
      "head_ub": 103.77976290253258
    },
    "5": {
      "demand_a": 0.005645801286207723,
      "demand_b": 0.005021259960589903,
      "demand_lb": 1e-06,
      "head_a": 99.49335058954411,
      "head_a_tag": "",
      "head_b": 99.4846255279641,
      "head_b_tag": "",
      "head_lb": 95.64820714338538,
      "head_ub": 104.35179285661462
    },
    "6": {
      "demand_a": 0.004115331526820178,
      "demand_b": 0.0030411079556298994,
      "demand_lb": 1e-06,
      "head_a": 99.0093125939827,
      "head_a_tag": "",
      "head_b": 99.0475731709879,
      "head_b_tag": "",
      "head_lb": 89.48828179556567,
      "head_ub": 110.51171820443433
    },
    "7": {
      "demand_a": 0.0037703367149834084,
      "demand_b": 0.0013010687552807675,
      "demand_lb": 1e-06,
      "head_a": 98.5155784444856,
      "head_a_tag": "",
      "head_b": 98.59311792623718,
      "head_b_tag": "",
      "head_lb": 83.45901484936377,
      "head_ub": 116.54098515063623
    },
    "8": {
      "demand_a": 0.0027032009924038442,
      "demand_b": 0.009527409707668367,
      "demand_lb": 1e-06,
      "head_a": 98.21857018113485,
      "head_a_tag": "",
      "head_b": 98.23589005590648,
      "head_b_tag": "",
      "head_lb": 81.64697482475928,
      "head_ub": 118.35302517524072
    },
    "9": {
      "demand_a": 0.012135727870906651,
      "demand_b": 0.0031946932545949547,
      "demand_lb": 1e-06,
      "head_a": 99.162671998709,
      "head_a_tag": "",
      "head_b": 99.18440364982733,
      "head_b_tag": "",
      "head_lb": 92.48894338194484,
      "head_ub": 107.51105661805516
    }
  },
  "metadata": {
    "DEMAND_LB": 1e-06,
    "DEMAND_RESTRICTION_MODE": null,
    "DEVIATION_ALPHA": null,
    "FIX_TOTAL_DEMAND": true,
    "GLOBAL_SOLVER": null,
    "HEADLOSS_MODEL": "hw",
    "MEASUREMENT_HEADS_EQUAL_ONLY": true,
    "MEASUREMENT_SITES": [
      "10",
      "12"
    ],
    "MULTI_STARTS": 1,
    "MULTI_START_NOISE": 0.05,
    "MULTI_START_NOISE_REL": 0.25,
    "NORM": 2.0,