{
  "best_bound": null,
  "demands_a": {
    "10": 0.0034248369558730896,
    "11": 0.011002750595909772,
    "12": 0.007042691552275302,
    "13": 0.015898836089304133,
    "14": 0.009721697369735431,
    "15": 0.007460308767842575,
    "16": 0.008118264376452081,
    "17": 0.007102368840752996,
    "18": 0.0034544854787818997,
    "19": 0.0051397460710063195,
    "20": 0.0019366139852752956,
    "21": 0.007629494352858055,
    "22": 0.004293063415319062,
    "23": 0.0015789460100204015,
    "24": 0.0035153305214832868,
    "25": 0.00367991730031032,
    "26": 0.0024388506281984037,
    "27": -0.1469999998807907,
    "3": 0.015190349000097164,
    "4": 1.0501779733329553e-06,
    "5": 0.005645801286207723,
    "6": 0.004115331526820178,
    "7": 0.0037703367149834084,
    "8": 0.0027032009924038442,
    "9": 0.012135727870906651
  },
  "demands_b": {
    "10": 0.011720285184022808,
    "11": 0.002940434329678235,
    "12": 0.013463881269508277,
    "13": 0.007301249211918102,
    "14": 0.007055957809032189,
    "15": 0.010988488222870895,
    "16": 0.007275208319720137,
    "17": 0.004183956232866714,
    "18": 0.0014963601498909455,
    "19": 0.003001514688800333,
    "20": 0.003264874063545871,
    "21": 0.013369815830339433,
    "22": 0.0052151331834560406,
    "23": 0.0024525175378865447,
    "24": 0.004727483704857229,
    "25": 0.0022213857296890325,
    "26": 0.0017178024161715725,
    "27": -0.1469999998807907,
    "3": 0.011249039151536522,
    "4": 0.011269073211235936,
    "5": 0.005021259960589903,
    "6": 0.0030411079556298994,
    "7": 0.0013010687552807675,
    "8": 0.009527409707668367,
    "9": 0.0031946932545949547
  },
  "flows_a": {
    "1": 0.1469999998807907,
    "10": 0.012258269516074376,
    "12": 0.06511689144202087,
    "13": 0.04339199528341108,
    "14": 0.03238924468750131,
    "15": 0.02534655313522601,
    "16": 0.019579780645541223,
    "17": 0.012119471877698648,
    "18": 0.024238093648710476,
    "19": 0.0009582403299374095,
    "2": 0.13180965088069355,
    "20": 0.010951183637647464,
    "21": 0.0025365721463389444,
    "22": 0.01748374090975596,
    "23": 0.012298395605416894,
    "24": 0.002832919261195382,
    "25": 0.005730072306551238,
    "26": 0.008664986398916748,
    "27": 0.001614606667948197,
    "28": 0.0022904909891263603,
    "29": 0.0017717482072029823,
    "3": 0.03497620074425148,
    "30": 0.0011642756121371855,
    "31": 0.007086040388896347,
    "32": 0.005185316535361257,
    "33": 0.0037958902241772975,
    "34": 0.0031287878031818765,
    "4": 0.029330399458043756,
    "5": 0.019277033485249808,
    "6": 0.0155066967702664,
    "7": 0.09683239995846875,
    "8": 0.005938034445973768,
    "9": -0.0005452262617881797
  },
  "flows_b": {
    "1": 0.1469999998807907,
    "10": 0.009358591529489509,
    "12": 0.06662805684489702,
    "13": 0.03872227858684245,
    "14": 0.035781844257164214,
    "15": 0.022317962987655936,
    "16": 0.021880843282129733,
    "17": 0.010892355059258839,
    "18": 0.02246822278725773,
    "19": -0.0010803471131445516,
    "2": 0.1357509607292542,
    "20": 0.01218249317710541,
    "21": 0.0023026337204573198,
    "22": 0.016901366268240393,
    "23": 0.01336067351481598,
    "24": 0.004907284857385273,
    "25": 0.004046577162739457,
    "26": 0.009395994909367893,
    "27": 0.0025653418302170054,
    "28": 0.0013561658030230932,
    "29": 0.0008515653791223636,
    "3": 0.03277829413639654,
    "30": 0.0021652546503300634,
    "31": 0.006943477371481348,
    "32": 0.004781335496841125,
    "33": 0.003916115570175186,
    "34": 0.0030498785331259776,
    "4": 0.027757034175806636,
    "5": 0.01843319650695077,
    "6": 0.01713212775167,
    "7": 0.0917035933816217,
    "8": 0.00628272971322597,
    "9": 0.001753873485487874
  },
  "heads_a": {
    "10": 98.66198558289865,
    "11": 98.55742898959984,
    "12": 98.45931307961499,
    "13": 98.21507071126818,
    "14": 97.9783510305258,
    "15": 99.09314112141466,
    "16": 98.09742982966854,
    "17": 97.84075351457781,
    "18": 99.04137845779846,
    "19": 98.51909934889221,
    "20": 98.22150245131469,
    "21": 98.09157254630291,
    "22": 97.8047736927722,
    "23": 98.91502622068752,
    "24": 98.5123485112515,
    "25": 98.19387598601516,
    "26": 98.05089212425145,
    "27": 100.0,
    "3": 99.86548845892499,
    "4": 99.56507272462461,
    "5": 99.49335058954411,
    "6": 99.0093125939827,
    "7": 98.5155784444856,
    "8": 98.21857018113485,
    "9": 99.162671998709
  },
  "heads_b": {
    "10": 98.66198558289867,
    "11": 98.57730722970128,
    "12": 98.459313079615,
    "13": 98.26635124628086,
    "14": 98.09017023000928,
    "15": 99.09898587501854,
    "16": 98.1230467609118,
    "17": 97.97514709909022,
    "18": 99.05650882312666,
    "19": 98.537819061044,
    "20": 98.25831973867344,
    "21": 98.10684371991854,
    "22": 97.86162346157583,
    "23": 98.90970856226512,
    "24": 98.52190595170828,
    "25": 98.24785373547539,
    "26": 98.09636981400222,
    "27": 100.0,
    "3": 99.86548845892499,
    "4": 99.54822480956946,
    "5": 99.4846255279641,
    "6": 99.0475731709879,
    "7": 98.59311792623718,
    "8": 98.23589005590648,
    "9": 99.18440364982733
  },
  "max_violation": 0.0,
  "min_demand_viol": 5.0177973332955307e-08,
  "norm": 2.0,
  "objective": 0.0006032548929497868,
  "p": 2,
  "radius": 0.024561247788941566,
  "solver_status": "HxSolutionStatus.OPTIMAL"
}