{
  "junctions": {
    "1": {
      "demand_a": 0.24684109690761258,
      "demand_b": 0.13321779275891488,
      "demand_lb": 1e-06,
      "head_a": 207.80190838349145,
      "head_a_tag": "",
      "head_b": 207.82402179893495,
      "head_b_tag": "",
      "head_lb": 193.62708714484413,
      "head_ub": 226.37291285515587
    },
    "2": {
      "demand_a": 0.08916805203790945,
      "demand_b": 0.10632121885981038,
      "demand_lb": 1e-06,
      "head_a": 208.3993620394407,
      "head_a_tag": "",
      "head_b": 208.3993620394407,
      "head_b_tag": "",
      "head_lb": 197.73885171300606,
      "head_ub": 222.26114828699394
    },
    "3": {
      "demand_a": 0.11580269513916391,
      "demand_b": 0.07119376237792396,
      "demand_lb": 1e-06,
      "head_a": 208.08967049209735,
      "head_a_tag": "",
      "head_b": 208.10821531593143,
      "head_b_tag": "",
      "head_lb": 195.6583771104362,
      "head_ub": 224.3416228895638
    },
    "4": {
      "demand_a": 0.12934326178839195,
      "demand_b": 0.10745929002067778,
      "demand_lb": 1e-06,
      "head_a": 207.94197126488413,
      "head_a_tag": "",
      "head_b": 207.94497790017326,
      "head_b_tag": "",
      "head_lb": 194.40450298777,
      "head_ub": 225.59549701223
    },
    "5": {
      "demand_a": 0.2255032690143411,
      "demand_b": 0.3314918522668582,
      "demand_lb": 1e-06,
      "head_a": 207.90834373379016,
      "head_a_tag": "",
      "head_b": 207.89720175013807,
      "head_b_tag": "",
      "head_lb": 194.28361303052068,
      "head_ub": 225.71638696947932
    },
    "6": {
      "demand_a": 0.3133416298809526,
      "demand_b": 0.3703160884841864,
      "demand_lb": 1e-06,
      "head_a": 207.80153060969036,
      "head_a_tag": "",
      "head_b": 207.81237249146747,
      "head_b_tag": "",
      "head_lb": 193.56687411412554,
      "head_ub": 226.43312588587446
    }
  },
  "metadata": {
    "DEMAND_INTERVALS": false,
    "DEMAND_LB": 1e-06,
    "FIX_TOTAL_DEMAND": true,
    "GLOBAL_SOLVER": "couenne",
    "HEADLOSS_MODEL": "hw",
    "MEASUREMENT_HEADS_EQUAL_ONLY": true,
    "MEASUREMENT_SITES": [
      "2"
    ],
    "MULTI_STARTS": 10,
    "MULTI_START_NOISE": 0.05,
    "NORM": 2,
    "PIPE_BOUNDS": true,
    "PIPE_BOUND_METHOD": "perturb",
    "PIPE_BOUND_PERTURB_BASE": "base",
    "PIPE_BOUND_PERTURB_FIX_TOTAL": true,
    "PIPE_BOUND_PERTURB_SAMPLES": 25,
    "PIPE_BOUND_PERTURB_SEED": 1,
    "PIPE_BOUND_PERTURB_SIGMA": 0.1,
    "PIPE_BOUND_POLICY": "minmax",
    "PIPE_BOUND_SAFENESS": 0.85,
    "RADIUS": true,
    "SCENARIO_SOURCE": "base",
    "SINGLE_NODE_SOLUTION": false,
    "SOLVER": "hexaly_xd",
    "USE_RESERVOIR_OUTFLOW_CONSTRAINT": false,
    "WDN_NAME": "Alperovits",
    "output_dir": "data/Alperovits-B-batch-20260401-112324/2",
    "timestamp": "20260401-112324"
  },
  "output_dir": "data/Alperovits-B-batch-20260401-112324/2",
  "pipes": {
    "1": {
      "flow_a": 1.1200000047683716,
      "flow_a_tag": "lb",
      "flow_b": 1.1200000047683716,
      "flow_b_tag": "lb",
      "flow_lb": 1.1200000047683716,
      "flow_ub": 1.1200000047683716,
      "headloss_res_a": -10.660510326434622,
      "headloss_res_b": -10.660510326434622
    },
    "2": {
      "flow_a": 0.4613520011740996,
      "flow_a_tag": "",
      "flow_b": 0.44622320059033443,
      "flow_b_tag": "",
      "flow_lb": 0.44622185826301575,
      "flow_ub": 0.4613533318042755,
      "headloss_res_a": -1.7707710542801842,
      "headloss_res_b": -1.655106700532101
    },
    "3": {
      "flow_a": 0.5694799515563626,
      "flow_a_tag": "",
      "flow_b": 0.5674555853182268,
      "flow_b_tag": "",
      "flow_lb": 0.5568748712539673,
      "flow_ub": 0.5840606689453125,
      "headloss_res_a": -2.7125560325084166,
      "headloss_res_b": -2.693065905333708
    },
    "4": {
      "flow_a": 0.1391193375753752,
      "flow_a_tag": "lb",
      "flow_b": 0.16816656103902244,
      "flow_b_tag": "ub",
      "flow_lb": 0.13911864161491394,
      "flow_ub": 0.16816721856594086,
      "headloss_res_a": -0.15555023725406936,
      "headloss_res_b": -0.22864698102388847
    },
    "5": {
      "flow_a": 0.3010173521925954,
      "flow_a_tag": "",
      "flow_b": 0.2918297342585266,
      "flow_b_tag": "",
      "flow_lb": 0.27015259861946106,
      "flow_ub": 0.3175203204154968,
      "headloss_res_a": -0.7452420380310081,
      "headloss_res_b": -0.6998369577324391
    },
    "6": {
      "flow_a": 0.012324277688357197,
      "flow_a_tag": "lb",
      "flow_b": 0.07848635422565982,
      "flow_b_tag": "ub",
      "flow_lb": 0.012323553673923016,
      "flow_ub": 0.07848699390888214,
      "headloss_res_a": -0.0011068555633608852,
      "headloss_res_b": -0.048562741760891065
    },
    "7": {
      "flow_a": 0.34554930603493567,
      "flow_a_tag": "",
      "flow_b": 0.37502943821241047,
      "flow_b_tag": "",
      "flow_lb": 0.3455483019351959,
      "flow_ub": 0.3750304579734802,
      "headloss_res_a": -0.9857922601349758,
      "headloss_res_b": -1.1637430377747964
    },
    "8": {
      "flow_a": 0.2591653745959698,
      "flow_a_tag": "ub",
      "flow_b": 0.2117041469845747,
      "flow_b_tag": "lb",
      "flow_lb": 0.211703360080719,
      "flow_ub": 0.2591662108898163,
      "headloss_res_a": -0.5500862983465657,
      "headloss_res_b": -0.364900452269166
    }
  },
  "summary": {
    "flow_at_bounds": {
      "a_lb": 3,
      "a_ub": 1,
      "b_lb": 2,
      "b_ub": 2
    },
    "head_at_bounds": {
      "a_lb": 0,
      "a_ub": 0,
      "b_lb": 0,
      "b_ub": 0
    },
    "head_bounds_count": 6,
    "junction_count": 6,
    "min_demand_slack_a": 0.08916705203790945,
    "min_demand_slack_b": 0.07119276237792396,
    "pipe_count": 8,
    "total_demand_a": 1.1200000047683716,
    "total_demand_b": 1.1200000047683716,
    "total_demand_res_a": 0.0,
    "total_demand_res_b": 0.0,
    "total_demand_target": 1.1200000047683716
  }
}