{
  "best_bound": null,
  "demands_a": {
    "1": 0.24684109690761258,
    "2": 0.08916805203790945,
    "3": 0.11580269513916391,
    "4": 0.12934326178839195,
    "5": 0.2255032690143411,
    "6": 0.3133416298809526,
    "7": -1.1200000047683716
  },
  "demands_b": {
    "1": 0.13321779275891488,
    "2": 0.10632121885981038,
    "3": 0.07119376237792396,
    "4": 0.10745929002067778,
    "5": 0.3314918522668582,
    "6": 0.3703160884841864,
    "7": -1.1200000047683716
  },
  "flows_a": {
    "1": 1.1200000047683716,
    "2": 0.4613520011740996,
    "3": 0.5694799515563626,
    "4": 0.1391193375753752,
    "5": 0.3010173521925954,
    "6": 0.012324277688357197,
    "7": 0.34554930603493567,
    "8": 0.2591653745959698
  },
  "flows_b": {
    "1": 1.1200000047683716,
    "2": 0.44622320059033443,
    "3": 0.5674555853182268,
    "4": 0.16816656103902244,
    "5": 0.2918297342585266,
    "6": 0.07848635422565982,
    "7": 0.37502943821241047,
    "8": 0.2117041469845747
  },
  "heads_a": {
    "1": 207.80190838349145,
    "2": 208.3993620394407,
    "3": 208.08967049209735,
    "4": 207.94197126488413,
    "5": 207.90834373379016,
    "6": 207.80153060969036,
    "7": 210.0
  },
  "heads_b": {
    "1": 207.82402179893495,
    "2": 208.3993620394407,
    "3": 208.10821531593143,
    "4": 207.94497790017326,
    "5": 207.89720175013807,
    "6": 207.81237249146747,
    "7": 210.0
  },
  "max_violation": 0.0,
  "min_demand_viol": 0.07119276237792396,
  "norm": 2,
  "objective": 0.030153020193121716,
  "p": 1,
  "radius": 0.17364625015565902,
  "solver_status": "HxSolutionStatus.OPTIMAL"
}