{
  "best_bound": null,
  "demands_a": {
    "1": 0.1002010066832231,
    "2": 0.10840947530359646,
    "3": 0.05631404989234301,
    "4": 0.10108446904179036,
    "5": 0.36415484101823303,
    "6": 0.38983616282918565,
    "7": -1.1200000047683716
  },
  "demands_b": {
    "1": 0.2703362668878906,
    "2": 0.1249919307361207,
    "3": 0.10115955687071121,
    "4": 0.11439027835959925,
    "5": 0.20395048495481544,
    "6": 0.3051714869592344,
    "7": -1.1200000047683716
  },
  "flows_a": {
    "1": 1.1200000047683716,
    "2": 0.4422625516378968,
    "3": 0.5693279778268783,
    "4": 0.17557384927424494,
    "5": 0.292669659510843,
    "6": 0.09716650331834262,
    "7": 0.3859485017455538,
    "8": 0.19736751000156572
  },
  "flows_b": {
    "1": 1.1200000047683716,
    "2": 0.4422625516379096,
    "3": 0.5527455223943413,
    "4": 0.13220331753234787,
    "5": 0.30615192650239414,
    "6": -0.0009804395431597304,
    "7": 0.3411029947671984,
    "8": 0.26935582734473085
  },
  "heads_a": {
    "1": 207.8261836982,
    "2": 208.3993620394407,
    "3": 208.11298389685757,
    "4": 207.94219775977965,
    "5": 207.8904512649225,
    "6": 207.8088846572588,
    "7": 210.0
  },
  "heads_b": {
    "1": 207.82163884819585,
    "2": 208.3993620394407,
    "3": 208.11298389685757,
    "4": 207.96655175564752,
    "5": 207.93595452151885,
    "6": 207.82164232545952,
    "7": 210.0
  },
  "max_violation": 0.0,
  "min_demand_viol": 0.05631304989234301,
  "norm": 2,
  "objective": 0.06424269169268852,
  "p": 1,
  "radius": 0.25346142052132614,
  "solver_status": "HxSolutionStatus.OPTIMAL"
}