{
  "junctions": {
    "1": {
      "demand_a": 0.15946830133592815,
      "demand_b": 0.2281189998017365,
      "demand_lb": 1e-06,
      "head_a": 207.82190172749333,
      "head_a_tag": "",
      "head_b": 207.81537676564943,
      "head_b_tag": "",
      "head_lb": 193.75525106874858,
      "head_ub": 226.24474893125142
    },
    "2": {
      "demand_a": 0.1041075100500013,
      "demand_b": 0.10423889047317614,
      "demand_lb": 1e-06,
      "head_a": 208.3993620394407,
      "head_a_tag": "",
      "head_b": 208.3993620394407,
      "head_b_tag": "",
      "head_lb": 197.73885171300606,
      "head_ub": 222.26114828699394
    },
    "3": {
      "demand_a": 0.08286782205330134,
      "demand_b": 0.10363635831415624,
      "demand_lb": 1e-06,
      "head_a": 208.1042504441414,
      "head_a_tag": "",
      "head_b": 208.10026152151238,
      "head_b_tag": "",
      "head_lb": 195.68327867730858,
      "head_ub": 224.31672132269142
    },
    "4": {
      "demand_a": 0.1127995400500218,
      "demand_b": 0.12096526825318332,
      "demand_lb": 1e-06,
      "head_a": 207.9465445267009,
      "head_a_tag": "",
      "head_b": 207.95156845288102,
      "head_b_tag": "",
      "head_lb": 194.4912311103774,
      "head_ub": 225.5087688896226
    },
    "5": {
      "demand_a": 0.3065787524016161,
      "demand_b": 0.24306889338317555,
      "demand_lb": 1e-06,
      "head_a": 207.9019096037255,
      "head_a_tag": "",
      "head_b": 207.915441268246,
      "head_b_tag": "",
      "head_lb": 194.3694387645554,
      "head_ub": 225.6305612354446
    },
    "6": {
      "demand_a": 0.3541780788775031,
      "demand_b": 0.3199715945429437,
      "demand_lb": 1e-06,
      "head_a": 207.8142200754628,
      "head_a_tag": "",
      "head_b": 207.81422007546283,
      "head_b_tag": "",
      "head_lb": 193.71684621726888,
      "head_ub": 226.28315378273112
    }
  },
  "metadata": {
    "DEMAND_INTERVALS": false,
    "DEMAND_LB": 1e-06,
    "FIX_TOTAL_DEMAND": true,
    "GLOBAL_SOLVER": "couenne",
    "HEADLOSS_MODEL": "hw",
    "MEASUREMENT_HEADS_EQUAL_ONLY": true,
    "MEASUREMENT_SITES": [
      "6"
    ],
    "MULTI_STARTS": 10,
    "MULTI_START_NOISE": 0.05,
    "NORM": 2,
    "PIPE_BOUNDS": true,
    "PIPE_BOUND_METHOD": "perturb",
    "PIPE_BOUND_PERTURB_BASE": "base",
    "PIPE_BOUND_PERTURB_FIX_TOTAL": true,
    "PIPE_BOUND_PERTURB_SAMPLES": 25,
    "PIPE_BOUND_PERTURB_SEED": 1,
    "PIPE_BOUND_PERTURB_SIGMA": 0.06,
    "PIPE_BOUND_POLICY": "minmax",
    "PIPE_BOUND_SAFENESS": 0.85,
    "RADIUS": true,
    "SCENARIO_SOURCE": "base",
    "SINGLE_NODE_SOLUTION": false,
    "SOLVER": "hexaly_xd",
    "USE_RESERVOIR_OUTFLOW_CONSTRAINT": false,
    "WDN_NAME": "Alperovits",
    "output_dir": "data/Alperovits-B-batch-20260401-112441/6",
    "timestamp": "20260401-112441"
  },
  "output_dir": "data/Alperovits-B-batch-20260401-112441/6",
  "pipes": {
    "1": {
      "flow_a": 1.1200000047683716,
      "flow_a_tag": "lb",
      "flow_b": 1.1200000047683716,
      "flow_b_tag": "lb",
      "flow_lb": 1.1200000047683716,
      "flow_ub": 1.1200000047683716,
      "headloss_res_a": -10.660510326434622,
      "headloss_res_b": -10.660510326434622
    },
    "2": {
      "flow_a": 0.4494941593537539,
      "flow_a_tag": "lb",
      "flow_b": 0.45276461950015,
      "flow_b_tag": "",
      "flow_lb": 0.4494941532611847,
      "flow_ub": 0.4585840106010437,
      "headloss_res_a": -1.6797797279505777,
      "headloss_res_b": -1.7046334495760047
    },
    "3": {
      "flow_a": 0.5663983353646165,
      "flow_a_tag": "",
      "flow_b": 0.5629964947950453,
      "flow_b_tag": "",
      "flow_lb": 0.5602670907974243,
      "flow_ub": 0.5764147639274597,
      "headloss_res_a": -2.682915169070196,
      "headloss_res_b": -2.6503852123827953
    },
    "4": {
      "flow_a": 0.16210308663275302,
      "flow_a_tag": "ub",
      "flow_b": 0.1446109866569011,
      "flow_b_tag": "lb",
      "flow_lb": 0.14461097121238708,
      "flow_ub": 0.1621031016111374,
      "headloss_res_a": -0.21221395010878635,
      "headloss_res_b": -0.1682807143322185
    },
    "5": {
      "flow_a": 0.29149570868184166,
      "flow_a_tag": "",
      "flow_b": 0.29742023988496086,
      "flow_b_tag": "",
      "flow_lb": 0.2794540822505951,
      "flow_ub": 0.3076257109642029,
      "headloss_res_a": -0.6982133943227544,
      "headloss_res_b": -0.727293239080612
    },
    "6": {
      "flow_a": 0.06268237019566143,
      "flow_a_tag": "ub",
      "flow_b": 0.022551354657982848,
      "flow_b_tag": "lb",
      "flow_lb": 0.022551340982317924,
      "flow_ub": 0.0626823827624321,
      "headloss_res_a": -0.030723184050100737,
      "headloss_res_b": -0.0038142709278615513
    },
    "7": {
      "flow_a": 0.3666263373004526,
      "flow_a_tag": "ub",
      "flow_b": 0.34912826118599377,
      "flow_b_tag": "lb",
      "flow_lb": 0.34912824630737305,
      "flow_ub": 0.3666263520717621,
      "headloss_res_a": -1.1114989664685244,
      "headloss_res_b": -1.006600351661512
    },
    "8": {
      "flow_a": 0.22215067153158957,
      "flow_a_tag": "lb",
      "flow_b": 0.25067035445971936,
      "flow_b_tag": "ub",
      "flow_lb": 0.22215065360069275,
      "flow_ub": 0.2506703734397888,
      "headloss_res_a": -0.40237330491858836,
      "headloss_res_b": -0.5141231002010759
    }
  },
  "summary": {
    "flow_at_bounds": {
      "a_lb": 3,
      "a_ub": 3,
      "b_lb": 4,
      "b_ub": 1
    },
    "head_at_bounds": {
      "a_lb": 0,
      "a_ub": 0,
      "b_lb": 0,
      "b_ub": 0
    },
    "head_bounds_count": 6,
    "junction_count": 6,
    "min_demand_slack_a": 0.08286682205330134,
    "min_demand_slack_b": 0.10363535831415624,
    "pipe_count": 8,
    "total_demand_a": 1.1200000047683718,
    "total_demand_b": 1.1200000047683716,
    "total_demand_res_a": 0.0,
    "total_demand_res_b": -2.220446049250313e-16,
    "total_demand_target": 1.1200000047683718
  }
}