{
  "best_bound": null,
  "demands_a": {
    "1": 0.15946830133592815,
    "2": 0.1041075100500013,
    "3": 0.08286782205330134,
    "4": 0.1127995400500218,
    "5": 0.3065787524016161,
    "6": 0.3541780788775031,
    "7": -1.1200000047683718
  },
  "demands_b": {
    "1": 0.2281189998017365,
    "2": 0.10423889047317614,
    "3": 0.10363635831415624,
    "4": 0.12096526825318332,
    "5": 0.24306889338317555,
    "6": 0.3199715945429437,
    "7": -1.1200000047683716
  },
  "flows_a": {
    "1": 1.1200000047683716,
    "2": 0.4494941593537539,
    "3": 0.5663983353646165,
    "4": 0.16210308663275302,
    "5": 0.29149570868184166,
    "6": 0.06268237019566143,
    "7": 0.3666263373004526,
    "8": 0.22215067153158957
  },
  "flows_b": {
    "1": 1.1200000047683716,
    "2": 0.45276461950015,
    "3": 0.5629964947950453,
    "4": 0.1446109866569011,
    "5": 0.29742023988496086,
    "6": 0.022551354657982848,
    "7": 0.34912826118599377,
    "8": 0.25067035445971936
  },
  "heads_a": {
    "1": 207.82190172749333,
    "2": 208.3993620394407,
    "3": 208.1042504441414,
    "4": 207.9465445267009,
    "5": 207.9019096037255,
    "6": 207.8142200754628,
    "7": 210.0
  },
  "heads_b": {
    "1": 207.81537676564943,
    "2": 208.3993620394407,
    "3": 208.10026152151238,
    "4": 207.95156845288102,
    "5": 207.915441268246,
    "6": 207.81422007546283,
    "7": 210.0
  },
  "max_violation": 0.0,
  "min_demand_viol": 0.08286682205330134,
  "norm": 2,
  "objective": 0.010414532639237934,
  "p": 1,
  "radius": 0.10205161752386845,
  "solver_status": "HxSolutionStatus.OPTIMAL"
}