{
  "junctions": {
    "10": {
      "demand_a": 0.013387457883279094,
      "demand_b": 0.00290003442141043,
      "demand_lb": 1e-06,
      "head_a": 98.6390565839378,
      "head_a_tag": "",
      "head_b": 98.67872217431366,
      "head_b_tag": "",
      "head_lb": 86.59928162241783,
      "head_ub": 113.40071837758217
    },
    "11": {
      "demand_a": 0.002176029523763362,
      "demand_b": 0.011003849624207647,
      "demand_lb": 1e-06,
      "head_a": 98.55437814322228,
      "head_a_tag": "",
      "head_b": 98.5741656876643,
      "head_b_tag": "",
      "head_lb": 85.54316009208108,
      "head_ub": 114.45683990791892
    },
    "12": {
      "demand_a": 0.01422830075133549,
      "demand_b": 0.007041576289307093,
      "demand_lb": 1e-06,
      "head_a": 98.43167308198305,
      "head_a_tag": "",
      "head_b": 98.47605607725093,
      "head_b_tag": "",
      "head_lb": 84.33481739251032,
      "head_ub": 115.66518260748968
    },
    "13": {
      "demand_a": 0.008183076574507698,
      "demand_b": 0.015891398988954107,
      "demand_lb": 1e-06,
      "head_a": 98.23871113762432,
      "head_a_tag": "",
      "head_b": 98.23181384567866,
      "head_b_tag": "",
      "head_lb": 82.05642023912475,
      "head_ub": 117.94357976087525
    },
    "14": {
      "demand_a": 0.006597810837422481,
      "demand_b": 0.010601639840959215,
      "demand_lb": 1e-06,
      "head_a": 98.06252808943327,
      "head_a_tag": "",
      "head_b": 97.99509415261522,
      "head_b_tag": "",
      "head_lb": 78.36141323779582,
      "head_ub": 121.63858676220418
    },
    "15": {
      "demand_a": 0.010988507024618755,
      "demand_b": 0.007460289673563101,
      "demand_lb": 1e-06,
      "head_a": 99.09898536624769,
      "head_a_tag": "",
      "head_b": 99.10235549532275,
      "head_b_tag": "",
      "head_lb": 91.7092797959201,
      "head_ub": 108.2907202040799
    },
    "16": {
      "demand_a": 0.006966031903807073,
      "demand_b": 0.006624083797635349,
      "demand_lb": 1e-06,
      "head_a": 98.11402329462003,
      "head_a_tag": "",
      "head_b": 98.11402329462001,
      "head_b_tag": "",
      "head_lb": 80.45195379991088,
      "head_ub": 119.54804620008912
    },
    "17": {
      "demand_a": 0.006637555417684136,
      "demand_b": 0.0041147453829672755,
      "demand_lb": 1e-06,
      "head_a": 97.90155619279136,
      "head_a_tag": "",
      "head_b": 97.93258407238896,
      "head_b_tag": "",
      "head_lb": 76.27685648606263,
      "head_ub": 123.72314351393737
    },
    "18": {
      "demand_a": 0.001496460381381036,
      "demand_b": 0.003454386345780802,
      "demand_lb": 1e-06,
      "head_a": 99.05650832654615,
      "head_a_tag": "",
      "head_b": 99.05059281600258,
      "head_b_tag": "",
      "head_lb": 91.21616132819784,
      "head_ub": 108.78383867180216
    },
    "19": {
      "demand_a": 0.0028481964610444395,
      "demand_b": 0.005140077112344776,
      "demand_lb": 1e-06,
      "head_a": 98.5148903326156,
      "head_a_tag": "",
      "head_b": 98.53583565658235,
      "head_b_tag": "",
      "head_lb": 85.09107641733966,
      "head_ub": 114.90892358266034
    },
    "20": {
      "demand_a": 0.00450086387808829,
      "demand_b": 0.0015744432651944792,
      "demand_lb": 1e-06,
      "head_a": 98.2306796199396,
      "head_a_tag": "",
      "head_b": 98.23824675060717,
      "head_b_tag": "",
      "head_lb": 81.95592940539649,
      "head_ub": 118.04407059460351
    },
    "21": {
      "demand_a": 0.009825213040514189,
      "demand_b": 0.011519236582190864,
      "demand_lb": 1e-06,
      "head_a": 98.10114696926557,
      "head_a_tag": "",
      "head_b": 98.10114696926556,
      "head_b_tag": "",
      "head_lb": 80.29368313429404,
      "head_ub": 119.70631686570596
    },
    "22": {
      "demand_a": 0.003973049461283024,
      "demand_b": 0.005465062113324811,
      "demand_lb": 1e-06,
      "head_a": 97.86418666253516,
      "head_a_tag": "",
      "head_b": 97.8190545989319,
      "head_b_tag": "",
      "head_lb": 75.36701637652837,
      "head_ub": 124.63298362347163
    },
    "23": {
      "demand_a": 0.0022336489147921313,
      "demand_b": 0.001650859013319554,
      "demand_lb": 1e-06,
      "head_a": 98.90971101471673,
      "head_a_tag": "",
      "head_b": 98.92423784807447,
      "head_b_tag": "",
      "head_lb": 89.28563267090023,
      "head_ub": 110.71436732909977
    },
    "24": {
      "demand_a": 0.004902117037481996,
      "demand_b": 0.00344355191398772,
      "demand_lb": 1e-06,
      "head_a": 98.49897664255698,
      "head_a_tag": "",
      "head_b": 98.52908521800211,
      "head_b_tag": "",
      "head_lb": 84.91835360074052,
      "head_ub": 115.08164639925948
    },
    "25": {
      "demand_a": 0.0021797757420478703,
      "demand_b": 0.004022986679679093,
      "demand_lb": 1e-06,
      "head_a": 98.22021579346563,
      "head_a_tag": "",
      "head_b": 98.21062234003361,
      "head_b_tag": "",
      "head_lb": 81.56952160812698,
      "head_ub": 118.43047839187302
    },
    "26": {
      "demand_a": 0.002939467453291805,
      "demand_b": 0.0010051610377953706,
      "demand_lb": 1e-06,
      "head_a": 98.06253946163729,
      "head_a_tag": "",
      "head_b": 98.09065713570091,
      "head_b_tag": "",
      "head_lb": 79.74597586422558,
      "head_ub": 120.25402413577442
    },
    "3": {
      "demand_a": 0.011248973040150989,
      "demand_b": 0.017388449023663377,
      "demand_lb": 1e-06,
      "head_a": 99.86548845892499,
      "head_a_tag": "",
      "head_b": 99.86548845892499,
      "head_b_tag": "",
      "head_lb": 98.86528131212901,
      "head_ub": 101.13471868787099
    },
    "4": {
      "demand_a": 0.011269096763653785,
      "demand_b": 1.0288343074982276e-06,
      "demand_lb": 1e-06,
      "head_a": 99.54822452341877,
      "head_a_tag": "",
      "head_b": 99.57428496033616,
      "head_b_tag": "",
      "head_lb": 96.22023709746742,
      "head_ub": 103.77976290253258
    },
    "5": {
      "demand_a": 0.004644619677875082,
      "demand_b": 0.0034471657780231375,
      "demand_lb": 1e-06,
      "head_a": 99.48462513724611,
      "head_a_tag": "",
      "head_b": 99.51068535125893,
      "head_b_tag": "",
      "head_lb": 95.64820714338538,
      "head_ub": 104.35179285661462
    },
    "6": {
      "demand_a": 0.002953563521175255,
      "demand_b": 0.004098928962150677,
      "demand_lb": 1e-06,
      "head_a": 99.03652529485714,
      "head_a_tag": "",
      "head_b": 99.02662229199443,
      "head_b_tag": "",
      "head_lb": 89.48828179556567,
      "head_ub": 110.51171820443433
    },
    "7": {
      "demand_a": 0.0016614927859507252,
      "demand_b": 0.0037822608649639433,
      "demand_lb": 1e-06,
      "head_a": 98.56547679128641,
      "head_a_tag": "",
      "head_b": 98.53232190478838,
      "head_b_tag": "",
      "head_lb": 83.45901484936377,
      "head_ub": 116.54098515063623
    },
    "8": {
      "demand_a": 0.009527369881945833,
      "demand_b": 0.0027032136136850293,
      "demand_lb": 1e-06,
      "head_a": 98.20824932307585,
      "head_a_tag": "",
      "head_b": 98.23531328857453,
      "head_b_tag": "",
      "head_lb": 81.64697482475928,
      "head_ub": 118.35302517524072
    },
    "9": {
      "demand_a": 0.0016313219236961662,
      "demand_b": 0.01266557072137535,
      "demand_lb": 1e-06,
      "head_a": 99.18440326478394,
      "head_a_tag": "",
      "head_b": 99.17188626009464,
      "head_b_tag": "",
      "head_lb": 92.48894338194484,
      "head_ub": 107.51105661805516
    }
  },
  "metadata": {
    "DEMAND_LB": 1e-06,
    "DEMAND_RESTRICTION_MODE": null,
    "DEVIATION_ALPHA": null,
    "FIX_TOTAL_DEMAND": true,
    "GLOBAL_SOLVER": null,
    "HEADLOSS_MODEL": "hw",
    "MEASUREMENT_HEADS_EQUAL_ONLY": true,
    "MEASUREMENT_SITES": [
      "16",
      "21"
    ],
    "MULTI_STARTS": 1,
    "MULTI_START_NOISE": 0.05,
    "MULTI_START_NOISE_REL": 0.25,
    "NORM": 2.0,