{
  "junctions": {
    "10": {
      "demand_a": 0.0037617409513737293,
      "demand_b": 0.011748041396265868,
      "demand_lb": 1e-06,
      "head_a": 98.6599891064139,
      "head_a_tag": "",
      "head_b": 98.65998910641392,
      "head_b_tag": "",
      "head_lb": 86.59928162241783,
      "head_ub": 113.40071837758217
    },
    "11": {
      "demand_a": 0.010988187804751845,
      "demand_b": 0.0021913028750132346,
      "demand_lb": 1e-06,
      "head_a": 98.55547481501621,
      "head_a_tag": "",
      "head_b": 98.57527332609735,
      "head_b_tag": "",
      "head_lb": 85.54316009208108,
      "head_ub": 114.45683990791892
    },
    "12": {
      "demand_a": 0.007585394877933128,
      "demand_b": 0.014134437994001003,
      "demand_lb": 1e-06,
      "head_a": 98.45733038849346,
      "head_a_tag": "",
      "head_b": 98.4526059104308,
      "head_b_tag": "",
      "head_lb": 84.33481739251032,
      "head_ub": 115.66518260748968
    },
    "13": {
      "demand_a": 0.01533397458341077,
      "demand_b": 0.007408247810057505,
      "demand_lb": 1e-06,
      "head_a": 98.2225956634984,
      "head_a_tag": "",
      "head_b": 98.25823558536578,
      "head_b_tag": "",
      "head_lb": 82.05642023912475,
      "head_ub": 117.94357976087525
    },
    "14": {
      "demand_a": 0.009716825826297095,
      "demand_b": 0.007062629916196045,
      "demand_lb": 1e-06,
      "head_a": 97.9862489930694,
      "head_a_tag": "",
      "head_b": 98.0819390099443,
      "head_b_tag": "",
      "head_lb": 78.36141323779582,
      "head_ub": 121.63858676220418
    },
    "15": {
      "demand_a": 0.00749330834667512,
      "demand_b": 0.010955715915718447,
      "demand_lb": 1e-06,
      "head_a": 99.09330254253082,
      "head_a_tag": "",
      "head_b": 99.0990814510621,
      "head_b_tag": "",
      "head_lb": 91.7092797959201,
      "head_ub": 108.2907202040799
    },
    "16": {
      "demand_a": 0.008110714466599967,
      "demand_b": 0.007289108720012715,
      "demand_lb": 1e-06,
      "head_a": 98.1048565503306,
      "head_a_tag": "",
      "head_b": 98.11503923531038,
      "head_b_tag": "",
      "head_lb": 80.45195379991088,
      "head_ub": 119.54804620008912
    },
    "17": {
      "demand_a": 0.00704924585963168,
      "demand_b": 0.004230997531626988,
      "demand_lb": 1e-06,
      "head_a": 97.84946881513446,
      "head_a_tag": "",
      "head_b": 97.9663080403748,
      "head_b_tag": "",
      "head_lb": 76.27685648606263,
      "head_ub": 123.72314351393737
    },
    "18": {
      "demand_a": 0.00338553834230762,
      "demand_b": 0.0015710492710232227,
      "demand_lb": 1e-06,
      "head_a": 99.04172155725195,
      "head_a_tag": "",
      "head_b": 99.05644032702597,
      "head_b_tag": "",
      "head_lb": 91.21616132819784,
      "head_ub": 108.78383867180216
    },
    "19": {
      "demand_a": 0.005391430978242566,
      "demand_b": 0.0028499039726019096,
      "demand_lb": 1e-06,
      "head_a": 98.51721611605102,
      "head_a_tag": "",
      "head_b": 98.53571417182953,
      "head_b_tag": "",
      "head_lb": 85.09107641733966,
      "head_ub": 114.90892358266034
    },
    "20": {
      "demand_a": 0.0016912351823334115,
      "demand_b": 0.00341968612441366,
      "demand_lb": 1e-06,
      "head_a": 98.22885568312941,
      "head_a_tag": "",
      "head_b": 98.25028542841594,
      "head_b_tag": "",
      "head_lb": 81.95592940539649,
      "head_ub": 118.04407059460351
    },
    "21": {
      "demand_a": 0.007676400599049452,
      "demand_b": 0.013310343703274162,
      "demand_lb": 1e-06,
      "head_a": 98.09895136434865,
      "head_a_tag": "",
      "head_b": 98.09895136434868,
      "head_b_tag": "",
      "head_lb": 80.29368313429404,
      "head_ub": 119.70631686570596
    },
    "22": {
      "demand_a": 0.004329236665409763,
      "demand_b": 0.005177215516226577,
      "demand_lb": 1e-06,
      "head_a": 97.81184274801811,
      "head_a_tag": "",
      "head_b": 97.85518045786104,
      "head_b_tag": "",
      "head_lb": 75.36701637652837,
      "head_ub": 124.63298362347163
    },
    "23": {
      "demand_a": 0.0016131264798479091,
      "demand_b": 0.0023697534674138104,
      "demand_lb": 1e-06,
      "head_a": 98.91412532612799,
      "head_a_tag": "",
      "head_b": 98.91114090503385,
      "head_b_tag": "",
      "head_lb": 89.28563267090023,
      "head_ub": 110.71436732909977
    },
    "24": {
      "demand_a": 0.003651068675778321,
      "demand_b": 0.004663742340547649,
      "demand_lb": 1e-06,
      "head_a": 98.51020699660386,
      "head_a_tag": "",
      "head_b": 98.52014929832231,
      "head_b_tag": "",
      "head_lb": 84.91835360074052,
      "head_ub": 115.08164639925948
    },
    "25": {
      "demand_a": 0.0035555269648288846,
      "demand_b": 0.002328097444017933,
      "demand_lb": 1e-06,
      "head_a": 98.20199578646023,
      "head_a_tag": "",
      "head_b": 98.23925965307714,
      "head_b_tag": "",
      "head_lb": 81.56952160812698,
      "head_ub": 118.43047839187302
    },
    "26": {
      "demand_a": 0.0024108857482623624,
      "demand_b": 0.0017451173854815608,
      "demand_lb": 1e-06,
      "head_a": 98.05908450522175,
      "head_a_tag": "",
      "head_b": 98.08805995512176,
      "head_b_tag": "",
      "head_lb": 79.74597586422558,
      "head_ub": 120.25402413577442
    },
    "3": {
      "demand_a": 0.015232441774163968,
      "demand_b": 0.011261621091699231,
      "demand_lb": 1e-06,
      "head_a": 99.86548845892499,
      "head_a_tag": "",
      "head_b": 99.86548845892499,
      "head_b_tag": "",
      "head_lb": 98.86528131212901,
      "head_ub": 101.13471868787099
    },
    "4": {
      "demand_a": 5.208254571092974e-06,
      "demand_b": 0.011242672221263073,
      "demand_lb": 1e-06,
      "head_a": 99.56525037449872,
      "head_a_tag": "",
      "head_b": 99.54827926596013,
      "head_b_tag": "",
      "head_lb": 96.22023709746742,
      "head_ub": 103.77976290253258
    },
    "5": {
      "demand_a": 0.006111018053653147,
      "demand_b": 0.004610484589165589,
      "demand_lb": 1e-06,
      "head_a": 99.49367931959894,
      "head_a_tag": "",
      "head_b": 99.48464582826729,
      "head_b_tag": "",
      "head_lb": 95.64820714338538,
      "head_ub": 104.35179285661462
    },
    "6": {
      "demand_a": 0.00328622604897787,
      "demand_b": 0.0036395601832850885,
      "demand_lb": 1e-06,
      "head_a": 99.02496310990712,
      "head_a_tag": "",
      "head_b": 99.035258752065,
      "head_b_tag": "",
      "head_lb": 89.48828179556567,
      "head_ub": 110.51171820443433
    },
    "7": {
      "demand_a": 0.003920324444935053,
      "demand_b": 0.0012274104261162481,
      "demand_lb": 1e-06,
      "head_a": 98.52346734957752,
      "head_a_tag": "",
      "head_b": 98.58476013447765,
      "head_b_tag": "",
      "head_lb": 83.45901484936377,
      "head_ub": 116.54098515063623
    },
    "8": {
      "demand_a": 0.0027376762657787164,
      "demand_b": 0.009492707388470146,
      "demand_lb": 1e-06,
      "head_a": 98.22599589336515,
      "head_a_tag": "",
      "head_b": 98.2280407176658,
      "head_b_tag": "",
      "head_lb": 81.64697482475928,
      "head_ub": 118.35302517524072
    },
    "9": {
      "demand_a": 0.011963262685977222,
      "demand_b": 0.0030701525968990506,
      "demand_lb": 1e-06,
      "head_a": 99.16289928501273,
      "head_a_tag": "",
      "head_b": 99.18442640072959,
      "head_b_tag": "",
      "head_lb": 92.48894338194484,
      "head_ub": 107.51105661805516
    }
  },
  "metadata": {
    "DEMAND_LB": 1e-06,
    "DEMAND_RESTRICTION_MODE": null,
    "DEVIATION_ALPHA": null,
    "FIX_TOTAL_DEMAND": true,
    "GLOBAL_SOLVER": null,
    "HEADLOSS_MODEL": "hw",
    "MEASUREMENT_HEADS_EQUAL_ONLY": true,
    "MEASUREMENT_SITES": [
      "10",
      "21"
    ],
    "MULTI_STARTS": 1,
    "MULTI_START_NOISE": 0.05,
    "MULTI_START_NOISE_REL": 0.25,
    "NORM": 2.0,