{
  "junctions": {
    "10": {
      "demand_a": 0.0028999638206862882,
      "demand_b": 0.01338748530757393,
      "demand_lb": 1e-06,
      "head_a": 98.67872850845131,
      "head_a_tag": "",
      "head_b": 98.63905649744059,
      "head_b_tag": "",
      "head_lb": 86.59928162241783,
      "head_ub": 113.40071837758217
    },
    "11": {
      "demand_a": 0.011003843206183098,
      "demand_b": 0.0021760353659950812,
      "demand_lb": 1e-06,
      "head_a": 98.57417202611178,
      "head_a_tag": "",
      "head_b": 98.55437805227206,
      "head_b_tag": "",
      "head_lb": 85.54316009208108,
      "head_ub": 114.45683990791892
    },
    "12": {
      "demand_a": 0.008137532756420984,
      "demand_b": 0.014094049410123068,
      "demand_lb": 1e-06,
      "head_a": 98.47606238511102,
      "head_a_tag": "",
      "head_b": 98.43167302052369,
      "head_b_tag": "",
      "head_lb": 84.33481739251032,
      "head_ub": 115.66518260748968
    },
    "13": {
      "demand_a": 0.009757608209898797,
      "demand_b": 0.01300419873845851,
      "demand_lb": 1e-06,
      "head_a": 98.25101755063429,
      "head_a_tag": "",
      "head_b": 98.23655595166396,
      "head_b_tag": "",
      "head_lb": 82.05642023912475,
      "head_ub": 117.94357976087525
    },
    "14": {
      "demand_a": 0.006597830185281914,
      "demand_b": 0.01060164864412379,
      "demand_lb": 1e-06,
      "head_a": 98.0748349964313,
      "head_a_tag": "",
      "head_b": 97.99983652835927,
      "head_b_tag": "",
      "head_lb": 78.36141323779582,
      "head_ub": 121.63858676220418
    },
    "15": {
      "demand_a": 0.007460290459580455,
      "demand_b": 0.01098850633759339,
      "demand_lb": 1e-06,
      "head_a": 99.10236169462046,
      "head_a_tag": "",
      "head_b": 99.09898533998515,
      "head_b_tag": "",
      "head_lb": 91.7092797959201,
      "head_ub": 108.2907202040799
    },
    "16": {
      "demand_a": 0.008825990463406659,
      "demand_b": 0.006043925882709112,
      "demand_lb": 1e-06,
      "head_a": 98.11891101130072,
      "head_a_tag": "",
      "head_b": 98.11891101130072,
      "head_b_tag": "",
      "head_lb": 80.45195379991088,
      "head_ub": 119.54804620008912
    },
    "17": {
      "demand_a": 0.006631981544128844,
      "demand_b": 0.004067337463162268,
      "demand_lb": 1e-06,
      "head_a": 97.91386191225995,
      "head_a_tag": "",
      "head_b": 97.93732882878798,
      "head_b_tag": "",
      "head_lb": 76.27685648606263,
      "head_ub": 123.72314351393737
    },
    "18": {
      "demand_a": 0.003454402448634389,
      "demand_b": 0.0014964431260724182,
      "demand_lb": 1e-06,
      "head_a": 99.05059902234481,
      "head_a_tag": "",
      "head_b": 99.05650829450357,
      "head_b_tag": "",
      "head_lb": 91.21616132819784,
      "head_ub": 108.78383867180216
    },
    "19": {
      "demand_a": 0.005290698848826863,
      "demand_b": 0.003251160732985734,
      "demand_lb": 1e-06,
      "head_a": 98.53584223597866,
      "head_a_tag": "",
      "head_b": 98.51489002814498,
      "head_b_tag": "",
      "head_lb": 85.09107641733966,
      "head_ub": 114.90892358266034
    },
    "20": {
      "demand_a": 0.0047584111813026055,
      "demand_b": 0.0005848008488266165,
      "demand_lb": 1e-06,
      "head_a": 98.2429871943992,
      "head_a_tag": "",
      "head_b": 98.24298719439919,
      "head_b_tag": "",
      "head_lb": 81.95592940539649,
      "head_ub": 118.04407059460351
    },
    "21": {
      "demand_a": 0.008358900223194812,
      "demand_b": 0.01229792913531008,
      "demand_lb": 1e-06,
      "head_a": 98.11305387071988,
      "head_a_tag": "",
      "head_b": 98.1027068884791,
      "head_b_tag": "",
      "head_lb": 80.29368313429404,
      "head_ub": 119.70631686570596
    },
    "22": {
      "demand_a": 0.003973167471530196,
      "demand_b": 0.00544422015234733,
      "demand_lb": 1e-06,
      "head_a": 97.87648553868392,
      "head_a_tag": "",
      "head_b": 97.82379946953746,
      "head_b_tag": "",
      "head_lb": 75.36701637652837,
      "head_ub": 124.63298362347163
    },
    "23": {
      "demand_a": 0.0016508352143901834,
      "demand_b": 0.0022336796236579652,
      "demand_lb": 1e-06,
      "head_a": 98.92424451334136,
      "head_a_tag": "",
      "head_b": 98.90971046023743,
      "head_b_tag": "",
      "head_lb": 89.28563267090023,
      "head_ub": 110.71436732909977
    },
    "24": {
      "demand_a": 0.003639278782196594,
      "demand_b": 0.004856759030361797,
      "demand_lb": 1e-06,
      "head_a": 98.52909117322507,
      "head_a_tag": "",
      "head_b": 98.49897743193964,
      "head_b_tag": "",
      "head_lb": 84.91835360074052,
      "head_ub": 115.08164639925948
    },
    "25": {
      "demand_a": 0.0023437674652445123,
      "demand_b": 0.0036600523506139606,
      "demand_lb": 1e-06,
      "head_a": 98.23252292400466,
      "head_a_tag": "",
      "head_b": 98.21535610203566,
      "head_b_tag": "",
      "head_lb": 81.56952160812698,
      "head_ub": 118.43047839187302
    },
    "26": {
      "demand_a": 0.00293011292723096,
      "demand_b": 0.0010740460118251111,
      "demand_lb": 1e-06,
      "head_a": 98.0748384052817,
      "head_a_tag": "",
      "head_b": 98.09223362277847,
      "head_b_tag": "",
      "head_lb": 79.74597586422558,
      "head_ub": 120.25402413577442
    },
    "3": {
      "demand_a": 0.01738897396399125,
      "demand_b": 0.011248970185725266,
      "demand_lb": 1e-06,
      "head_a": 99.86548845892499,
      "head_a_tag": "",
      "head_b": 99.86548845892499,
      "head_b_tag": "",
      "head_lb": 98.86528131212901,
      "head_ub": 101.13471868787099
    },
    "4": {
      "demand_a": 1.0279174970928562e-06,
      "demand_b": 0.011269094747834649,
      "demand_lb": 1e-06,
      "head_a": 99.57428714458972,
      "head_a_tag": "",
      "head_b": 99.54822451106392,
      "head_b_tag": "",
      "head_lb": 96.22023709746742,
      "head_ub": 103.77976290253258
    },
    "5": {
      "demand_a": 0.003446999321857505,
      "demand_b": 0.004644799195909828,
      "demand_lb": 1e-06,
      "head_a": 99.51068754421557,
      "head_a_tag": "",
      "head_b": 99.48462511379165,
      "head_b_tag": "",
      "head_lb": 95.64820714338538,
      "head_ub": 104.35179285661462
    },
    "6": {
      "demand_a": 0.005078429369549813,
      "demand_b": 0.0023493451456360684,
      "demand_lb": 1e-06,
      "head_a": 99.02661947136725,
      "head_a_tag": "",
      "head_b": 99.03653047565165,
      "head_b_tag": "",
      "head_lb": 89.48828179556567,
      "head_ub": 110.51171820443433
    },
    "7": {
      "demand_a": 0.0011775560270575434,
      "demand_b": 0.00389094426840793,
      "demand_lb": 1e-06,
      "head_a": 98.57778620648905,
      "head_a_tag": "",
      "head_b": 98.53706178107072,
      "head_b_tag": "",
      "head_lb": 83.45901484936377,
      "head_ub": 116.54098515063623
    },
    "8": {
      "demand_a": 0.009527339264478355,
      "demand_b": 0.002703248705945375,
      "demand_lb": 1e-06,
      "head_a": 98.22055710514417,
      "head_a_tag": "",
      "head_b": 98.240054747434,
      "head_b_tag": "",
      "head_lb": 81.64697482475928,
      "head_ub": 118.35302517524072
    },
    "9": {
      "demand_a": 0.012665058808220997,
      "demand_b": 0.0016313194695914413,
      "demand_lb": 1e-06,
      "head_a": 99.17189245870459,
      "head_a_tag": "",
      "head_b": 99.18440323934041,
      "head_b_tag": "",
      "head_lb": 92.48894338194484,
      "head_ub": 107.51105661805516
    }
  },
  "metadata": {
    "DEMAND_LB": 1e-06,
    "DEMAND_RESTRICTION_MODE": null,
    "DEVIATION_ALPHA": null,
    "FIX_TOTAL_DEMAND": true,
    "GLOBAL_SOLVER": null,
    "HEADLOSS_MODEL": "hw",
    "MEASUREMENT_HEADS_EQUAL_ONLY": true,
    "MEASUREMENT_SITES": [
      "16",
      "20"
    ],
    "MULTI_STARTS": 1,
    "MULTI_START_NOISE": 0.05,
    "MULTI_START_NOISE_REL": 0.25,
    "NORM": 2.0,