{
  "best_bound": null,
  "demands_a": {
    "10": 0.0028999638206862882,
    "11": 0.011003843206183098,
    "12": 0.008137532756420984,
    "13": 0.009757608209898797,
    "14": 0.006597830185281914,
    "15": 0.007460290459580455,
    "16": 0.008825990463406659,
    "17": 0.006631981544128844,
    "18": 0.003454402448634389,
    "19": 0.005290698848826863,
    "20": 0.0047584111813026055,
    "21": 0.008358900223194812,
    "22": 0.003973167471530196,
    "23": 0.0016508352143901834,
    "24": 0.003639278782196594,
    "25": 0.0023437674652445123,
    "26": 0.00293011292723096,
    "27": -0.1469999998807907,
    "3": 0.01738897396399125,
    "4": 1.0279174970928562e-06,
    "5": 0.003446999321857505,
    "6": 0.005078429369549813,
    "7": 0.0011775560270575434,
    "8": 0.009527339264478355,
    "9": 0.012665058808220997
  },
  "demands_b": {
    "10": 0.01338748530757393,
    "11": 0.0021760353659950812,
    "12": 0.014094049410123068,
    "13": 0.01300419873845851,
    "14": 0.01060164864412379,
    "15": 0.01098850633759339,
    "16": 0.006043925882709112,
    "17": 0.004067337463162268,
    "18": 0.0014964431260724182,
    "19": 0.003251160732985734,
    "20": 0.0005848008488266165,
    "21": 0.01229792913531008,
    "22": 0.00544422015234733,
    "23": 0.0022336796236579652,
    "24": 0.004856759030361797,
    "25": 0.0036600523506139606,
    "26": 0.0010740460118251111,
    "27": -0.14699999988079068,
    "3": 0.011248970185725266,
    "4": 0.011269094747834649,
    "5": 0.004644799195909828,
    "6": 0.0023493451456360684,
    "7": 0.00389094426840793,
    "8": 0.002703248705945375,
    "9": 0.0016313194695914413
  },
  "flows_a": {
    "1": 0.1469999998807907,
    "10": 0.009358670691975851,
    "12": 0.06458679291377886,
    "13": 0.043391970418838736,
    "14": 0.03238812721265564,
    "15": 0.024250594456234655,
    "16": 0.019579763431780237,
    "17": 0.012119472972199782,
    "18": 0.02423809717192657,
    "19": -0.0010802634843091027,
    "2": 0.12961102591679946,
    "20": 0.011658872434957225,
    "21": 0.0027608405066939378,
    "22": 0.017332762584862105,
    "23": 0.012298570329417011,
    "24": 0.0028328819715505655,
    "25": 0.005059604098155528,
    "26": 0.008665070523565393,
    "27": 0.0016146357382376042,
    "28": 0.0013560445584515914,
    "29": 0.0017129479796172363,
    "3": 0.03277838284552228,
    "30": 0.0011884630607206209,
    "31": 0.0070142353091752095,
    "32": 0.004989592265216219,
    "33": 0.004001869358423298,
    "34": 0.0027847044108095746,
    "4": 0.029331383523664774,
    "5": 0.01830971565644222,
    "6": 0.017132159629384677,
    "7": 0.0968316151537801,
    "8": 0.00594323849767274,
    "9": 0.0017538503270695303
  },
  "flows_b": {
    "1": 0.1469999998807907,
    "10": 0.012258243848679372,
    "12": 0.06819142864371025,
    "13": 0.0387223012958897,
    "14": 0.03654626592989462,
    "15": 0.022452216519771553,
    "16": 0.02188086050895949,
    "17": 0.010892354171366102,
    "18": 0.022468217651865328,
    "19": 0.000958200317814822,
    "2": 0.13575102969506544,
    "20": 0.010951387647900204,
    "21": 0.0016565952045555802,
    "22": 0.016651759758277335,
    "23": 0.012818060470859396,
    "24": 0.004907461765191092,
    "25": 0.004576055832196112,
    "26": 0.009395911045293684,
    "27": 0.0025652971606022574,
    "28": 0.0022906981207765015,
    "29": 0.0008515372685442966,
    "3": 0.03277832632496962,
    "30": 0.002165313573589424,
    "31": 0.007162231421635718,
    "32": 0.004870769551876179,
    "33": 0.00350141532203872,
    "34": 0.0032789065787579056,
    "4": 0.02813352712905979,
    "5": 0.019397606371805015,
    "6": 0.015506662103397085,
    "7": 0.09170360862226118,
    "8": 0.006386575611618704,
    "9": -0.0005451695487723382
  },
  "heads_a": {
    "10": 98.67872850845131,
    "11": 98.57417202611178,
    "12": 98.47606238511102,
    "13": 98.25101755063429,
    "14": 98.0748349964313,
    "15": 99.10236169462046,
    "16": 98.11891101130072,
    "17": 97.91386191225995,
    "18": 99.05059902234481,
    "19": 98.53584223597866,
    "20": 98.2429871943992,
    "21": 98.11305387071988,
    "22": 97.87648553868392,
    "23": 98.92424451334136,
    "24": 98.52909117322507,
    "25": 98.23252292400466,
    "26": 98.0748384052817,
    "27": 100.0,
    "3": 99.86548845892499,
    "4": 99.57428714458972,
    "5": 99.51068754421557,
    "6": 99.02661947136725,
    "7": 98.57778620648905,
    "8": 98.22055710514417,
    "9": 99.17189245870459
  },
  "heads_b": {
    "10": 98.63905649744059,
    "11": 98.55437805227206,
    "12": 98.43167302052369,
    "13": 98.23655595166396,
    "14": 97.99983652835927,
    "15": 99.09898533998515,
    "16": 98.11891101130072,
    "17": 97.93732882878798,
    "18": 99.05650829450357,
    "19": 98.51489002814498,
    "20": 98.24298719439919,
    "21": 98.1027068884791,
    "22": 97.82379946953746,
    "23": 98.90971046023743,
    "24": 98.49897743193964,
    "25": 98.21535610203566,
    "26": 98.09223362277847,
    "27": 100.0,
    "3": 99.86548845892499,
    "4": 99.54822451106392,
    "5": 99.48462511379165,
    "6": 99.03653047565165,
    "7": 98.53706178107072,
    "8": 98.240054747434,
    "9": 99.18440323934041
  },
  "max_violation": 0.0,
  "min_demand_viol": 2.7917497092856226e-08,
  "norm": 2.0,
  "objective": 0.0006760524287117097,
  "p": 2,
  "radius": 0.026001008224907543,
  "solver_status": "HxSolutionStatus.OPTIMAL"
}