{
  "junctions": {
    "10": {
      "demand_a": 0.012475074056296963,
      "demand_b": 0.003223083916890135,
      "demand_lb": 1e-06,
      "head_a": 98.64961631272165,
      "head_a_tag": "",
      "head_b": 98.66949448801115,
      "head_b_tag": "",
      "head_lb": 86.59928162241783,
      "head_ub": 113.40071837758217
    },
    "11": {
      "demand_a": 0.0021760041657425053,
      "demand_b": 0.01100387534022211,
      "demand_lb": 1e-06,
      "head_a": 98.56493793075143,
      "head_a_tag": "",
      "head_b": 98.56493793075143,
      "head_b_tag": "",
      "head_lb": 85.54316009208108,
      "head_ub": 114.45683990791892
    },
    "12": {
      "demand_a": 0.01422633375834164,
      "demand_b": 0.008574685681168894,
      "demand_lb": 1e-06,
      "head_a": 98.44223280202934,
      "head_a_tag": "",
      "head_b": 98.46682837584245,
      "head_b_tag": "",
      "head_lb": 84.33481739251032,
      "head_ub": 115.66518260748968
    },
    "13": {
      "demand_a": 0.007303269253968573,
      "demand_b": 0.014365697896023913,
      "demand_lb": 1e-06,
      "head_a": 98.24923918772681,
      "head_a_tag": "",
      "head_b": 98.24923918772681,
      "head_b_tag": "",
      "head_lb": 82.05642023912475,
      "head_ub": 117.94357976087525
    },
    "14": {
      "demand_a": 0.007055971341761079,
      "demand_b": 0.009721690450757716,
      "demand_lb": 1e-06,
      "head_a": 98.0730576954366,
      "head_a_tag": "",
      "head_b": 98.01251951953009,
      "head_b_tag": "",
      "head_lb": 78.36141323779582,
      "head_ub": 121.63858676220418
    },
    "15": {
      "demand_a": 0.010988500146058268,
      "demand_b": 0.007460296451601435,
      "demand_lb": 1e-06,
      "head_a": 99.09898590094178,
      "head_a_tag": "",
      "head_b": 99.09313901088277,
      "head_b_tag": "",
      "head_lb": 91.7092797959201,
      "head_ub": 108.2907202040799
    },
    "16": {
      "demand_a": 0.007275125326371869,
      "demand_b": 0.008118291516430934,
      "demand_lb": 1e-06,
      "head_a": 98.10593570112896,
      "head_a_tag": "",
      "head_b": 98.13159764903718,
      "head_b_tag": "",
      "head_lb": 80.45195379991088,
      "head_ub": 119.54804620008912
    },
    "17": {
      "demand_a": 0.0041839425653256955,
      "demand_b": 0.007102375431199624,
      "demand_lb": 1e-06,
      "head_a": 97.95803581146738,
      "head_a_tag": "",
      "head_b": 97.87492131389355,
      "head_b_tag": "",
      "head_lb": 76.27685648606263,
      "head_ub": 123.72314351393737
    },
    "18": {
      "demand_a": 0.0014964036217947514,
      "demand_b": 0.0034544357089617683,
      "demand_lb": 1e-06,
      "head_a": 99.05650884914336,
      "head_a_tag": "",
      "head_b": 99.04137634400344,
      "head_b_tag": "",
      "head_lb": 91.21616132819784,
      "head_ub": 108.78383867180216
    },
    "19": {
      "demand_a": 0.002847144766752331,
      "demand_b": 0.006003813475526858,
      "demand_lb": 1e-06,
      "head_a": 98.52545004902198,
      "head_a_tag": "",
      "head_b": 98.5266079778503,
      "head_b_tag": "",
      "head_lb": 85.09107641733966,
      "head_ub": 114.90892358266034
    },
    "20": {
      "demand_a": 0.003419241819573572,
      "demand_b": 0.0010725215375138146,
      "demand_lb": 1e-06,
      "head_a": 98.24120773813618,
      "head_a_tag": "",
      "head_b": 98.25567118470022,
      "head_b_tag": "",
      "head_lb": 81.95592940539649,
      "head_ub": 118.04407059460351
    },
    "21": {
      "demand_a": 0.01336982188264229,
      "demand_b": 0.007629541995300731,
      "demand_lb": 1e-06,
      "head_a": 98.08973243416371,
      "head_a_tag": "",
      "head_b": 98.12574034337483,
      "head_b_tag": "",
      "head_lb": 80.29368313429404,
      "head_ub": 119.70631686570596
    },
    "22": {
      "demand_a": 0.005215134088212167,
      "demand_b": 0.004293061865424424,
      "demand_lb": 1e-06,
      "head_a": 97.84451217743378,
      "head_a_tag": "",
      "head_b": 97.83894150283605,
      "head_b_tag": "",
      "head_lb": 75.36701637652837,
      "head_ub": 124.63298362347163
    },
    "23": {
      "demand_a": 0.0023337363393521986,
      "demand_b": 0.0016506902139377657,
      "demand_lb": 1e-06,
      "head_a": 98.90970985018353,
      "head_a_tag": "",
      "head_b": 98.91502275815468,
      "head_b_tag": "",
      "head_lb": 89.28563267090023,
      "head_ub": 110.71436732909977
    },
    "24": {
      "demand_a": 0.004801814310604349,
      "demand_b": 0.003682614597900667,
      "demand_lb": 1e-06,
      "head_a": 98.5095360281208,
      "head_a_tag": "",
      "head_b": 98.51985783964437,
      "head_b_tag": "",
      "head_lb": 84.91835360074052,
      "head_ub": 115.08164639925948
    },
    "25": {
      "demand_a": 0.002265796186794986,
      "demand_b": 0.0034409266321890845,
      "demand_lb": 1e-06,
      "head_a": 98.23074277908269,
      "head_a_tag": "",
      "head_b": 98.22804312677624,
      "head_b_tag": "",
      "head_lb": 81.56952160812698,
      "head_ub": 118.43047839187302
    },
    "26": {
      "demand_a": 0.001717802247904941,
      "demand_b": 0.0024388528034944286,
      "demand_lb": 1e-06,
      "head_a": 98.07925860861813,
      "head_a_tag": "",
      "head_b": 98.08505966705388,
      "head_b_tag": "",
      "head_lb": 79.74597586422558,
      "head_ub": 120.25402413577442
    },
    "3": {
      "demand_a": 0.011249058268251538,
      "demand_b": 0.015189850351914086,
      "demand_lb": 1e-06,
      "head_a": 99.86548845892499,
      "head_a_tag": "",
      "head_b": 99.86548845892499,
      "head_b_tag": "",
      "head_lb": 98.86528131212901,
      "head_ub": 101.13471868787099
    },
    "4": {
      "demand_a": 0.011269080216481098,
      "demand_b": 1.0562025652138818e-06,
      "demand_lb": 1e-06,
      "head_a": 99.5482248923194,
      "head_a_tag": "",
      "head_b": 99.56507061983035,
      "head_b_tag": "",
      "head_lb": 96.22023709746742,
      "head_ub": 103.77976290253258
    },
    "5": {
      "demand_a": 0.004248095583999054,
      "demand_b": 0.007111535229707384,
      "demand_lb": 1e-06,
      "head_a": 99.4846256901586,
      "head_a_tag": "",
      "head_b": 99.49334665530694,
      "head_b_tag": "",
      "head_lb": 95.64820714338538,
      "head_ub": 104.35179285661462
    },
    "6": {
      "demand_a": 0.004031820400373209,
      "demand_b": 0.002119969325987469,
      "demand_lb": 1e-06,
      "head_a": 99.02476064517845,
      "head_a_tag": "",
      "head_b": 99.05313640349044,
      "head_b_tag": "",
      "head_lb": 89.48828179556567,
      "head_ub": 110.51171820443433
    },
    "7": {
      "demand_a": 0.0011760632293061658,
      "demand_b": 0.003972766490390167,
      "demand_lb": 1e-06,
      "head_a": 98.57600134892695,
      "head_a_tag": "",
      "head_b": 98.54975129055609,
      "head_b_tag": "",
      "head_lb": 83.45901484936377,
      "head_ub": 116.54098515063623
    },
    "8": {
      "demand_a": 0.009527319726204195,
      "demand_b": 0.0027033230268541913,
      "demand_lb": 1e-06,
      "head_a": 98.21877752279043,
      "head_a_tag": "",
      "head_b": 98.25273866770065,
      "head_b_tag": "",
      "head_lb": 81.64697482475928,
      "head_ub": 118.35302517524072
    },
    "9": {
      "demand_a": 0.002347446578677262,
      "demand_b": 0.012665043738827902,
      "demand_lb": 1e-06,
      "head_a": 99.18440376208213,
      "head_a_tag": "",
      "head_b": 99.16266981005772,
      "head_b_tag": "",
      "head_lb": 92.48894338194484,
      "head_ub": 107.51105661805516
    }
  },
  "metadata": {
    "DEMAND_LB": 1e-06,
    "DEMAND_RESTRICTION_MODE": null,
    "DEVIATION_ALPHA": null,
    "FIX_TOTAL_DEMAND": true,
    "GLOBAL_SOLVER": null,
    "HEADLOSS_MODEL": "hw",
    "MEASUREMENT_HEADS_EQUAL_ONLY": true,
    "MEASUREMENT_SITES": [
      "11",
      "13"
    ],
    "MULTI_STARTS": 1,
    "MULTI_START_NOISE": 0.05,
    "MULTI_START_NOISE_REL": 0.25,
    "NORM": 2.0,