{
  "junctions": {
    "10": {
      "demand_a": 0.013387019066401863,
      "demand_b": 0.002900233176471742,
      "demand_lb": 1e-06,
      "head_a": 98.63906348692412,
      "head_a_tag": "",
      "head_b": 98.67871440389239,
      "head_b_tag": "",
      "head_lb": 86.59928162241783,
      "head_ub": 113.40071837758217
    },
    "11": {
      "demand_a": 0.0021760921449335766,
      "demand_b": 0.011003801041955752,
      "demand_lb": 1e-06,
      "head_a": 98.55438511440752,
      "head_a_tag": "",
      "head_b": 98.57415783554613,
      "head_b_tag": "",
      "head_lb": 85.54316009208108,
      "head_ub": 114.45683990791892
    },
    "12": {
      "demand_a": 0.01422828944846418,
      "demand_b": 0.00704157014386925,
      "demand_lb": 1e-06,
      "head_a": 98.43168054726426,
      "head_a_tag": "",
      "head_b": 98.47604784987901,
      "head_b_tag": "",
      "head_lb": 84.33481739251032,
      "head_ub": 115.66518260748968
    },
    "13": {
      "demand_a": 0.008085162276065835,
      "demand_b": 0.015624038761377437,
      "demand_lb": 1e-06,
      "head_a": 98.23871969427528,
      "head_a_tag": "",
      "head_b": 98.23180431491755,
      "head_b_tag": "",
      "head_lb": 82.05642023912475,
      "head_ub": 117.94357976087525
    },
    "14": {
      "demand_a": 0.006597820077496636,
      "demand_b": 0.010601647313732004,
      "demand_lb": 1e-06,
      "head_a": 98.06253615102189,
      "head_a_tag": "",
      "head_b": 97.99508534496645,
      "head_b_tag": "",
      "head_lb": 78.36141323779582,
      "head_ub": 121.63858676220418
    },
    "15": {
      "demand_a": 0.010988506336387526,
      "demand_b": 0.007460290461156824,
      "demand_lb": 1e-06,
      "head_a": 99.09898565072758,
      "head_a_tag": "",
      "head_b": 99.10235030035099,
      "head_b_tag": "",
      "head_lb": 91.7092797959201,
      "head_ub": 108.2907202040799
    },
    "16": {
      "demand_a": 0.008959140275334863,
      "demand_b": 0.006044309685025527,
      "demand_lb": 1e-06,
      "head_a": 98.10380502622168,
      "head_a_tag": "",
      "head_b": 98.1141518904157,
      "head_b_tag": "",
      "head_lb": 80.45195379991088,
      "head_ub": 119.54804620008912
    },
    "17": {
      "demand_a": 0.0065057219554024385,
      "demand_b": 0.00406725232726648,
      "demand_lb": 1e-06,
      "head_a": 97.90156360723842,
      "head_a_tag": "",
      "head_b": 97.93257715361919,
      "head_b_tag": "",
      "head_lb": 76.27685648606263,
      "head_ub": 123.72314351393737
    },
    "18": {
      "demand_a": 0.001496443045437357,
      "demand_b": 0.0034544025260197196,
      "demand_lb": 1e-06,
      "head_a": 99.0565086052264,
      "head_a_tag": "",
      "head_b": 99.05058762809955,
      "head_b_tag": "",
      "head_lb": 91.21616132819784,
      "head_ub": 108.78383867180216
    },
    "19": {
      "demand_a": 0.0029966629092741115,
      "demand_b": 0.005045350062234107,
      "demand_lb": 1e-06,
      "head_a": 98.51489714512819,
      "head_a_tag": "",
      "head_b": 98.5358279908329,
      "head_b_tag": "",
      "head_lb": 85.09107641733966,
      "head_ub": 114.90892358266034
    },
    "20": {
      "demand_a": 0.0026352493871975233,
      "demand_b": 0.002865517848294417,
      "demand_lb": 1e-06,
      "head_a": 98.23524871395259,
      "head_a_tag": "",
      "head_b": 98.23524871395259,
      "head_b_tag": "",
      "head_lb": 81.95592940539649,
      "head_ub": 118.04407059460351
    },
    "21": {
      "demand_a": 0.008710787506043392,
      "demand_b": 0.012150252296123992,
      "demand_lb": 1e-06,
      "head_a": 98.09794781423412,
      "head_a_tag": "",
      "head_b": 98.09794781423409,
      "head_b_tag": "",
      "head_lb": 80.29368313429404,
      "head_ub": 119.70631686570596
    },
    "22": {
      "demand_a": 0.004060800732796178,
      "demand_b": 0.005444132928625213,
      "demand_lb": 1e-06,
      "head_a": 97.8589241787377,
      "head_a_tag": "",
      "head_b": 97.81904957867657,
      "head_b_tag": "",
      "head_lb": 75.36701637652837,
      "head_ub": 124.63298362347163
    },
    "23": {
      "demand_a": 0.002233742639827377,
      "demand_b": 0.0016508083545153296,
      "demand_lb": 1e-06,
      "head_a": 98.90971076854856,
      "head_a_tag": "",
      "head_b": 98.92423312126859,
      "head_b_tag": "",
      "head_lb": 89.28563267090023,
      "head_ub": 110.71436732909977
    },
    "24": {
      "demand_a": 0.004785992473557298,
      "demand_b": 0.003569249942772218,
      "demand_lb": 1e-06,
      "head_a": 98.49898442411819,
      "head_a_tag": "",
      "head_b": 98.52907698713979,
      "head_b_tag": "",
      "head_lb": 84.91835360074052,
      "head_ub": 115.08164639925948
    },
    "25": {
      "demand_a": 0.003327819091519085,
      "demand_b": 0.002704617238803442,
      "demand_lb": 1e-06,
      "head_a": 98.2076900711164,
      "head_a_tag": "",
      "head_b": 98.224751911655,
      "head_b_tag": "",
      "head_lb": 81.56952160812698,
      "head_ub": 118.43047839187302
    },
    "26": {
      "demand_a": 0.0028878797174689526,
      "demand_b": 0.0012860969095688018,
      "demand_lb": 1e-06,
      "head_a": 98.05727881497432,
      "head_a_tag": "",
      "head_b": 98.08747329343109,
      "head_b_tag": "",
      "head_lb": 79.74597586422558,
      "head_ub": 120.25402413577442
    },
    "3": {
      "demand_a": 0.01124900876465515,
      "demand_b": 0.017387677334045115,
      "demand_lb": 1e-06,
      "head_a": 99.86548845892499,
      "head_a_tag": "",
      "head_b": 99.86548845892499,
      "head_b_tag": "",
      "head_lb": 98.86528131212901,
      "head_ub": 101.13471868787099
    },
    "4": {
      "demand_a": 0.011269078829265283,
      "demand_b": 1.040116967082616e-06,
      "demand_lb": 1e-06,
      "head_a": 99.54822467804556,
      "head_a_tag": "",
      "head_b": 99.57428174935599,
      "head_b_tag": "",
      "head_lb": 96.22023709746742,
      "head_ub": 103.77976290253258
    },
    "5": {
      "demand_a": 0.00464484842447814,
      "demand_b": 0.0034476683121718935,
      "demand_lb": 1e-06,
      "head_a": 99.48462529188795,
      "head_a_tag": "",
      "head_b": 99.51068033446907,
      "head_b_tag": "",
      "head_lb": 95.64820714338538,
      "head_ub": 104.35179285661462
    },
    "6": {
      "demand_a": 0.0029533692174335546,
      "demand_b": 0.004098808719993026,
      "demand_lb": 1e-06,
      "head_a": 99.03653219710884,
      "head_a_tag": "",
      "head_b": 99.02661727535703,
      "head_b_tag": "",
      "head_lb": 89.48828179556567,
      "head_ub": 110.51171820443433
    },
    "7": {
      "demand_a": 0.0016614583430041956,
      "demand_b": 0.0037823557025560943,
      "demand_lb": 1e-06,
      "head_a": 98.56548529224078,
      "head_a_tag": "",
      "head_b": 98.53231238729988,
      "head_b_tag": "",
      "head_lb": 83.45901484936377,
      "head_ub": 116.54098515063623
    },
    "8": {
      "demand_a": 0.009527356385403044,
      "demand_b": 0.0027032320453077643,
      "demand_lb": 1e-06,
      "head_a": 98.20825782394245,
      "head_a_tag": "",
      "head_b": 98.23530377116144,
      "head_b_tag": "",
      "head_lb": 81.64697482475928,
      "head_ub": 118.35302517524072
    },
    "9": {
      "demand_a": 0.0016317508329431463,
      "demand_b": 0.012665646631937463,
      "demand_lb": 1e-06,
      "head_a": 99.18440355009375,
      "head_a_tag": "",
      "head_b": 99.17188106442538,
      "head_b_tag": "",
      "head_lb": 92.48894338194484,
      "head_ub": 107.51105661805516
    }
  },
  "metadata": {
    "DEMAND_LB": 1e-06,
    "DEMAND_RESTRICTION_MODE": null,
    "DEVIATION_ALPHA": null,
    "FIX_TOTAL_DEMAND": true,
    "GLOBAL_SOLVER": null,
    "HEADLOSS_MODEL": "hw",
    "MEASUREMENT_HEADS_EQUAL_ONLY": true,
    "MEASUREMENT_SITES": [
      "20",
      "21"
    ],
    "MULTI_STARTS": 1,
    "MULTI_START_NOISE": 0.05,
    "MULTI_START_NOISE_REL": 0.25,
    "NORM": 2.0,