{
  "junctions": {
    "10": {
      "demand_a": 0.003344256928952599,
      "demand_b": 0.011179441540326795,
      "demand_lb": 1e-06,
      "head_a": 98.6678144711275,
      "head_a_tag": "",
      "head_b": 98.66781447112751,
      "head_b_tag": "",
      "head_lb": 86.59928162241783,
      "head_ub": 113.40071837758217
    },
    "11": {
      "demand_a": 0.01100382629058981,
      "demand_b": 0.0021760495973453114,
      "demand_lb": 1e-06,
      "head_a": 98.56325811317595,
      "head_a_tag": "",
      "head_b": 98.58313591741226,
      "head_b_tag": "",
      "head_lb": 85.54316009208108,
      "head_ub": 114.45683990791892
    },
    "12": {
      "demand_a": 0.008590869300970954,
      "demand_b": 0.013907344491116923,
      "demand_lb": 1e-06,
      "head_a": 98.46514853365044,
      "head_a_tag": "",
      "head_b": 98.46043080749725,
      "head_b_tag": "",
      "head_lb": 84.33481739251032,
      "head_ub": 115.66518260748968
    },
    "13": {
      "demand_a": 0.013799036577778931,
      "demand_b": 0.008400313905644418,
      "demand_lb": 1e-06,
      "head_a": 98.24783305704094,
      "head_a_tag": "",
      "head_b": 98.26229797935994,
      "head_b_tag": "",
      "head_lb": 82.05642023912475,
      "head_ub": 117.94357976087525
    },
    "14": {
      "demand_a": 0.010601643103988251,
      "demand_b": 0.006597800736931423,
      "demand_lb": 1e-06,
      "head_a": 98.01111513693937,
      "head_a_tag": "",
      "head_b": 98.08611585778281,
      "head_b_tag": "",
      "head_lb": 78.36141323779582,
      "head_ub": 121.63858676220418
    },
    "15": {
      "demand_a": 0.007460309744776123,
      "demand_b": 0.010988498510476655,
      "demand_lb": 1e-06,
      "head_a": 99.09313938645931,
      "head_a_tag": "",
      "head_b": 99.09898592248972,
      "head_b_tag": "",
      "head_lb": 91.7092797959201,
      "head_ub": 108.2907202040799
    },
    "16": {
      "demand_a": 0.006594317705334784,
      "demand_b": 0.008571459329162997,
      "demand_lb": 1e-06,
      "head_a": 98.11900422423125,
      "head_a_tag": "",
      "head_b": 98.13548273052496,
      "head_b_tag": "",
      "head_lb": 80.45195379991088,
      "head_ub": 119.54804620008912
    },
    "17": {
      "demand_a": 0.003897488531818851,
      "demand_b": 0.006728285090900794,
      "demand_lb": 1e-06,
      "head_a": 97.94860876462845,
      "head_a_tag": "",
      "head_b": 97.9251459834922,
      "head_b_tag": "",
      "head_lb": 76.27685648606263,
      "head_ub": 123.72314351393737
    },
    "18": {
      "demand_a": 0.0034544994243886924,
      "demand_b": 0.0014966016907058469,
      "demand_lb": 1e-06,
      "head_a": 99.04137673225765,
      "head_a_tag": "",
      "head_b": 99.0565089646295,
      "head_b_tag": "",
      "head_lb": 91.21616132819784,
      "head_ub": 108.78383867180216
    },
    "19": {
      "demand_a": 0.006012907057755607,
      "demand_b": 0.0026812863329974124,
      "demand_lb": 1e-06,
      "head_a": 98.52492801856133,
      "head_a_tag": "",
      "head_b": 98.543648148971,
      "head_b_tag": "",
      "head_lb": 85.09107641733966,
      "head_ub": 114.90892358266034
    },
    "20": {
      "demand_a": 1.4502751931773361e-06,
      "demand_b": 0.004920441235032855,
      "demand_lb": 1e-06,
      "head_a": 98.25426610666133,
      "head_a_tag": "",
      "head_b": 98.25426610666135,
      "head_b_tag": "",
      "head_lb": 81.95592940539649,
      "head_ub": 118.04407059460351
    },
    "21": {
      "demand_a": 0.013009908270040688,
      "demand_b": 0.007954872583224002,
      "demand_lb": 1e-06,
      "head_a": 98.10280011522089,
      "head_a_tag": "",
      "head_b": 98.1296255317437,
      "head_b_tag": "",
      "head_lb": 80.29368313429404,
      "head_ub": 119.70631686570596
    },
    "22": {
      "demand_a": 0.00536972219376629,
      "demand_b": 0.003959661283124566,
      "demand_lb": 1e-06,
      "head_a": 97.83507919565879,
      "head_a_tag": "",
      "head_b": 97.88916973108375,
      "head_b_tag": "",
      "head_lb": 75.36701637652837,
      "head_ub": 124.63298362347163
    },
    "23": {
      "demand_a": 0.0016345179675304414,
      "demand_b": 0.0025087285136334387,
      "demand_lb": 1e-06,
      "head_a": 98.91502490502522,
      "head_a_tag": "",
      "head_b": 98.90971607040365,
      "head_b_tag": "",
      "head_lb": 89.28563267090023,
      "head_ub": 110.71436732909977
    },
    "24": {
      "demand_a": 0.003701220049925541,
      "demand_b": 0.004578825976401267,
      "demand_lb": 1e-06,
      "head_a": 98.51817781854957,
      "head_a_tag": "",
      "head_b": 98.52773382720332,
      "head_b_tag": "",
      "head_lb": 84.91835360074052,
      "head_ub": 115.08164639925948
    },
    "25": {
      "demand_a": 0.0035647127809741116,
      "demand_b": 0.0022665334978746775,
      "demand_lb": 1e-06,
      "head_a": 98.2266351931899,
      "head_a_tag": "",
      "head_b": 98.24380358784866,
      "head_b_tag": "",
      "head_lb": 81.56952160812698,
      "head_ub": 118.43047839187302
    },
    "26": {
      "demand_a": 0.0013168478757051424,
      "demand_b": 0.0029393907540854903,
      "demand_lb": 1e-06,
      "head_a": 98.09232726373494,
      "head_a_tag": "",
      "head_b": 98.08894218921729,
      "head_b_tag": "",
      "head_lb": 79.74597586422558,
      "head_ub": 120.25402413577442
    },
    "3": {
      "demand_a": 0.015189939247155115,
      "demand_b": 0.011249045347975606,
      "demand_lb": 1e-06,
      "head_a": 99.86548845892499,
      "head_a_tag": "",
      "head_b": 99.86548845892499,
      "head_b_tag": "",
      "head_lb": 98.86528131212901,
      "head_ub": 101.13471868787099
    },
    "4": {
      "demand_a": 1.052130060796852e-06,
      "demand_b": 0.011269084970718407,
      "demand_lb": 1e-06,
      "head_a": 99.56507099505748,
      "head_a_tag": "",
      "head_b": 99.54822483639167,
      "head_b_tag": "",
      "head_lb": 96.22023709746742,
      "head_ub": 103.77976290253258
    },
    "5": {
      "demand_a": 0.007063292588856823,
      "demand_b": 0.004688541227245997,
      "demand_lb": 1e-06,
      "head_a": 99.49334731459372,
      "head_a_tag": "",
      "head_b": 99.48462561882828,
      "head_b_tag": "",
      "head_lb": 95.64820714338538,
      "head_ub": 104.35179285661462
    },
    "6": {
      "demand_a": 0.0021657900561835204,
      "demand_b": 0.0036372624129941203,
      "demand_lb": 1e-06,
      "head_a": 99.05172674888351,
      "head_a_tag": "",
      "head_b": 99.03782189920565,
      "head_b_tag": "",
      "head_lb": 89.48828179556567,
      "head_ub": 110.51171820443433
    },
    "7": {
      "demand_a": 0.003972777630126878,
      "demand_b": 0.0011760650288391086,
      "demand_lb": 1e-06,
      "head_a": 98.54834339235147,
      "head_a_tag": "",
      "head_b": 98.58906120604514,
      "head_b_tag": "",
      "head_lb": 83.45901484936377,
      "head_ub": 116.54098515063623
    },
    "8": {
      "demand_a": 0.0027033313681626737,
      "demand_b": 0.009527330443729535,
      "demand_lb": 1e-06,
      "head_a": 98.2513324657383,
      "head_a_tag": "",
      "head_b": 98.23183626011308,
      "head_b_tag": "",
      "head_lb": 81.64697482475928,
      "head_ub": 118.35302517524072
    },
    "9": {
      "demand_a": 0.012546282780754911,
      "demand_b": 0.003597135380303068,
      "demand_lb": 1e-06,
      "head_a": 99.16267026242754,
      "head_a_tag": "",
      "head_b": 99.1844036776396,
      "head_b_tag": "",
      "head_lb": 92.48894338194484,
      "head_ub": 107.51105661805516
    }
  },
  "metadata": {
    "DEMAND_LB": 1e-06,
    "DEMAND_RESTRICTION_MODE": null,
    "DEVIATION_ALPHA": null,
    "FIX_TOTAL_DEMAND": true,
    "GLOBAL_SOLVER": null,
    "HEADLOSS_MODEL": "hw",
    "MEASUREMENT_HEADS_EQUAL_ONLY": true,
    "MEASUREMENT_SITES": [
      "10",
      "20"
    ],
    "MULTI_STARTS": 1,
    "MULTI_START_NOISE": 0.05,
    "MULTI_START_NOISE_REL": 0.25,
    "NORM": 2.0,