{
  "junctions": {
    "1": {
      "demand_a": 1.0009336561811466e-06,
      "demand_b": 0.3893916332828873,
      "demand_lb": 1e-06,
      "head_a": 207.79655128270184,
      "head_a_tag": "",
      "head_b": 207.7452473431519,
      "head_b_tag": "",
      "head_lb": 192.50486793246043,
      "head_ub": 227.49513206753957
    },
    "2": {
      "demand_a": 0.1040488570703082,
      "demand_b": 0.052663292628130964,
      "demand_lb": 1e-06,
      "head_a": 208.3993620394407,
      "head_a_tag": "",
      "head_b": 208.3993620394407,
      "head_b_tag": "",
      "head_lb": 197.73885171300606,
      "head_ub": 222.26114828699394
    },
    "3": {
      "demand_a": 1.0013313629930742e-06,
      "demand_b": 0.16468762596399017,
      "demand_lb": 1e-06,
      "head_a": 208.12431920986228,
      "head_a_tag": "",
      "head_b": 208.06078800539686,
      "head_b_tag": "",
      "head_lb": 195.4480958089859,
      "head_ub": 224.5519041910141
    },
    "4": {
      "demand_a": 0.03174902153002179,
      "demand_b": 0.15539823515146267,
      "demand_lb": 1e-06,
      "head_a": 207.92130954704436,
      "head_a_tag": "",
      "head_b": 207.92130954704436,
      "head_b_tag": "",
      "head_lb": 193.65759424996153,
      "head_ub": 226.34240575003847
    },
    "5": {
      "demand_a": 0.4652643159771469,
      "demand_b": 0.09486747694597153,
      "demand_lb": 1e-06,
      "head_a": 207.84927755900156,
      "head_a_tag": "",
      "head_b": 207.90403359855716,
      "head_b_tag": "",
      "head_lb": 193.51611954073178,
      "head_ub": 226.48388045926822
    },
    "6": {
      "demand_a": 0.5189358079258755,
      "demand_b": 0.2629917407959289,
      "demand_lb": 1e-06,
      "head_a": 207.7438255574817,
      "head_a_tag": "",
      "head_b": 207.75411684376004,
      "head_b_tag": "",
      "head_lb": 192.19739489998213,
      "head_ub": 227.80260510001787
    }
  },
  "metadata": {
    "DEMAND_INTERVALS": false,
    "DEMAND_LB": 1e-06,
    "FIX_TOTAL_DEMAND": true,
    "GLOBAL_SOLVER": "couenne",
    "HEADLOSS_MODEL": "hw",
    "MEASUREMENT_HEADS_EQUAL_ONLY": true,
    "MEASUREMENT_SITES": [
      "4"
    ],
    "MULTI_STARTS": 10,
    "MULTI_START_NOISE": 0.05,
    "NORM": 2,
    "PIPE_BOUNDS": true,
    "PIPE_BOUND_METHOD": "perturb",
    "PIPE_BOUND_PERTURB_BASE": "base",
    "PIPE_BOUND_PERTURB_FIX_TOTAL": true,
    "PIPE_BOUND_PERTURB_SAMPLES": 25,
    "PIPE_BOUND_PERTURB_SEED": 1,
    "PIPE_BOUND_PERTURB_SIGMA": 0.4,
    "PIPE_BOUND_POLICY": "minmax",
    "PIPE_BOUND_SAFENESS": 0.85,
    "RADIUS": true,
    "SCENARIO_SOURCE": "base",
    "SINGLE_NODE_SOLUTION": false,
    "SOLVER": "hexaly_xd",
    "USE_RESERVOIR_OUTFLOW_CONSTRAINT": false,
    "WDN_NAME": "Alperovits",
    "output_dir": "data/Alperovits-B-batch-20260401-112551/4",
    "timestamp": "20260401-112551"
  },
  "output_dir": "data/Alperovits-B-batch-20260401-112551/4",
  "pipes": {
    "1": {
      "flow_a": 1.1200000047683716,
      "flow_a_tag": "lb",
      "flow_b": 1.1200000047683716,
      "flow_b_tag": "lb",
      "flow_lb": 1.1200000047683716,
      "flow_ub": 1.1200000047683716,
      "headloss_res_a": -10.660510326434622,
      "headloss_res_b": -10.660510326434622
    },
    "2": {
      "flow_a": 0.43272198565089326,
      "flow_a_tag": "",
      "flow_b": 0.48410755009307016,
      "flow_b_tag": "ub",
      "flow_lb": 0.41987699270248413,
      "flow_ub": 0.4841075539588928,
      "headloss_res_a": -1.5552181398336498,
      "headloss_res_b": -1.9521818333908545
    },
    "3": {
      "flow_a": 0.58322916204717,
      "flow_a_tag": "",
      "flow_b": 0.5832291620471703,
      "flow_b_tag": "",
      "flow_lb": 0.5331490635871887,
      "flow_ub": 0.6461739540100098,
      "headloss_res_a": -2.8468089979239926,
      "headloss_res_b": -2.8468089979239966
    },
    "4": {
      "flow_a": 0.20990444538068634,
      "flow_a_tag": "ub",
      "flow_b": 0.09709644542657261,
      "flow_b_tag": "lb",
      "flow_lb": 0.09709644317626953,
      "flow_ub": 0.20990444719791412,
      "headloss_res_a": -0.3586318120841419,
      "headloss_res_b": -0.0748754134731963
    },
    "5": {
      "flow_a": 0.34157569513646185,
      "flow_a_tag": "",
      "flow_b": 0.3307344814691351,
      "flow_b_tag": "",
      "flow_lb": 0.18577921390533447,
      "flow_ub": 0.3867356777191162,
      "headloss_res_a": -0.9629470193117642,
      "headloss_res_b": -0.9019952258980546
    },
    "6": {
      "flow_a": 0.17736011278941358,
      "flow_a_tag": "ub",
      "flow_b": -0.06774274067320617,
      "flow_b_tag": "lb",
      "flow_lb": -0.0677427425980568,
      "flow_ub": 0.17736011743545532,
      "headloss_res_a": -0.2547472911493235,
      "headloss_res_b": 0.03598650751139115
    },
    "7": {
      "flow_a": 0.43272098431953027,
      "flow_a_tag": "",
      "flow_b": 0.31941992412908,
      "flow_b_tag": "lb",
      "flow_lb": 0.3194199204444885,
      "flow_ub": 0.4445835053920746,
      "headloss_res_a": -1.5552108480060465,
      "headloss_res_b": -0.8405301643114642
    },
    "8": {
      "flow_a": 0.17736111372306976,
      "flow_a_tag": "",
      "flow_b": 0.3216488926096811,
      "flow_b_tag": "ub",
      "flow_lb": 0.10464206337928772,
      "flow_ub": 0.32164889574050903,
      "headloss_res_a": -0.25475021053391966,
      "headloss_res_b": -0.8524653331796743
    }
  },
  "summary": {
    "flow_at_bounds": {
      "a_lb": 1,
      "a_ub": 2,
      "b_lb": 4,
      "b_ub": 2
    },
    "head_at_bounds": {
      "a_lb": 0,
      "a_ub": 0,
      "b_lb": 0,
      "b_ub": 0
    },
    "head_bounds_count": 6,
    "junction_count": 6,
    "min_demand_slack_a": 9.33656181146648e-10,
    "min_demand_slack_b": 0.05266229262813096,
    "pipe_count": 8,
    "total_demand_a": 1.1200000047683716,
    "total_demand_b": 1.1200000047683716,
    "total_demand_res_a": 0.0,
    "total_demand_res_b": 0.0,
    "total_demand_target": 1.1200000047683716
  }
}