{
  "best_bound": null,
  "demands_a": {
    "1": 1.0009336561811466e-06,
    "2": 0.1040488570703082,
    "3": 1.0013313629930742e-06,
    "4": 0.03174902153002179,
    "5": 0.4652643159771469,
    "6": 0.5189358079258755,
    "7": -1.1200000047683716
  },
  "demands_b": {
    "1": 0.3893916332828873,
    "2": 0.052663292628130964,
    "3": 0.16468762596399017,
    "4": 0.15539823515146267,
    "5": 0.09486747694597153,
    "6": 0.2629917407959289,
    "7": -1.1200000047683716
  },
  "flows_a": {
    "1": 1.1200000047683716,
    "2": 0.43272198565089326,
    "3": 0.58322916204717,
    "4": 0.20990444538068634,
    "5": 0.34157569513646185,
    "6": 0.17736011278941358,
    "7": 0.43272098431953027,
    "8": 0.17736111372306976
  },
  "flows_b": {
    "1": 1.1200000047683716,
    "2": 0.48410755009307016,
    "3": 0.5832291620471703,
    "4": 0.09709644542657261,
    "5": 0.3307344814691351,
    "6": -0.06774274067320617,
    "7": 0.31941992412908,
    "8": 0.3216488926096811
  },
  "heads_a": {
    "1": 207.79655128270184,
    "2": 208.3993620394407,
    "3": 208.12431920986228,
    "4": 207.92130954704436,
    "5": 207.84927755900156,
    "6": 207.7438255574817,
    "7": 210.0
  },
  "heads_b": {
    "1": 207.7452473431519,
    "2": 208.3993620394407,
    "3": 208.06078800539686,
    "4": 207.92130954704436,
    "5": 207.90403359855716,
    "6": 207.75411684376004,
    "7": 210.0
  },
  "max_violation": 0.0,
  "min_demand_viol": 9.33656181146648e-10,
  "norm": 2,
  "objective": 0.39937753701976875,
  "p": 1,
  "radius": 0.6319632402440579,
  "solver_status": "HxSolutionStatus.OPTIMAL"
}