{
  "junctions": {
    "1": {
      "demand_a": 0.24211522446283093,
      "demand_b": 0.13321642447184903,
      "demand_lb": 1e-06,
      "head_a": 207.80554824359393,
      "head_a_tag": "",
      "head_b": 207.80554824359393,
      "head_b_tag": "",
      "head_lb": 193.62708714484413,
      "head_ub": 226.37291285515587
    },
    "2": {
      "demand_a": 0.08927460873586734,
      "demand_b": 0.07890724545529526,
      "demand_lb": 1e-06,
      "head_a": 208.3993620394407,
      "head_a_tag": "",
      "head_b": 208.3993620394407,
      "head_b_tag": "",
      "head_lb": 197.73885171300606,
      "head_ub": 222.26114828699394
    },
    "3": {
      "demand_a": 0.11574589260961743,
      "demand_b": 0.08626374586325541,
      "demand_lb": 1e-06,
      "head_a": 208.08974234710283,
      "head_a_tag": "",
      "head_b": 208.08974234710283,
      "head_b_tag": "",
      "head_lb": 195.6583771104362,
      "head_ub": 224.3416228895638
    },
    "4": {
      "demand_a": 0.1334482621188764,
      "demand_b": 0.11980156478262971,
      "demand_lb": 1e-06,
      "head_a": 207.94204378387698,
      "head_a_tag": "",
      "head_b": 207.92650421456318,
      "head_b_tag": "",
      "head_lb": 194.40450298777,
      "head_ub": 225.59549701223
    },
    "5": {
      "demand_a": 0.2302281712880237,
      "demand_b": 0.33149425211001127,
      "demand_lb": 1e-06,
      "head_a": 207.90841656000535,
      "head_a_tag": "",
      "head_b": 207.87872772341314,
      "head_b_tag": "",
      "head_lb": 194.28361303052068,
      "head_ub": 225.71638696947932
    },
    "6": {
      "demand_a": 0.30918784555315576,
      "demand_b": 0.370316772085331,
      "demand_lb": 1e-06,
      "head_a": 207.8051705106287,
      "head_a_tag": "",
      "head_b": 207.7938987624073,
      "head_b_tag": "",
      "head_lb": 193.56687411412554,
      "head_ub": 226.43312588587446
    }
  },
  "metadata": {
    "DEMAND_LB": 1e-06,
    "DEMAND_RESTRICTION_MODE": null,
    "DEVIATION_ALPHA": null,
    "FIX_TOTAL_DEMAND": true,
    "GLOBAL_SOLVER": null,
    "HEADLOSS_MODEL": "hw",
    "MEASUREMENT_HEADS_EQUAL_ONLY": true,
    "MEASUREMENT_SITES": [
      "1",
      "3"
    ],
    "MULTI_STARTS": 1,
    "MULTI_START_NOISE": 0.05,
    "MULTI_START_NOISE_REL": 0.25,
    "NORM": 2.0,
    "OUTPUT_DIR": "data/Alperovits/3e031e7c",
    "PIPE_BOUNDS": true,
    "RADIUS_TO_FIXED": null,
    "SCENARIO": "base",
    "SCENARIO_FILE": "scenario/Alperovits/base.json",
    "SOLVER": "Hexaly_xd",
    "USE_RESERVOIR_OUTFLOW_CONSTRAINT": false,
    "WDN": "Alperovits",
    "WDN_NAME": "Alperovits",
    "output_dir": "data/Alperovits/3e031e7c/1_3",
    "timestamp": "20260421-175331"
  },
  "output_dir": "data/Alperovits/3e031e7c/1_3",
  "pipes": {
    "1": {
      "flow_a": 1.1200000047683716,
      "flow_a_tag": "lb",
      "flow_b": 1.1200000047683716,
      "flow_b_tag": "lb",
      "flow_lb": 1.1200000047683716,
      "flow_ub": 1.1200000047683716,
      "headloss_res_a": -10.660510326434622,
      "headloss_res_b": -10.660510326434622
    },
    "2": {
      "flow_a": 0.4612941992874283,
      "flow_a_tag": "",
      "flow_b": 0.4612941992874283,
      "flow_b_tag": "",
      "flow_lb": 0.44622185826301575,
      "flow_ub": 0.4613533318042755,
      "headloss_res_a": -1.7703216277913474,
      "headloss_res_b": -1.7703216277913474
    },
    "3": {
      "flow_a": 0.5694311967450759,
      "flow_a_tag": "",
      "flow_b": 0.579798560025648,
      "flow_b_tag": "",
      "flow_lb": 0.5568748712539673,
      "flow_ub": 0.5840606689453125,
      "headloss_res_a": -2.7120857982675375,
      "headloss_res_b": -2.813004483095804
    },
    "4": {
      "flow_a": 0.1391186512859971,
      "flow_a_tag": "lb",
      "flow_b": 0.16816720935260124,
      "flow_b_tag": "ub",
      "flow_lb": 0.13911864161491394,
      "flow_ub": 0.16816721856594086,
      "headloss_res_a": -0.15554867801592634,
      "headloss_res_b": -0.22864877123899174
    },
    "5": {
      "flow_a": 0.29686428334020243,
      "flow_a_tag": "",
      "flow_b": 0.2918297858904171,
      "flow_b_tag": "",
      "flow_lb": 0.27015259861946106,
      "flow_ub": 0.3175203204154968,
      "headloss_res_a": -0.724538879879009,
      "headloss_res_b": -0.699837208841624
    },
    "6": {
      "flow_a": 0.012323562212953347,
      "flow_a_tag": "lb",
      "flow_b": 0.07848698619491387,
      "flow_b_tag": "ub",
      "flow_lb": 0.012323553673923016,
      "flow_ub": 0.07848699390888214,
      "headloss_res_a": -0.001106724026445101,
      "headloss_res_b": -0.04856353769608788
    },
    "7": {
      "flow_a": 0.3455483066778109,
      "flow_a_tag": "lb",
      "flow_b": 0.3750304534241729,
      "flow_b_tag": "ub",
      "flow_lb": 0.3455483019351959,
      "flow_ub": 0.3750304579734802,
      "headloss_res_a": -0.9857864805453143,
      "headloss_res_b": -1.1637494228726522
    },
    "8": {
      "flow_a": 0.2544387866757843,
      "flow_a_tag": "",
      "flow_b": 0.2117034106667629,
      "flow_b_tag": "lb",
      "flow_lb": 0.211703360080719,
      "flow_ub": 0.2591662108898163,
      "headloss_res_a": -0.5299247729433508,
      "headloss_res_b": -0.3648978763264423
    }
  },
  "summary": {
    "flow_at_bounds": {
      "a_lb": 4,
      "a_ub": 0,
      "b_lb": 2,
      "b_ub": 3
    },
    "head_at_bounds": {
      "a_lb": 0,
      "a_ub": 0,
      "b_lb": 0,
      "b_ub": 0
    },
    "head_bounds_count": 6,
    "junction_count": 6,
    "min_demand_slack_a": 0.08927360873586734,
    "min_demand_slack_b": 0.07890624545529526,
    "pipe_count": 8,
    "total_demand_a": 1.1200000047683716,
    "total_demand_b": 1.1200000047683718,
    "total_demand_res_a": 0.0,
    "total_demand_res_b": 2.220446049250313e-16,
    "total_demand_target": 1.1200000047683716
  }
}