{
  "demands_a": {
    "1": 0.054742083697225,
    "2": 9.92018918566373e-07,
    "3": 0.0684787429071736,
    "4": 0.11860973931272167,
    "5": 0.5333569777587256,
    "6": 0.5000816257548266,
    "7": -1.2752701614495912
  },
  "demands_b": {
    "1": 0.3747735801924059,
    "2": 9.925474189209638e-07,
    "3": 0.1135810763997166,
    "4": 0.2601433847211788,
    "5": 0.21309232621048074,
    "6": 0.31367880137838977,
    "7": -1.2752701614495907
  },
  "flows_a": {
    "1": 1.275270161449591,
    "2": 0.5598176573020013,
    "3": 0.7154515121286711,
    "4": 0.2360994456884868,
    "5": 0.3607423271274626,
    "6": 0.13933929862736397,
    "7": 0.4913389143948277,
    "8": 0.19408138232458896
  },
  "flows_b": {
    "1": 1.275270161449591,
    "2": 0.5561733997472302,
    "3": 0.7190957691549417,
    "4": 0.10510646801131557,
    "5": 0.3538459164224473,
    "6": -0.04016711504405752,
    "7": 0.44259232334751364,
    "8": 0.3346064651483484
  },
  "heads_a": {
    "1": 207.10342298477417,
    "2": 207.96490498357335,
    "3": 207.51527436182474,
    "4": 207.25930071920249,
    "5": 207.1593178373751,
    "6": 207.06900024414062,
    "7": 210.0
  },
  "heads_b": {
    "1": 207.06613976039304,
    "2": 207.96490498357335,
    "3": 207.5211092491371,
    "4": 207.25209421487875,
    "5": 207.2322791909952,
    "6": 207.06900024414062,
    "7": 210.0
  },
  "max_violation": 0.0,
  "min_demand_viol": 9.92018918566373e-07,
  "norm": 2,
  "p": 1,
  "radius": 0.5116655274540741
}