{
  "best_radius": 0.5116655274540741,
  "norm": 2,
  "runs": [
    {
      "max_violation": 0.0,
      "min_demand_viol": 9.92018918566373e-07,
      "radius": 0.5116655274540484,
      "run": 0,
      "start_flows": {
        "1": 1.2815567346722234,
        "2": 0.5366730048142524,
        "3": 0.740599816912241,
        "4": 0.16867282852181875,
        "5": 0.3465271430612216,
        "6": 0.11098697517967882,
        "7": 0.5285542792417369,
        "8": 0.35515010591988877
      },
      "start_heads": {
        "1": 207.0733643860959,
        "2": 207.9297180233659,
        "3": 207.4781786487703,
        "4": 207.24162814869288,
        "5": 207.22695241405262,
        "6": 206.95274870540868,
        "7": 209.93770445263735
      },
      "success": true
    },
    {
      "max_violation": 0.0,
      "min_demand_viol": 9.948039960683275e-07,
      "radius": 0.41977833904542344,
      "run": 1,
      "start_flows": {
        "1": 1.2386568558823812,
        "2": 0.516065298835952,
        "3": 0.6927636765716192,
        "4": 0.18400934948287342,
        "5": 0.42543628019141105,
        "6": 0.08648048928700286,
        "7": 0.5316774505127143,
        "8": 0.274536324089096
      },
      "start_heads": {
        "1": 207.06141767800918,
        "2": 207.9824802886609,
        "3": 207.58662323140518,
        "4": 207.27749248670779,
        "5": 207.18771115261757,
        "6": 207.0229139753277,
        "7": 210.0110097561735
      },
      "success": true
    },
    {
      "max_violation": 0.0,
      "min_demand_viol": 9.92018918566373e-07,
      "radius": 0.5116655274540485,
      "run": 2,
      "start_flows": {
        "1": 1.224789314440617,
        "2": 0.5328194692352318,
        "3": 0.7006174338943529,
        "4": 0.19047010189845717,
        "5": 0.3840435678445942,
        "6": 0.11067585788620064,
        "7": 0.430662846514313,
        "8": 0.3013153760787882
      },
      "start_heads": {
        "1": 207.12336953932757,
        "2": 208.00410355865932,
        "3": 207.61612127958364,
        "4": 207.20983859521453,
        "5": 207.3005823038222,
        "6": 207.13629401532975,
        "7": 210.01322278151648
      },
      "success": true
    },
    {
      "max_violation": 0.0,
      "min_demand_viol": 9.92018918566373e-07,
      "radius": 0.5116655274540561,
      "run": 3,
      "start_flows": {
        "1": 1.2595740828907322,
        "2": 0.6161792821556654,
        "3": 0.8065916002125751,
        "4": 0.25350956615747305,
        "5": 0.43906579995599565,
        "6": 0.11077624296715237,
        "7": 0.40293834537112144,
        "8": 0.3075733511074225
      },
      "start_heads": {
        "1": 207.02509807095467,
        "2": 207.99772853191007,
        "3": 207.4770316491351,
        "4": 207.29254797482884,
        "5": 207.24637929982637,
        "6": 207.10380238033878,
        "7": 209.96691487139805
      },
      "success": true
    },
    {
      "max_violation": 0.0,
      "min_demand_viol": 9.92018918566373e-07,
      "radius": 0.5116655274540741,
      "run": 4,
      "start_flows": {
        "1": 1.2534484612603927,
        "2": 0.4847881525901743,
        "3": 0.7955470782465835,
        "4": 0.13863228624205917,
        "5": 0.38975909319228724,
        "6": 0.07997859516050837,
        "7": 0.5425279209253362,
        "8": 0.3738141071175186
      },
      "start_heads": {
        "1": 207.05340861705716,
        "2": 207.99657241629748,
        "3": 207.43127422829028,
        "4": 207.27539332053274,
        "5": 207.2590704246241,
        "6": 207.11919832293273,
        "7": 210.0911005681664
      },
      "success": true
    },
    {
      "max_violation": 0.0,
      "min_demand_viol": 9.92018918566373e-07,
      "radius": 0.5116655274540612,
      "run": 5,
      "start_flows": {
        "1": 1.209248675116889,
        "2": 0.5102018468880566,
        "3": 0.755331183795778,
        "4": 0.16588055335543236,
        "5": 0.4734302409015399,
        "6": 0.10233318205982786,
        "7": 0.4316945724756187,
        "8": 0.28891788250178624
      },
      "start_heads": {
        "1": 207.04657367972953,
        "2": 207.9103474792753,
        "3": 207.47756571400328,
        "4": 207.30431244635815,
        "5": 207.2539444057059,
        "6": 207.1337281851127,
        "7": 210.0844553726222
      },
      "success": true
    },
    {
      "max_violation": 0.0,
      "min_demand_viol": 9.92018918566373e-07,
      "radius": 0.5116655274540741,
      "run": 6,
      "start_flows": {
        "1": 1.2609008382271203,
        "2": 0.6219986619210469,
        "3": 0.686939392030947,
        "4": 0.12665365804705303,
        "5": 0.3857998802972105,
        "6": 0.1444798766776782,
        "7": 0.4714047558209973,
        "8": 0.2785196165572598
      },
      "start_heads": {
        "1": 207.0305857263811,
        "2": 207.8978437994524,
        "3": 207.47137371157672,
        "4": 207.2979260143135,
        "5": 207.27437176674957,
        "6": 207.06078551450935,
        "7": 210.0436521076311
      },
      "success": true
    },
    {
      "max_violation": 0.0,
      "min_demand_viol": 9.92018918566373e-07,
      "radius": 0.5116655274540275,
      "run": 7,
      "start_flows": {
        "1": 1.211250526381825,
        "2": 0.5076248432258539,
        "3": 0.7396295770670818,
        "4": 0.050920763985437184,
        "5": 0.39262909159759246,
        "6": 0.06382518061372941,
        "7": 0.46881826185912073,
        "8": 0.30401098145238553
      },
      "start_heads": {
        "1": 207.1264906024077,
        "2": 207.97501050490845,
        "3": 207.57615831915794,
        "4": 207.23487338427483,
        "5": 207.29593521620086,
        "6": 207.105304933588,
        "7": 210.05824319905554
      },
      "success": true
    },
    {
      "max_violation": 0.0,
      "min_demand_viol": 9.92018918566373e-07,
      "radius": 0.5116655274540418,
      "run": 8,
      "start_flows": {
        "1": 1.3146496347028471,
        "2": 0.5854821820077472,
        "3": 0.7123583649272212,
        "4": 0.09208913011468016,
        "5": 0.3665583567174265,
        "6": 0.05443149042536929,
        "7": 0.3922171885594593,
        "8": 0.32071869730907604
      },
      "start_heads": {
        "1": 207.1504268427809,
        "2": 207.93647731244886,
        "3": 207.48995950042203,
        "4": 207.22064181781616,
        "5": 207.23830696907072,
        "6": 207.08693384159915,
        "7": 209.9993042665738
      },
      "success": true
    },
    {
      "max_violation": 0.0,
      "min_demand_viol": 0.01253642157297341,
      "radius": 0.48500329117364915,
      "run": 9,
      "start_flows": {
        "1": 1.327362211578195,
        "2": 0.6133914893174437,
        "3": 0.7660869661975614,
        "4": 0.04516262735031806,
        "5": 0.4347447976794482,
        "6": 0.10988822284663671,
        "7": 0.4845428446278974,
        "8": 0.3263574286502396
      },
      "start_heads": {
        "1": 207.0441173768665,
        "2": 207.9840426431698,
        "3": 207.5574204333352,
        "4": 207.2548462063928,
        "5": 207.12980435016647,
        "6": 207.06355450774527,
        "7": 210.0540081706269
      },
      "success": true
    }
  ],
  "unique_local_optima": 3
}