{
  "junctions": {
    "1": {
      "demand_a": 0.06700353438747823,
      "demand_b": 0.29357228819277564,
      "demand_lb": 1e-06,
      "head_a": 207.85267705150292,
      "head_a_tag": "",
      "head_b": 207.78577397544936,
      "head_b_tag": "",
      "head_lb": 193.28837254949758,
      "head_ub": 226.71162745050242
    },
    "2": {
      "demand_a": 0.12687355343242812,
      "demand_b": 0.07768108740344548,
      "demand_lb": 1e-06,
      "head_a": 208.3993620394407,
      "head_a_tag": "",
      "head_b": 208.3993620394407,
      "head_b_tag": "",
      "head_lb": 197.73885171300606,
      "head_ub": 222.26114828699394
    },
    "3": {
      "demand_a": 0.06453054236023392,
      "demand_b": 0.1318430779710641,
      "demand_lb": 1e-06,
      "head_a": 208.11763888441578,
      "head_a_tag": "",
      "head_b": 208.08068127777426,
      "head_b_tag": "",
      "head_lb": 195.59310003642656,
      "head_ub": 224.40689996357344
    },
    "4": {
      "demand_a": 0.07789219535699676,
      "demand_b": 0.13745316849013162,
      "demand_lb": 1e-06,
      "head_a": 207.96362425305736,
      "head_a_tag": "",
      "head_b": 207.93554884185588,
      "head_b_tag": "",
      "head_lb": 194.16704775335216,
      "head_ub": 225.83295224664784
    },
    "5": {
      "demand_a": 0.3748375069461948,
      "demand_b": 0.1828321402792631,
      "demand_lb": 1e-06,
      "head_a": 207.90786818321618,
      "head_a_tag": "",
      "head_b": 207.90786818321615,
      "head_b_tag": "",
      "head_lb": 194.0497882368296,
      "head_ub": 225.9502117631704
    },
    "6": {
      "demand_a": 0.4088626722850399,
      "demand_b": 0.29661824243169177,
      "demand_lb": 1e-06,
      "head_a": 207.8291229922715,
      "head_a_tag": "",
      "head_b": 207.78628252188304,
      "head_b_tag": "",
      "head_lb": 193.1595820206114,
      "head_ub": 226.8404179793886
    }
  },
  "metadata": {
    "DEMAND_INTERVALS": false,
    "DEMAND_LB": 1e-06,
    "FIX_TOTAL_DEMAND": true,
    "GLOBAL_SOLVER": "couenne",
    "HEADLOSS_MODEL": "hw",
    "MEASUREMENT_HEADS_EQUAL_ONLY": true,
    "MEASUREMENT_SITES": [
      "5"
    ],
    "MULTI_STARTS": 10,
    "MULTI_START_NOISE": 0.05,
    "NORM": 2,
    "PIPE_BOUNDS": true,
    "PIPE_BOUND_METHOD": "perturb",
    "PIPE_BOUND_PERTURB_BASE": "base",
    "PIPE_BOUND_PERTURB_FIX_TOTAL": true,
    "PIPE_BOUND_PERTURB_SAMPLES": 25,
    "PIPE_BOUND_PERTURB_SEED": 1,
    "PIPE_BOUND_PERTURB_SIGMA": 0.2,
    "PIPE_BOUND_POLICY": "minmax",
    "PIPE_BOUND_SAFENESS": 0.85,
    "RADIUS": true,
    "SCENARIO_SOURCE": "base",
    "SINGLE_NODE_SOLUTION": false,
    "SOLVER": "hexaly_xd",
    "USE_RESERVOIR_OUTFLOW_CONSTRAINT": false,
    "WDN_NAME": "Alperovits",
    "output_dir": "data/Alperovits-B-batch-20260401-112523/5",
    "timestamp": "20260401-112523"
  },
  "output_dir": "data/Alperovits-B-batch-20260401-112523/5",
  "pipes": {
    "1": {
      "flow_a": 1.1200000047683716,
      "flow_a_tag": "lb",
      "flow_b": 1.1200000047683716,
      "flow_b_tag": "lb",
      "flow_lb": 1.1200000047683716,
      "flow_ub": 1.1200000047683716,
      "headloss_res_a": -10.660510326434622,
      "headloss_res_b": -10.660510326434622
    },
    "2": {
      "flow_a": 0.4383656419152315,
      "flow_a_tag": "lb",
      "flow_b": 0.4685351514439706,
      "flow_b_tag": "ub",
      "flow_lb": 0.438365638256073,
      "flow_ub": 0.4685351550579071,
      "headloss_res_a": -1.596590481266632,
      "headloss_res_b": -1.827070881811582
    },
    "3": {
      "flow_a": 0.554760809420712,
      "flow_a_tag": "",
      "flow_b": 0.5737837659209556,
      "flow_b_tag": "",
      "flow_lb": 0.5486409664154053,
      "flow_ub": 0.6044999361038208,
      "headloss_res_a": -2.572461764531413,
      "headloss_res_b": -2.754228068886867
    },
    "4": {
      "flow_a": 0.18279339006620535,
      "flow_a_tag": "ub",
      "flow_b": 0.12524232687937797,
      "flow_b_tag": "lb",
      "flow_lb": 0.12524232268333435,
      "flow_ub": 0.18279339373111725,
      "headloss_res_a": -0.27084384743508927,
      "headloss_res_b": -0.1256388262137323
    },
    "5": {
      "flow_a": 0.29407522399750996,
      "flow_a_tag": "",
      "flow_b": 0.311088270551446,
      "flow_b_tag": "",
      "flow_lb": 0.24518345296382904,
      "flow_ub": 0.3417060375213623,
      "headloss_res_a": -0.7108008798783689,
      "headloss_res_b": -0.7966710193552514
    },
    "6": {
      "flow_a": 0.11478744828752994,
      "flow_a_tag": "ub",
      "flow_b": -0.014470028119754204,
      "flow_b_tag": "lb",
      "flow_lb": -0.014470032416284084,
      "flow_ub": 0.11478745192289352,
      "headloss_res_a": -0.10523646149707769,
      "headloss_res_b": 0.0015380576953557606
    },
    "7": {
      "flow_a": 0.37383509955499755,
      "flow_a_tag": "",
      "flow_b": 0.33669207347290653,
      "flow_b_tag": "lb",
      "flow_lb": 0.33669203519821167,
      "flow_ub": 0.3973555564880371,
      "headloss_res_a": -1.156243599453352,
      "headloss_res_b": -0.9352407889263925
    },
    "8": {
      "flow_a": 0.18179098267500818,
      "flow_a_tag": "lb",
      "flow_b": 0.2791022600730214,
      "flow_b_tag": "ub",
      "flow_lb": 0.18179097771644592,
      "flow_ub": 0.27910226583480835,
      "headloss_res_a": -0.26783657207865064,
      "headloss_res_b": -0.6393214481279108
    }
  },
  "summary": {
    "flow_at_bounds": {
      "a_lb": 3,
      "a_ub": 2,
      "b_lb": 4,
      "b_ub": 2
    },
    "head_at_bounds": {
      "a_lb": 0,
      "a_ub": 0,
      "b_lb": 0,
      "b_ub": 0
    },
    "head_bounds_count": 6,
    "junction_count": 6,
    "min_demand_slack_a": 0.06452954236023392,
    "min_demand_slack_b": 0.07768008740344548,
    "pipe_count": 8,
    "total_demand_a": 1.1200000047683718,
    "total_demand_b": 1.1200000047683718,
    "total_demand_res_a": 0.0,
    "total_demand_res_b": 0.0,
    "total_demand_target": 1.1200000047683718
  }
}