{
  "best_bound": null,
  "demands_a": {
    "1": 0.06700353438747823,
    "2": 0.12687355343242812,
    "3": 0.06453054236023392,
    "4": 0.07789219535699676,
    "5": 0.3748375069461948,
    "6": 0.4088626722850399,
    "7": -1.1200000047683718
  },
  "demands_b": {
    "1": 0.29357228819277564,
    "2": 0.07768108740344548,
    "3": 0.1318430779710641,
    "4": 0.13745316849013162,
    "5": 0.1828321402792631,
    "6": 0.29661824243169177,
    "7": -1.1200000047683718
  },
  "flows_a": {
    "1": 1.1200000047683716,
    "2": 0.4383656419152315,
    "3": 0.554760809420712,
    "4": 0.18279339006620535,
    "5": 0.29407522399750996,
    "6": 0.11478744828752994,
    "7": 0.37383509955499755,
    "8": 0.18179098267500818
  },
  "flows_b": {
    "1": 1.1200000047683716,
    "2": 0.4685351514439706,
    "3": 0.5737837659209556,
    "4": 0.12524232687937797,
    "5": 0.311088270551446,
    "6": -0.014470028119754204,
    "7": 0.33669207347290653,
    "8": 0.2791022600730214
  },
  "heads_a": {
    "1": 207.85267705150292,
    "2": 208.3993620394407,
    "3": 208.11763888441578,
    "4": 207.96362425305736,
    "5": 207.90786818321618,
    "6": 207.8291229922715,
    "7": 210.0
  },
  "heads_b": {
    "1": 207.78577397544936,
    "2": 208.3993620394407,
    "3": 208.08068127777426,
    "4": 207.93554884185588,
    "5": 207.90786818321615,
    "6": 207.78628252188304,
    "7": 210.0
  },
  "max_violation": 0.0,
  "min_demand_viol": 0.06452954236023392,
  "norm": 2,
  "objective": 0.11129665874782943,
  "p": 1,
  "radius": 0.33361153869107923,
  "solver_status": "HxSolutionStatus.OPTIMAL"
}