{
  "best_bound": null,
  "demands_a": {
    "1": 0.13321639494544957,
    "2": 0.09121617574996188,
    "3": 0.07950508275901386,
    "4": 0.1142513456829014,
    "5": 0.3314942703618178,
    "6": 0.370316735269227,
    "7": -1.1200000047683716
  },
  "demands_b": {
    "1": 0.20000002160668462,
    "2": 0.09999996423720892,
    "3": 0.10000002384186069,
    "4": 0.11999998986721017,
    "5": 0.2699999958276753,
    "6": 0.33000000938773183,
    "7": -1.1200000047683716
  },
  "flows_a": {
    "1": 1.1200000047683716,
    "2": 0.4545355270863196,
    "3": 0.57424830193209,
    "4": 0.16816720240747093,
    "5": 0.2918297538417176,
    "6": 0.07848698142750936,
    "7": 0.37503044432730576,
    "8": 0.2117033763729589
  },
  "flows_b": {
    "1": 1.1200000047683716,
    "2": 0.4545355270863152,
    "3": 0.5654645134448474,
    "4": 0.15276744360218703,
    "5": 0.2926970799754502,
    "6": 0.03730292941228163,
    "7": 0.35453550324445454,
    "8": 0.23730295101896626
  },
  "heads_a": {
    "1": 207.81389722382173,
    "2": 208.3993620394407,
    "3": 208.09809129587055,
    "4": 207.93485316913564,
    "5": 207.88707668167368,
    "6": 207.80224774396189,
    "7": 210.0
  },
  "heads_b": {
    "1": 207.817527662031,
    "2": 208.3993620394407,
    "3": 208.09809129587055,
    "4": 207.9479261851134,
    "5": 207.9079348048752,
    "6": 207.81458994978965,
    "7": 210.0
  },
  "max_violation": 0.0,
  "min_demand_viol": 0.07950408275901386,
  "norm": 2.0,
  "objective": 0.010397281436447173,
  "p": 2,
  "radius": 0.10196706054627236,
  "solver_status": "HxSolutionStatus.OPTIMAL"
}