{
  "junctions": {
    "1": {
      "demand_a": 0.13321640252444017,
      "demand_b": 0.20000002160667193,
      "demand_lb": 1e-06,
      "head_a": 207.83475534183196,
      "head_a_tag": "",
      "head_b": 207.8175276620311,
      "head_b_tag": "",
      "head_lb": 193.62708714484413,
      "head_ub": 226.37291285515587
    },
    "2": {
      "demand_a": 0.10528644827298295,
      "demand_b": 0.09999996423725022,
      "demand_lb": 1e-06,
      "head_a": 208.3993620394407,
      "head_a_tag": "",
      "head_b": 208.3993620394407,
      "head_b_tag": "",
      "head_lb": 197.73885171300606,
      "head_ub": 222.26114828699394
    },
    "3": {
      "demand_a": 0.10000002384192735,
      "demand_b": 0.10000002384186613,
      "demand_lb": 1e-06,
      "head_a": 208.0980912958706,
      "head_a_tag": "",
      "head_b": 208.0980912958706,
      "head_b_tag": "",
      "head_lb": 195.6583771104362,
      "head_ub": 224.3416228895638
    },
    "4": {
      "demand_a": 0.10018106095154372,
      "demand_b": 0.11999998986720484,
      "demand_lb": 1e-06,
      "head_a": 207.95571129425687,
      "head_a_tag": "",
      "head_b": 207.94792618511346,
      "head_b_tag": "",
      "head_lb": 194.40450298777,
      "head_ub": 225.59549701223
    },
    "5": {
      "demand_a": 0.31099932476225023,
      "demand_b": 0.26999999582765816,
      "demand_lb": 1e-06,
      "head_a": 207.90793480487537,
      "head_a_tag": "",
      "head_b": 207.9079348048753,
      "head_b_tag": "",
      "head_lb": 194.28361303052068,
      "head_ub": 225.71638696947932
    },
    "6": {
      "demand_a": 0.37031674441522716,
      "demand_b": 0.33000000938772045,
      "demand_lb": 1e-06,
      "head_a": 207.82310586181745,
      "head_a_tag": "",
      "head_b": 207.8145899497897,
      "head_b_tag": "",
      "head_lb": 193.56687411412554,
      "head_ub": 226.43312588587446
    }
  },
  "metadata": {
    "DEMAND_LB": 1e-06,
    "DEMAND_RESTRICTION_MODE": null,
    "DEVIATION_ALPHA": null,
    "FIX_TOTAL_DEMAND": true,
    "GLOBAL_SOLVER": null,
    "HEADLOSS_MODEL": "hw",
    "MEASUREMENT_HEADS_EQUAL_ONLY": true,
    "MEASUREMENT_SITES": [
      "3",
      "5"
    ],
    "MULTI_STARTS": 1,
    "MULTI_START_NOISE": 0.05,
    "MULTI_START_NOISE_REL": 0.25,
    "NORM": 2.0,
    "OUTPUT_DIR": "data/Alperovits/4e13e1d6",
    "PIPE_BOUNDS": true,
    "RADIUS_TO_FIXED": null,
    "SCENARIO": "base",
    "SCENARIO_FILE": "scenario/Alperovits/base.json",
    "SOLVER": "Hexaly_xd",
    "USE_RESERVOIR_OUTFLOW_CONSTRAINT": false,
    "WDN": "Alperovits",
    "WDN_NAME": "Alperovits",
    "output_dir": "data/Alperovits/4e13e1d6/3_5",
    "timestamp": "20260421-175340"
  },
  "output_dir": "data/Alperovits/4e13e1d6/3_5",
  "pipes": {
    "1": {
      "flow_a": 1.1200000047683716,
      "flow_a_tag": "lb",
      "flow_b": 1.1200000047683716,
      "flow_b_tag": "lb",
      "flow_lb": 1.1200000047683716,
      "flow_ub": 1.1200000047683716,
      "headloss_res_a": -10.660510326434622,
      "headloss_res_b": -10.660510326434622
    },
    "2": {
      "flow_a": 0.45453552708627043,
      "flow_a_tag": "",
      "flow_b": 0.4545355270862897,
      "flow_b_tag": "",
      "flow_lb": 0.44622185826301575,
      "flow_ub": 0.4613533318042755,
      "headloss_res_a": -1.7181683698297059,
      "headloss_res_b": -1.7181683698298769
    },
    "3": {
      "flow_a": 0.5601780294091182,
      "flow_a_tag": "",
      "flow_b": 0.5654645134448317,
      "flow_b_tag": "",
      "flow_lb": 0.5568748712539673,
      "flow_ub": 0.5840606689453125,
      "headloss_res_a": -2.6235855789815874,
      "headloss_res_b": -2.6739655752425966
    },
    "4": {
      "flow_a": 0.16816720599543156,
      "flow_a_tag": "ub",
      "flow_b": 0.1527674436021849,
      "flow_b_tag": "",
      "flow_lb": 0.13911864161491394,
      "flow_ub": 0.16816721856594086,
      "headloss_res_a": -0.22864876197082096,
      "headloss_res_b": -0.18812512959324124
    },
    "5": {
      "flow_a": 0.2918297624621429,
      "flow_a_tag": "",
      "flow_b": 0.29269707997544203,
      "flow_b_tag": "",
      "flow_lb": 0.27015259861946106,
      "flow_ub": 0.3175203204154968,
      "headloss_res_a": -0.6998370949000673,
      "headloss_res_b": -0.7040616800892017
    },
    "6": {
      "flow_a": 0.07848698195308425,
      "flow_a_tag": "ub",
      "flow_b": 0.03730292941227839,
      "flow_b_tag": "",
      "flow_lb": 0.012323553673923016,
      "flow_ub": 0.07848699390888214,
      "headloss_res_a": -0.04856353235977345,
      "headloss_res_b": -0.010663605073536676
    },
    "7": {
      "flow_a": 0.3545355032443431,
      "flow_a_tag": "",
      "flow_b": 0.35453550324442357,
      "flow_b_tag": "",
      "flow_lb": 0.3455483019351959,
      "flow_ub": 0.3750304579734802,
      "headloss_res_a": -1.0384549631030853,
      "headloss_res_b": -1.0384549631035864
    },
    "8": {
      "flow_a": 0.21170338447752443,
      "flow_a_tag": "lb",
      "flow_b": 0.23730295101895033,
      "flow_b_tag": "",
      "flow_lb": 0.211703360080719,
      "flow_ub": 0.2591662108898163,
      "headloss_res_a": -0.3648977847155935,
      "headloss_res_b": -0.460021941614313
    }
  },
  "summary": {
    "flow_at_bounds": {
      "a_lb": 2,
      "a_ub": 2,
      "b_lb": 1,
      "b_ub": 0
    },
    "head_at_bounds": {
      "a_lb": 0,
      "a_ub": 0,
      "b_lb": 0,
      "b_ub": 0
    },
    "head_bounds_count": 6,
    "junction_count": 6,
    "min_demand_slack_a": 0.09999902384192735,
    "min_demand_slack_b": 0.09999896423725022,
    "pipe_count": 8,
    "total_demand_a": 1.1200000047683716,
    "total_demand_b": 1.1200000047683718,
    "total_demand_res_a": 0.0,
    "total_demand_res_b": 2.220446049250313e-16,
    "total_demand_target": 1.1200000047683716
  }
}