{
  "junctions": {
    "1": {
      "demand_a": 0.1945084530826154,
      "demand_b": 0.14704564297167158,
      "demand_lb": 1e-06,
      "head_a": 207.81364731042422,
      "head_a_tag": "",
      "head_b": 207.81364731042422,
      "head_b_tag": "",
      "head_lb": 193.62708714484413,
      "head_ub": 226.37291285515587
    },
    "2": {
      "demand_a": 0.11129904700165394,
      "demand_b": 0.08146844153153965,
      "demand_lb": 1e-06,
      "head_a": 208.3993620394407,
      "head_a_tag": "",
      "head_b": 208.3993620394407,
      "head_b_tag": "",
      "head_lb": 197.73885171300606,
      "head_ub": 222.26114828699394
    },
    "3": {
      "demand_a": 0.10627749891406191,
      "demand_b": 0.0797086414273841,
      "demand_lb": 1e-06,
      "head_a": 208.10140907996325,
      "head_a_tag": "",
      "head_b": 208.09784138029374,
      "head_b_tag": "",
      "head_lb": 195.6583771104362,
      "head_ub": 224.3416228895638
    },
    "4": {
      "demand_a": 0.08562263659352642,
      "demand_b": 0.17452105550924601,
      "demand_lb": 1e-06,
      "head_a": 207.96054363677501,
      "head_a_tag": "",
      "head_b": 207.92045406554456,
      "head_b_tag": "",
      "head_lb": 194.40450298777,
      "head_ub": 225.59549701223
    },
    "5": {
      "demand_a": 0.24011431733621624,
      "demand_b": 0.3024458831328367,
      "demand_lb": 1e-06,
      "head_a": 207.9200832804153,
      "head_a_tag": "",
      "head_b": 207.88682677012142,
      "head_b_tag": "",
      "head_lb": 194.28361303052068,
      "head_ub": 225.71638696947932
    },
    "6": {
      "demand_a": 0.38217805184029763,
      "demand_b": 0.33481034019569345,
      "demand_lb": 1e-06,
      "head_a": 207.805511339878,
      "head_a_tag": "",
      "head_b": 207.80551133987788,
      "head_b_tag": "",
      "head_lb": 193.56687411412554,
      "head_ub": 226.43312588587446
    }
  },
  "metadata": {
    "DEMAND_LB": 1e-06,
    "DEMAND_RESTRICTION_MODE": null,
    "DEVIATION_ALPHA": null,
    "FIX_TOTAL_DEMAND": true,
    "GLOBAL_SOLVER": null,
    "HEADLOSS_MODEL": "hw",
    "MEASUREMENT_HEADS_EQUAL_ONLY": true,
    "MEASUREMENT_SITES": [
      "1",
      "6"
    ],
    "MULTI_STARTS": 1,
    "MULTI_START_NOISE": 0.05,
    "MULTI_START_NOISE_REL": 0.25,
    "NORM": 2.0,
    "OUTPUT_DIR": "data/Alperovits/3e031e7c",
    "PIPE_BOUNDS": true,
    "RADIUS_TO_FIXED": null,
    "SCENARIO": "base",
    "SCENARIO_FILE": "scenario/Alperovits/base.json",
    "SOLVER": "Hexaly_xd",
    "USE_RESERVOIR_OUTFLOW_CONSTRAINT": false,
    "WDN": "Alperovits",
    "WDN_NAME": "Alperovits",
    "output_dir": "data/Alperovits/3e031e7c/1_6",
    "timestamp": "20260421-175331"
  },
  "output_dir": "data/Alperovits/3e031e7c/1_6",
  "pipes": {
    "1": {
      "flow_a": 1.1200000047683716,
      "flow_a_tag": "lb",
      "flow_b": 1.1200000047683716,
      "flow_b_tag": "lb",
      "flow_lb": 1.1200000047683716,
      "flow_ub": 1.1200000047683716,
      "headloss_res_a": -10.660510326434622,
      "headloss_res_b": -10.660510326434622
    },
    "2": {
      "flow_a": 0.4518258184057384,
      "flow_a_tag": "",
      "flow_b": 0.4547390818819556,
      "flow_b_tag": "",
      "flow_lb": 0.44622185826301575,
      "flow_ub": 0.4613533318042755,
      "headloss_res_a": -1.6974801941580275,
      "headloss_res_b": -1.7197275914298218
    },
    "3": {
      "flow_a": 0.5568751393609792,
      "flow_a_tag": "lb",
      "flow_b": 0.5837924813548763,
      "flow_b_tag": "",
      "flow_lb": 0.5568748712539673,
      "flow_ub": 0.5840606689453125,
      "headloss_res_a": -2.592354821417589,
      "headloss_res_b": -2.8523793377149302
    },
    "4": {
      "flow_a": 0.15373218719527612,
      "flow_a_tag": "",
      "flow_b": 0.1391188219185918,
      "flow_b_tag": "lb",
      "flow_lb": 0.13911864161491394,
      "flow_ub": 0.16816721856594086,
      "headloss_res_a": -0.1905464137520291,
      "headloss_res_b": -0.15554907052289293
    },
    "5": {
      "flow_a": 0.3175203155721767,
      "flow_a_tag": "ub",
      "flow_b": 0.27015260392703844,
      "flow_b_tag": "lb",
      "flow_lb": 0.27015259861946106,
      "flow_ub": 0.3175203204154968,
      "headloss_res_a": -0.8304257289437869,
      "headloss_res_b": -0.5984249255640472
    },
    "6": {
      "flow_a": 0.06465773626812091,
      "flow_a_tag": "",
      "flow_b": 0.06465773626865501,
      "flow_b_tag": "",
      "flow_lb": 0.012323553673923016,
      "flow_ub": 0.07848699390888214,
      "headloss_res_a": -0.032727578858772546,
      "headloss_res_b": -0.03272757885933395
    },
    "7": {
      "flow_a": 0.34554831949167647,
      "flow_a_tag": "lb",
      "flow_b": 0.3750304404545715,
      "flow_b_tag": "ub",
      "flow_lb": 0.3455483019351959,
      "flow_ub": 0.3750304579734802,
      "headloss_res_a": -0.9857865546542026,
      "headloss_res_b": -1.1637493413036515
    },
    "8": {
      "flow_a": 0.2591661893507363,
      "flow_a_tag": "ub",
      "flow_b": 0.2117033792403266,
      "flow_b_tag": "lb",
      "flow_lb": 0.211703360080719,
      "flow_ub": 0.2591662108898163,
      "headloss_res_a": -0.5500898065588894,
      "headloss_res_b": -0.3648977663871563
    }
  },
  "summary": {
    "flow_at_bounds": {
      "a_lb": 3,
      "a_ub": 2,
      "b_lb": 4,
      "b_ub": 1
    },
    "head_at_bounds": {
      "a_lb": 0,
      "a_ub": 0,
      "b_lb": 0,
      "b_ub": 0
    },
    "head_bounds_count": 6,
    "junction_count": 6,
    "min_demand_slack_a": 0.08562163659352642,
    "min_demand_slack_b": 0.0797076414273841,
    "pipe_count": 8,
    "total_demand_a": 1.1200000047683716,
    "total_demand_b": 1.1200000047683716,
    "total_demand_res_a": 0.0,
    "total_demand_res_b": 0.0,
    "total_demand_target": 1.1200000047683716
  }
}