{
  "best_bound": null,
  "demands_a": {
    "1": 0.1945084530826154,
    "2": 0.11129904700165394,
    "3": 0.10627749891406191,
    "4": 0.08562263659352642,
    "5": 0.24011431733621624,
    "6": 0.38217805184029763,
    "7": -1.1200000047683716
  },
  "demands_b": {
    "1": 0.14704564297167158,
    "2": 0.08146844153153965,
    "3": 0.0797086414273841,
    "4": 0.17452105550924601,
    "5": 0.3024458831328367,
    "6": 0.33481034019569345,
    "7": -1.1200000047683716
  },
  "flows_a": {
    "1": 1.1200000047683716,
    "2": 0.4518258184057384,
    "3": 0.5568751393609792,
    "4": 0.15373218719527612,
    "5": 0.3175203155721767,
    "6": 0.06465773626812091,
    "7": 0.34554831949167647,
    "8": 0.2591661893507363
  },
  "flows_b": {
    "1": 1.1200000047683716,
    "2": 0.4547390818819556,
    "3": 0.5837924813548763,
    "4": 0.1391188219185918,
    "5": 0.27015260392703844,
    "6": 0.06465773626865501,
    "7": 0.3750304404545715,
    "8": 0.2117033792403266
  },
  "heads_a": {
    "1": 207.81364731042422,
    "2": 208.3993620394407,
    "3": 208.10140907996325,
    "4": 207.96054363677501,
    "5": 207.9200832804153,
    "6": 207.805511339878,
    "7": 210.0
  },
  "heads_b": {
    "1": 207.81364731042422,
    "2": 208.3993620394407,
    "3": 208.09784138029374,
    "4": 207.92045406554456,
    "5": 207.88682677012142,
    "6": 207.80551133987788,
    "7": 210.0
  },
  "max_violation": 0.0,
  "min_demand_viol": 0.0797076414273841,
  "norm": 2.0,
  "objective": 0.017880340641308088,
  "p": 2,
  "radius": 0.13371739094563612,
  "solver_status": "HxSolutionStatus.OPTIMAL"
}