{
  "best_bound": null,
  "demands_a": {
    "10": 0.013304554935784856,
    "11": 0.0021760311098780183,
    "12": 0.014228307127098088,
    "13": 0.008077270273822056,
    "14": 0.006597802701227517,
    "15": 0.010988507025069939,
    "16": 0.008573556805906045,
    "17": 0.006727671457614194,
    "18": 0.0014964603862320427,
    "19": 0.0028481973701237027,
    "20": 0.004751276245060582,
    "21": 0.007957733752880102,
    "22": 0.0039593225451894695,
    "23": 0.0022336486617930695,
    "24": 0.0049021248825174635,
    "25": 0.002217841809005824,
    "26": 0.0029403269928094814,
    "27": -0.14699999988079074,
    "3": 0.011248972329406193,
    "4": 0.011269102839356324,
    "5": 0.0043240031870098485,
    "6": 0.003562786821198042,
    "7": 0.0014557734177557992,
    "8": 0.009527407001165302,
    "9": 0.0016313202028867546
  },
  "demands_b": {
    "10": 0.002903729256283072,
    "11": 0.011003848394622685,
    "12": 0.007041568450779731,
    "13": 0.01578287268924971,
    "14": 0.010601647990297957,
    "15": 0.007460289673084319,
    "16": 0.006159782273965719,
    "17": 0.004032593099381789,
    "18": 0.0034543863412650026,
    "19": 0.00514007252642423,
    "20": 0.0013024937274113968,
    "21": 0.01244657054695721,
    "22": 0.005428916829260674,
    "23": 0.0016508582858666444,
    "24": 0.0034434915513934785,
    "25": 0.003939167451391697,
    "26": 0.0011247568904725128,
    "27": -0.1469999998807907,
    "3": 0.01738841780521866,
    "4": 1.0286062248621164e-06,
    "5": 0.0034602470541063753,
    "6": 0.00407370043807135,
    "7": 0.003790720771217747,
    "8": 0.0027032337635408757,
    "9": 0.012665605464303023
  },
  "flows_a": {
    "1": 0.1469999998807907,
    "10": 0.009358604428197328,
    "12": 0.06819142765789259,
    "13": 0.03872229938659602,
    "14": 0.036546268276718,
    "15": 0.022317961149619914,
    "16": 0.021880860395904388,
    "17": 0.010892353370834449,
    "18": 0.022468195619377747,
    "19": -0.0010803576215308735,
    "2": 0.13575102755138452,
    "20": 0.011406452570419095,
    "21": 0.002760801726969811,
    "22": 0.017054606982497656,
    "23": 0.012027739779631182,
    "24": 0.0028328957645130507,
    "25": 0.0051310825410178255,
    "26": 0.009395892984602406,
    "27": 0.0025653912667563876,
    "28": 0.0013559485793367655,
    "29": 0.0017718192502463046,
    "3": 0.03277831645534447,
    "30": 0.0011642128103734437,
    "31": 0.0071622443228093365,
    "32": 0.004825510707048261,
    "33": 0.003963617477379202,
    "34": 0.0027951097348160254,
    "4": 0.028454313268334624,
    "5": 0.01858790416327054,
    "6": 0.01713213074551474,
    "7": 0.09170360825668372,
    "8": 0.006303622283866043,
    "9": 0.0017538806838478904
  },
  "flows_b": {
    "1": 0.1469999998807907,
    "10": 0.012258234206419649,
    "12": 0.0645868068451444,
    "13": 0.04339197231043697,
    "14": 0.03238812391581428,
    "15": 0.025346555465034552,
    "16": 0.01957976353612407,
    "17": 0.01211947386303975,
    "18": 0.024238120422762948,
    "19": 0.0009583374835509959,
    "2": 0.12961158207557205,
    "20": 0.011067246505416963,
    "21": 0.0016565862161216922,
    "22": 0.01748349193183358,
    "23": 0.012931952497190124,
    "24": 0.004907464231451244,
    "25": 0.004541324759920607,
    "26": 0.008665087521774747,
    "27": 0.0016145559645051376,
    "28": 0.002290708223681062,
    "29": 0.0008515214217635497,
    "3": 0.03277837762377572,
    "30": 0.0021653178766605097,
    "31": 0.007014229235908102,
    "32": 0.005185293649019761,
    "33": 0.003536834421309127,
    "34": 0.003263598952600164,
    "4": 0.029318130569669348,
    "5": 0.019297414987259395,
    "6": 0.015506694216041648,
    "7": 0.09683217584557148,
    "8": 0.005947015144338603,
    "9": -0.0005452262460811244
  },
  "heads_a": {
    "10": 98.63905652400614,
    "11": 98.5543780865702,
    "12": 98.43167304022896,
    "13": 98.23871123632597,
    "14": 98.06252961653989,
    "15": 99.09898535276713,
    "16": 98.1118528176053,
    "17": 97.90156071987069,
    "18": 99.0565083130672,
    "19": 98.51489028020715,
    "20": 98.2306795840354,
    "21": 98.10599562420954,
    "22": 97.86558449209213,
    "23": 98.90971100138464,
    "24": 98.49897660289362,
    "25": 98.2202166852792,
    "26": 98.06531218108499,
    "27": 100.0,
    "3": 99.86548845892499,
    "4": 99.54822452034244,
    "5": 99.48462515853582,
    "6": 99.02702216920953,
    "7": 98.56547780034487,
    "8": 98.20824981440032,
    "9": 99.18440325130503
  },
  "heads_b": {
    "10": 98.67872168208784,
    "11": 98.57416519130696,
    "12": 98.47605556880166,
    "13": 98.23181315887676,
    "14": 97.99509475943715,
    "15": 99.10235506457803,
    "16": 98.11185281760531,
    "17": 97.9325876879868,
    "18": 99.0505923852559,
    "19": 98.53583515576837,
    "20": 98.23824610671923,
    "21": 98.09564867970205,
    "22": 97.81905791089898,
    "23": 98.9242374171991,
    "24": 98.52908471073147,
    "25": 98.21061478866262,
    "26": 98.08517577495972,
    "27": 100.0,
    "3": 99.86548845892499,
    "4": 99.57428483043735,
    "5": 99.51068524882713,
    "6": 99.02702216920953,
    "7": 98.53232080131606,
    "8": 98.23531262856885,
    "9": 99.17188582934841
  },
  "max_violation": 0.0,
  "min_demand_viol": 2.8606224862116437e-08,
  "norm": 2.0,
  "objective": 0.000730164211985713,
  "p": 2,
  "radius": 0.027021550880467846,
  "solver_status": "HxSolutionStatus.OPTIMAL"
}