{
  "junctions": {
    "1": {
      "demand_a": 0.29357229152815845,
      "demand_b": 0.0670035328395383,
      "demand_lb": 1e-06,
      "head_a": 207.78577401116658,
      "head_a_tag": "",
      "head_b": 207.82758109172445,
      "head_b_tag": "",
      "head_lb": 193.28837254949758,
      "head_ub": 226.71162745050242
    },
    "2": {
      "demand_a": 0.07768111629009211,
      "demand_b": 0.10984375931135881,
      "demand_lb": 1e-06,
      "head_a": 208.3993620394407,
      "head_a_tag": "",
      "head_b": 208.3993620394407,
      "head_b_tag": "",
      "head_lb": 197.73885171300606,
      "head_ub": 222.26114828699394
    },
    "3": {
      "demand_a": 0.13184310594069865,
      "demand_b": 0.04101009595948374,
      "demand_lb": 1e-06,
      "head_a": 208.08068128342973,
      "head_a_tag": "",
      "head_b": 208.11763887908012,
      "head_b_tag": "",
      "head_lb": 195.59310003642656,
      "head_ub": 224.40689996357344
    },
    "4": {
      "demand_a": 0.13745314323173496,
      "demand_b": 0.09492198552934566,
      "demand_lb": 1e-06,
      "head_a": 207.93554887836984,
      "head_a_tag": "",
      "head_b": 207.93852829271145,
      "head_b_tag": "",
      "head_lb": 194.16704775335216,
      "head_ub": 225.83295224664784
    },
    "5": {
      "demand_a": 0.18283210701521624,
      "demand_b": 0.39835795840808197,
      "demand_lb": 1e-06,
      "head_a": 207.9078682196802,
      "head_a_tag": "",
      "head_b": 207.8827722229872,
      "head_b_tag": "",
      "head_lb": 194.0497882368296,
      "head_ub": 225.9502117631704
    },
    "6": {
      "demand_a": 0.2966182407624712,
      "demand_b": 0.4088626727205631,
      "demand_lb": 1e-06,
      "head_a": 207.78628255774973,
      "head_a_tag": "",
      "head_b": 207.8040270322102,
      "head_b_tag": "",
      "head_lb": 193.1595820206114,
      "head_ub": 226.8404179793886
    }
  },
  "metadata": {
    "DEMAND_INTERVALS": false,
    "DEMAND_LB": 1e-06,
    "FIX_TOTAL_DEMAND": true,
    "GLOBAL_SOLVER": "couenne",
    "HEADLOSS_MODEL": "hw",
    "MEASUREMENT_HEADS_EQUAL_ONLY": true,
    "MEASUREMENT_SITES": [
      "2"
    ],
    "MULTI_STARTS": 10,
    "MULTI_START_NOISE": 0.05,
    "NORM": 2,
    "PIPE_BOUNDS": true,
    "PIPE_BOUND_METHOD": "perturb",
    "PIPE_BOUND_PERTURB_BASE": "base",
    "PIPE_BOUND_PERTURB_FIX_TOTAL": true,
    "PIPE_BOUND_PERTURB_SAMPLES": 25,
    "PIPE_BOUND_PERTURB_SEED": 1,
    "PIPE_BOUND_PERTURB_SIGMA": 0.2,
    "PIPE_BOUND_POLICY": "minmax",
    "PIPE_BOUND_SAFENESS": 0.85,
    "RADIUS": true,
    "SCENARIO_SOURCE": "base",
    "SINGLE_NODE_SOLUTION": false,
    "SOLVER": "hexaly_xd",
    "USE_RESERVOIR_OUTFLOW_CONSTRAINT": false,
    "WDN_NAME": "Alperovits",
    "output_dir": "data/Alperovits-B-batch-20260401-112523/2",
    "timestamp": "20260401-112523"
  },
  "output_dir": "data/Alperovits-B-batch-20260401-112523/2",
  "pipes": {
    "1": {
      "flow_a": 1.1200000047683716,
      "flow_a_tag": "lb",
      "flow_b": 1.1200000047683716,
      "flow_b_tag": "lb",
      "flow_lb": 1.1200000047683716,
      "flow_ub": 1.1200000047683716,
      "headloss_res_a": -10.660510326434622,
      "headloss_res_b": -10.660510326434622
    },
    "2": {
      "flow_a": 0.46853514695736775,
      "flow_a_tag": "ub",
      "flow_b": 0.438365646401763,
      "flow_b_tag": "lb",
      "flow_lb": 0.438365638256073,
      "flow_ub": 0.4685351550579071,
      "headloss_res_a": -1.8270708463724343,
      "headloss_res_b": -1.5965905143788415
    },
    "3": {
      "flow_a": 0.5737837415209117,
      "flow_a_tag": "",
      "flow_b": 0.5717905990552498,
      "flow_b_tag": "",
      "flow_lb": 0.5486409664154053,
      "flow_ub": 0.6044999361038208,
      "headloss_res_a": -2.7542278317076727,
      "headloss_res_b": -2.7348891719329558
    },
    "4": {
      "flow_a": 0.12524232700349808,
      "flow_a_tag": "lb",
      "flow_b": 0.18279338986038834,
      "flow_b_tag": "ub",
      "flow_lb": 0.12524232268333435,
      "flow_ub": 0.18279339373111725,
      "headloss_res_a": -0.1256388264677151,
      "headloss_res_b": -0.27084384681654305
    },
    "5": {
      "flow_a": 0.3110882712856787,
      "flow_a_tag": "",
      "flow_b": 0.29407522366551575,
      "flow_b_tag": "",
      "flow_lb": 0.24518345296382904,
      "flow_ub": 0.3417060375213623,
      "headloss_res_a": -0.796671023173191,
      "headloss_res_b": -0.7108008782543878
    },
    "6": {
      "flow_a": -0.014470030523207493,
      "flow_a_tag": "lb",
      "flow_b": 0.11478744905504734,
      "flow_b_tag": "ub",
      "flow_lb": -0.014470032416284084,
      "flow_ub": 0.11478745192289352,
      "headloss_res_a": 0.001538058225762739,
      "headloss_res_b": -0.10523646293654901
    },
    "7": {
      "flow_a": 0.3366920410166691,
      "flow_a_tag": "lb",
      "flow_b": 0.39735555044227927,
      "flow_b_tag": "ub",
      "flow_lb": 0.33669203519821167,
      "flow_ub": 0.3973555564880371,
      "headloss_res_a": -0.9352406061079892,
      "headloss_res_b": -1.3084450965410825
    },
    "8": {
      "flow_a": 0.27910226100495095,
      "flow_a_tag": "ub",
      "flow_b": 0.18179098189458565,
      "flow_b_tag": "lb",
      "flow_lb": 0.18179097771644592,
      "flow_ub": 0.27910226583480835,
      "headloss_res_a": -0.639321452465846,
      "headloss_res_b": -0.26783656975566916
    }
  },
  "summary": {
    "flow_at_bounds": {
      "a_lb": 4,
      "a_ub": 2,
      "b_lb": 3,
      "b_ub": 3
    },
    "head_at_bounds": {
      "a_lb": 0,
      "a_ub": 0,
      "b_lb": 0,
      "b_ub": 0
    },
    "head_bounds_count": 6,
    "junction_count": 6,
    "min_demand_slack_a": 0.07768011629009211,
    "min_demand_slack_b": 0.04100909595948374,
    "pipe_count": 8,
    "total_demand_a": 1.1200000047683716,
    "total_demand_b": 1.1200000047683716,
    "total_demand_res_a": 0.0,
    "total_demand_res_b": 0.0,
    "total_demand_target": 1.1200000047683716
  }
}