{
  "best_bound": null,
  "demands_a": {
    "1": 0.29357229152815845,
    "2": 0.07768111629009211,
    "3": 0.13184310594069865,
    "4": 0.13745314323173496,
    "5": 0.18283210701521624,
    "6": 0.2966182407624712,
    "7": -1.1200000047683716
  },
  "demands_b": {
    "1": 0.0670035328395383,
    "2": 0.10984375931135881,
    "3": 0.04101009595948374,
    "4": 0.09492198552934566,
    "5": 0.39835795840808197,
    "6": 0.4088626727205631,
    "7": -1.1200000047683716
  },
  "flows_a": {
    "1": 1.1200000047683716,
    "2": 0.46853514695736775,
    "3": 0.5737837415209117,
    "4": 0.12524232700349808,
    "5": 0.3110882712856787,
    "6": -0.014470030523207493,
    "7": 0.3366920410166691,
    "8": 0.27910226100495095
  },
  "flows_b": {
    "1": 1.1200000047683716,
    "2": 0.438365646401763,
    "3": 0.5717905990552498,
    "4": 0.18279338986038834,
    "5": 0.29407522366551575,
    "6": 0.11478744905504734,
    "7": 0.39735555044227927,
    "8": 0.18179098189458565
  },
  "heads_a": {
    "1": 207.78577401116658,
    "2": 208.3993620394407,
    "3": 208.08068128342973,
    "4": 207.93554887836984,
    "5": 207.9078682196802,
    "6": 207.78628255774973,
    "7": 210.0
  },
  "heads_b": {
    "1": 207.82758109172445,
    "2": 208.3993620394407,
    "3": 208.11763887908012,
    "4": 207.93852829271145,
    "5": 207.8827722229872,
    "6": 207.8040270322102,
    "7": 210.0
  },
  "max_violation": 0.0,
  "min_demand_viol": 0.04100909595948374,
  "norm": 2,
  "objective": 0.12147757822178298,
  "p": 1,
  "radius": 0.34853633701779646,
  "solver_status": "HxSolutionStatus.OPTIMAL"
}