{
  "best_bound": null,
  "demands_a": {
    "10": 0.011877757358380273,
    "11": 0.0021760355755966188,
    "12": 0.014227468695612432,
    "13": 0.00729028181267307,
    "14": 0.00705593382755397,
    "15": 0.01098849387687478,
    "16": 0.007328872215550171,
    "17": 0.004183967985918127,
    "18": 0.0014963693354959826,
    "19": 0.0028477450963606474,
    "20": 0.002484563400750312,
    "21": 0.013328053509748713,
    "22": 0.0052151719400735635,
    "23": 0.0024329427809448656,
    "24": 0.004544530050232154,
    "25": 0.0036038922867810204,
    "26": 0.0014717038764267025,
    "27": -0.1469999998807907,
    "3": 0.011249016136324258,
    "4": 0.011269071710267017,
    "5": 0.005021736724229675,
    "6": 0.0028750516624046554,
    "7": 0.0014487512973714901,
    "8": 0.009527403909624923,
    "9": 0.003055184815595288
  },
  "demands_b": {
    "10": 0.0029029509556687677,
    "11": 0.01100383953415051,
    "12": 0.007148501277322982,
    "13": 0.015791811840173586,
    "14": 0.00972171816026172,
    "15": 0.007460303176591422,
    "16": 0.008118202114842932,
    "17": 0.007102353553597462,
    "18": 0.003454475415231974,
    "19": 0.005200519971698448,
    "20": 0.002647311849159383,
    "21": 0.007629446624513982,
    "22": 0.004293078699927614,
    "23": 0.0016503773838701863,
    "24": 0.003591847841774059,
    "25": 0.002554945470682082,
    "26": 0.002644663504973897,
    "27": -0.1469999998807907,
    "3": 0.017387577343177557,
    "4": 1.0424017056753776e-06,
    "5": 0.003447759365207633,
    "6": 0.004138000000612308,
    "7": 0.003742858882422354,
    "8": 0.0027032075579191493,
    "9": 0.012663206955305026
  },
  "flows_a": {
    "1": 0.1469999998807907,
    "10": 0.009358591523440088,
    "12": 0.0667675567841548,
    "13": 0.038722326032675926,
    "14": 0.03654629045707931,
    "15": 0.022318821761466875,
    "16": 0.021880849522424233,
    "17": 0.010892355645549454,
    "18": 0.022468133807058383,
    "19": -0.0010803786024478595,
    "2": 0.13575098374446645,
    "20": 0.012194286727340445,
    "21": 0.002302657695886117,
    "22": 0.017055091311249444,
    "23": 0.013360744622764036,
    "24": 0.004865414511790274,
    "25": 0.004046582600058507,
    "26": 0.009395986310053471,
    "27": 0.0025652973994482907,
    "28": 0.0022901618901829558,
    "29": 0.0008515230247470905,
    "3": 0.03277832091202511,
    "30": 0.0021652723100264973,
    "31": 0.006963043529108605,
    "32": 0.004983810878324742,
    "33": 0.0036700804817266773,
    "34": 0.0030498996300470657,
    "4": 0.027756584187795433,
    "5": 0.018580872111430998,
    "6": 0.017132120814059508,
    "7": 0.09170359112217433,
    "8": 0.0063006604139597775,
    "9": 0.0017538746190055006
  },
  "flows_b": {
    "1": 0.1469999998807907,
    "10": 0.012258269520525207,
    "12": 0.06458941583781963,
    "13": 0.04339194306856791,
    "14": 0.0323881035344174,
    "15": 0.02523960225709442,
    "16": 0.019579774419649122,
    "17": 0.0121194712430577,
    "18": 0.024238183181966553,
    "19": 0.0009580934844275242,
    "2": 0.12961242253761315,
    "20": 0.0109511101294118,
    "21": 0.002536551360263487,
    "22": 0.017423029389830008,
    "23": 0.012298225375406148,
    "24": 0.0028329080145688694,
    "25": 0.0057300651249396475,
    "26": 0.008664995827825726,
    "27": 0.0016146338204380978,
    "28": 0.0015193986808369532,
    "29": 0.0017716216405213882,
    "3": 0.0327789829231337,
    "30": 0.001164262931605674,
    "31": 0.00701461844395554,
    "32": 0.005037404422619579,
    "33": 0.004001857632774449,
    "34": 0.00312881576832194,
    "4": 0.029331223557926066,
    "5": 0.019249562188930154,
    "6": 0.0155067033065078,
    "7": 0.09683239721277377,
    "8": 0.005943661368383606,
    "9": -0.0005452262280634444
  },
  "heads_a": {
    "10": 98.65995798578238,
    "11": 98.57527944043038,
    "12": 98.45257425616856,
    "13": 98.25959867153412,
    "14": 98.08341761896068,
    "15": 99.09898574688673,
    "16": 98.11603715356365,
    "17": 97.9683922699868,
    "18": 99.05650869075819,
    "19": 98.53579237461497,
    "20": 98.2515667303709,
    "21": 98.10008921856112,
    "22": 97.85486691748004,
    "23": 98.90970867870759,
    "24": 98.51987977566577,
    "25": 98.22394761587347,
    "26": 98.08961627730626,
    "27": 100.0,
    "3": 99.86548845892499,
    "4": 99.54822470995244,
    "5": 99.48462533213112,
    "6": 99.04758609712208,
    "7": 98.5863650471119,
    "8": 98.22913744468721,
    "9": 99.1844035668117
  },
  "heads_b": {
    "10": 98.67867958612476,
    "11": 98.574123225837,
    "12": 98.47601371767233,
    "13": 98.23367657274163,
    "14": 97.99695689144471,
    "15": 99.10234979216285,
    "16": 98.11603715356362,
    "17": 97.8593614637103,
    "18": 99.05058713356465,
    "19": 98.53579237461496,
    "20": 98.24010648757513,
    "21": 98.11017991326075,
    "22": 97.82338236742994,
    "23": 98.92423464178397,
    "24": 98.52904132671188,
    "25": 98.22718853605123,
    "26": 98.0695048729927,
    "27": 100.0,
    "3": 99.86548845892499,
    "4": 99.57428133329543,
    "5": 99.51067957657425,
    "6": 99.02661639296012,
    "7": 98.5341845374272,
    "8": 98.23717604221956,
    "9": 99.17188062851135
  },
  "max_violation": 0.0,
  "min_demand_viol": 4.2401705675377644e-08,
  "norm": 2.0,
  "objective": 0.000669145881439456,
  "p": 2,
  "radius": 0.02586785421018636,
  "solver_status": "HxSolutionStatus.OPTIMAL"
}