{
  "junctions": {
    "10": {
      "demand_a": 0.0029851009700602588,
      "demand_b": 0.012813278064846445,
      "demand_lb": 1e-06,
      "head_a": 98.69121261462583,
      "head_a_tag": "",
      "head_b": 98.64464604182173,
      "head_b_tag": "",
      "head_lb": 86.59928162241783,
      "head_ub": 113.40071837758217
    },
    "11": {
      "demand_a": 0.011003789291916775,
      "demand_b": 0.0021761079943270825,
      "demand_lb": 1e-06,
      "head_a": 98.58665604792276,
      "head_a_tag": "",
      "head_b": 98.55996766739842,
      "head_b_tag": "",
      "head_lb": 85.54316009208108,
      "head_ub": 114.45683990791892
    },
    "12": {
      "demand_a": 0.0070415780881822355,
      "demand_b": 0.01422827776718508,
      "demand_lb": 1e-06,
      "head_a": 98.48854599840291,
      "head_a_tag": "",
      "head_b": 98.43726319588121,
      "head_b_tag": "",
      "head_lb": 84.33481739251032,
      "head_ub": 115.66518260748968
    },
    "13": {
      "demand_a": 0.015898914113943355,
      "demand_b": 0.007301172972382603,
      "demand_lb": 1e-06,
      "head_a": 98.24430240209522,
      "head_a_tag": "",
      "head_b": 98.24430240209522,
      "head_b_tag": "",
      "head_lb": 82.05642023912475,
      "head_ub": 117.94357976087525
    },
    "14": {
      "demand_a": 0.009721696411069482,
      "demand_b": 0.007055961597605594,
      "demand_lb": 1e-06,
      "head_a": 98.00758276526858,
      "head_a_tag": "",
      "head_b": 98.0681210480321,
      "head_b_tag": "",
      "head_lb": 78.36141323779582,
      "head_ub": 121.63858676220418
    },
    "15": {
      "demand_a": 0.00746030604465551,
      "demand_b": 0.010988490709083344,
      "demand_lb": 1e-06,
      "head_a": 99.11487199363248,
      "head_a_tag": "",
      "head_b": 99.09898508057154,
      "head_b_tag": "",
      "head_lb": 91.7092797959201,
      "head_ub": 108.2907202040799
    },
    "16": {
      "demand_a": 0.008118265169744725,
      "demand_b": 0.007275207739832772,
      "demand_lb": 1e-06,
      "head_a": 98.12666148742818,
      "head_a_tag": "",
      "head_b": 98.10099793224434,
      "head_b_tag": "",
      "head_lb": 80.45195379991088,
      "head_ub": 119.54804620008912
    },
    "17": {
      "demand_a": 0.007102376415734196,
      "demand_b": 0.0041839529294401545,
      "demand_lb": 1e-06,
      "head_a": 97.86998515273216,
      "head_a_tag": "",
      "head_b": 97.95309826796365,
      "head_b_tag": "",
      "head_lb": 76.27685648606263,
      "head_ub": 123.72314351393737
    },
    "18": {
      "demand_a": 0.003454407706043383,
      "demand_b": 0.0014964389204820162,
      "demand_lb": 1e-06,
      "head_a": 99.06310931740852,
      "head_a_tag": "",
      "head_b": 99.05650803852399,
      "head_b_tag": "",
      "head_lb": 91.21616132819784,
      "head_ub": 108.78383867180216
    },
    "19": {
      "demand_a": 0.0051399622811821935,
      "demand_b": 0.002848276511621981,
      "demand_lb": 1e-06,
      "head_a": 98.54832619352821,
      "head_a_tag": "",
      "head_b": 98.52047970005954,
      "head_b_tag": "",
      "head_lb": 85.09107641733966,
      "head_ub": 114.90892358266034
    },
    "20": {
      "demand_a": 0.0019364283628605546,
      "demand_b": 0.0034180732799025428,
      "demand_lb": 1e-06,
      "head_a": 98.25073423140407,
      "head_a_tag": "",
      "head_b": 98.23627087347788,
      "head_b_tag": "",
      "head_lb": 81.95592940539649,
      "head_ub": 118.04407059460351
    },
    "21": {
      "demand_a": 0.007629500539161618,
      "demand_b": 0.013369814419912605,
      "demand_lb": 1e-06,
      "head_a": 98.12080420073364,
      "head_a_tag": "",
      "head_b": 98.08479489204049,
      "head_b_tag": "",
      "head_lb": 80.29368313429404,
      "head_ub": 119.70631686570596
    },
    "22": {
      "demand_a": 0.004293054327815854,
      "demand_b": 0.0052151325608851985,
      "demand_lb": 1e-06,
      "head_a": 97.83400569843594,
      "head_a_tag": "",
      "head_b": 97.8395746729674,
      "head_b_tag": "",
      "head_lb": 75.36701637652837,
      "head_ub": 124.63298362347163
    },
    "23": {
      "demand_a": 0.0016505821060995626,
      "demand_b": 0.0022864734723817507,
      "demand_lb": 1e-06,
      "head_a": 98.93675493690617,
      "head_a_tag": "",
      "head_b": 98.90971009632747,
      "head_b_tag": "",
      "head_lb": 89.28563267090023,
      "head_ub": 110.71436732909977
    },
    "24": {
      "demand_a": 0.003443768746808876,
      "demand_b": 0.004849302469330268,
      "demand_lb": 1e-06,
      "head_a": 98.54157568501911,
      "head_a_tag": "",
      "head_b": 98.50456612605959,
      "head_b_tag": "",
      "head_lb": 84.91835360074052,
      "head_ub": 115.08164639925948
    },
    "25": {
      "demand_a": 0.003679897892366539,
      "demand_b": 0.002265553112880035,
      "demand_lb": 1e-06,
      "head_a": 98.22310742079253,
      "head_a_tag": "",
      "head_b": 98.22580509573409,
      "head_b_tag": "",
      "head_lb": 81.56952160812698,
      "head_ub": 118.43047839187302
    },
    "26": {
      "demand_a": 0.0024388516100366966,
      "demand_b": 0.0017178045017684257,
      "demand_lb": 1e-06,
      "head_a": 98.08012374018155,
      "head_a_tag": "",
      "head_b": 98.07432099861919,
      "head_b_tag": "",
      "head_lb": 79.74597586422558,
      "head_ub": 120.25402413577442
    },
    "3": {
      "demand_a": 0.017515270170235187,
      "demand_b": 0.011248957585443392,
      "demand_lb": 1e-06,
      "head_a": 99.86548845892499,
      "head_a_tag": "",
      "head_b": 99.86548845892499,
      "head_b_tag": "",
      "head_lb": 98.86528131212901,
      "head_ub": 101.13471868787099
    },
    "4": {
      "demand_a": 1.0375652777783184e-06,
      "demand_b": 0.011269107169058365,
      "demand_lb": 1e-06,
      "head_a": 99.57481243847599,
      "head_a_tag": "",
      "head_b": 99.54822445652597,
      "head_b_tag": "",
      "head_lb": 96.22023709746742,
      "head_ub": 103.77976290253258
    },
    "5": {
      "demand_a": 0.00576106511977011,
      "demand_b": 0.004083457461016165,
      "demand_lb": 1e-06,
      "head_a": 99.50593497913533,
      "head_a_tag": "",
      "head_b": 99.48462521574797,
      "head_b_tag": "",
      "head_lb": 95.64820714338538,
      "head_ub": 104.35179285661462
    },
    "6": {
      "demand_a": 0.0029531312556640744,
      "demand_b": 0.004195955891531343,
      "demand_lb": 1e-06,
      "head_a": 99.04818893299027,
      "head_a_tag": "",
      "head_b": 99.01983305008135,
      "head_b_tag": "",
      "head_lb": 89.48828179556567,
      "head_ub": 110.51171820443433
    },
    "7": {
      "demand_a": 0.0039727163876410905,
      "demand_b": 0.0011761185017706947,
      "demand_lb": 1e-06,
      "head_a": 98.5448109973143,
      "head_a_tag": "",
      "head_b": 98.57106770896686,
      "head_b_tag": "",
      "head_lb": 83.45901484936377,
      "head_ub": 116.54098515063623
    },
    "8": {
      "demand_a": 0.002703220347008239,
      "demand_b": 0.00952739340986201,
      "demand_lb": 1e-06,
      "head_a": 98.24780191598234,
      "head_a_tag": "",
      "head_b": 98.21384087381674,
      "head_b_tag": "",
      "head_lb": 81.64697482475928,
      "head_ub": 118.35302517524072
    },
    "9": {
      "demand_a": 0.011095078957512411,
      "demand_b": 0.0020096908382408463,
      "demand_lb": 1e-06,
      "head_a": 99.18440286349843,
      "head_a_tag": "",
      "head_b": 99.18440286349843,
      "head_b_tag": "",
      "head_lb": 92.48894338194484,
      "head_ub": 107.51105661805516
    }
  },
  "metadata": {
    "DEMAND_LB": 1e-06,
    "DEMAND_RESTRICTION_MODE": null,
    "DEVIATION_ALPHA": null,
    "FIX_TOTAL_DEMAND": true,
    "GLOBAL_SOLVER": null,
    "HEADLOSS_MODEL": "hw",
    "MEASUREMENT_HEADS_EQUAL_ONLY": true,
    "MEASUREMENT_SITES": [
      "13",
      "9"
    ],
    "MULTI_STARTS": 1,
    "MULTI_START_NOISE": 0.05,
    "MULTI_START_NOISE_REL": 0.25,
    "NORM": 2.0,