{
  "best_bound": null,
  "demands_a": {
    "10": 0.0029851009700602588,
    "11": 0.011003789291916775,
    "12": 0.0070415780881822355,
    "13": 0.015898914113943355,
    "14": 0.009721696411069482,
    "15": 0.00746030604465551,
    "16": 0.008118265169744725,
    "17": 0.007102376415734196,
    "18": 0.003454407706043383,
    "19": 0.0051399622811821935,
    "20": 0.0019364283628605563,
    "21": 0.007629500539161618,
    "22": 0.004293054327815854,
    "23": 0.0016505821060995626,
    "24": 0.003443768746808876,
    "25": 0.003679897892366539,
    "26": 0.0024388516100366966,
    "27": -0.1469999998807907,
    "3": 0.017515270170235187,
    "4": 1.0375652777783184e-06,
    "5": 0.00576106511977011,
    "6": 0.0029531312556640744,
    "7": 0.0039727163876410905,
    "8": 0.002703220347008239,
    "9": 0.011095078957512411
  },
  "demands_b": {
    "10": 0.012813278064846445,
    "11": 0.0021761079943270825,
    "12": 0.01422827776718508,
    "13": 0.007301172972382603,
    "14": 0.007055961597605594,
    "15": 0.010988490709083344,
    "16": 0.007275207739832772,
    "17": 0.0041839529294401545,
    "18": 0.0014964389204820162,
    "19": 0.002848276511621981,
    "20": 0.0034180732799025445,
    "21": 0.013369814419912605,
    "22": 0.0052151325608851985,
    "23": 0.0022864734723817507,
    "24": 0.004849302469330268,
    "25": 0.002265553112880035,
    "26": 0.0017178045017684257,
    "27": -0.1469999998807907,
    "3": 0.011248957585443392,
    "4": 0.011269107169058365,
    "5": 0.004083457461016165,
    "6": 0.004195955891531343,
    "7": 0.0011761185017706947,
    "8": 0.00952739340986201,
    "9": 0.0020096908382408463
  },
  "flows_a": {
    "1": 0.1469999998807907,
    "10": 0.012258269518841501,
    "12": 0.0645886525972742,
    "13": 0.043391989323639316,
    "14": 0.03238820003172254,
    "15": 0.025346621943540305,
    "16": 0.019579779516013404,
    "17": 0.012119473471357894,
    "18": 0.024238110785078298,
    "19": 0.0009582475060608891,
    "2": 0.12948472971055552,
    "20": 0.010951185299706876,
    "21": 0.002536573107772019,
    "22": 0.017483584342252664,
    "23": 0.012298402027705147,
    "24": 0.0028329201299621513,
    "25": 0.0057300725071766645,
    "26": 0.008665065765314511,
    "27": 0.001614564161643442,
    "28": 0.0022905064456260715,
    "29": 0.0017717491113290156,
    "3": 0.034220181074477725,
    "30": 0.0011642691992144875,
    "31": 0.007014483659214948,
    "32": 0.005185279074049515,
    "33": 0.003795887627309047,
    "34": 0.0031287851286013663,
    "4": 0.028459115954707615,
    "5": 0.019479436217539867,
    "6": 0.015506719829898777,
    "7": 0.09526351107080001,
    "8": 0.006026548481503674,
    "9": -0.0005452299640490355
  },
  "flows_b": {
    "1": 0.1469999998807907,
    "10": 0.00935859152545483,
    "12": 0.06781311710844022,
    "13": 0.03872228382783564,
    "14": 0.036546175833508554,
    "15": 0.022317898066323474,
    "16": 0.02188084440497143,
    "17": 0.010892353695888087,
    "18": 0.022468205191023303,
    "19": -0.001080348638996247,
    "2": 0.13575104229534732,
    "20": 0.012182492464680878,
    "21": 0.0023026299278492363,
    "22": 0.017054546405552637,
    "23": 0.01336067173751279,
    "24": 0.0049072847248481065,
    "25": 0.004046577216328948,
    "26": 0.009395914775406071,
    "27": 0.0025653822738486856,
    "28": 0.0013561500271335504,
    "29": 0.0008515648261193407,
    "3": 0.03277828277463646,
    "30": 0.0021652542147380296,
    "31": 0.00710944130302432,
    "32": 0.004825521107542739,
    "33": 0.003916118021796254,
    "34": 0.0030498783461471684,
    "4": 0.028694825313620293,
    "5": 0.018308219446823787,
    "6": 0.017132100945053092,
    "7": 0.0917036523516525,
    "8": 0.006190649975265163,
    "9": 0.0017538839902637455
  },
  "heads_a": {
    "10": 98.69121261462583,
    "11": 98.58665604792276,
    "12": 98.48854599840291,
    "13": 98.24430240209522,
    "14": 98.00758276526858,
    "15": 99.11487199363248,
    "16": 98.12666148742818,
    "17": 97.86998515273216,
    "18": 99.06310931740852,
    "19": 98.54832619352821,
    "20": 98.25073423140407,
    "21": 98.12080420073364,
    "22": 97.83400569843594,
    "23": 98.93675493690617,
    "24": 98.54157568501911,
    "25": 98.22310742079253,
    "26": 98.08012374018155,
    "27": 100.0,
    "3": 99.86548845892499,
    "4": 99.57481243847599,
    "5": 99.50593497913533,
    "6": 99.04818893299027,
    "7": 98.5448109973143,
    "8": 98.24780191598234,
    "9": 99.18440286349843
  },
  "heads_b": {
    "10": 98.64464604182173,
    "11": 98.55996766739842,
    "12": 98.43726319588121,
    "13": 98.24430240209522,
    "14": 98.0681210480321,
    "15": 99.09898508057154,
    "16": 98.10099793224434,
    "17": 97.95309826796365,
    "18": 99.05650803852399,
    "19": 98.52047970005954,
    "20": 98.23627087347788,
    "21": 98.08479489204049,
    "22": 97.8395746729674,
    "23": 98.90971009632747,
    "24": 98.50456612605959,
    "25": 98.22580509573409,
    "26": 98.07432099861919,
    "27": 100.0,
    "3": 99.86548845892499,
    "4": 99.54822445652597,
    "5": 99.48462521574797,
    "6": 99.01983305008135,
    "7": 98.57106770896686,
    "8": 98.21384087381674,
    "9": 99.18440286349843
  },
  "max_violation": 0.0,
  "min_demand_viol": 3.756527777831846e-08,
  "norm": 2.0,
  "objective": 0.0006863849510240236,
  "p": 2,
  "radius": 0.026198949425960266,
  "solver_status": "HxSolutionStatus.OPTIMAL"
}