{
  "best_bound": null,
  "demands_a": {
    "1": 0.17438144217044965,
    "2": 0.09661147526749181,
    "3": 0.0765383210952092,
    "4": 0.1223339935644327,
    "5": 0.3314943164587021,
    "6": 0.31864045621208614,
    "7": -1.1200000047683716
  },
  "demands_b": {
    "1": 0.19999995841881982,
    "2": 0.0999999790744468,
    "3": 0.10000002200642022,
    "4": 0.12000000084141371,
    "5": 0.2699999805005122,
    "6": 0.33000006392675885,
    "7": -1.1200000047683716
  },
  "flows_a": {
    "1": 1.1200000047683716,
    "2": 0.4515687790686894,
    "3": 0.5718197504321904,
    "4": 0.16816721856594086,
    "5": 0.2813185383018168,
    "6": 0.03732191791026934,
    "7": 0.3750304579734802,
    "8": 0.211703360080719
  },
  "flows_b": {
    "1": 1.1200000047683716,
    "2": 0.45453550778487833,
    "3": 0.5654645179090465,
    "4": 0.15276743740338128,
    "5": 0.2926970796642515,
    "6": 0.03730298426250731,
    "7": 0.3545354857784581,
    "8": 0.23730294268132712
  },
  "heads_a": {
    "1": 207.81752873186073,
    "2": 208.3993620394407,
    "3": 208.10172291576575,
    "4": 207.93848477699612,
    "5": 207.89070828733546,
    "6": 207.81458903560815,
    "7": 210.0
  },
  "heads_b": {
    "1": 207.8175278568468,
    "2": 208.3993620394407,
    "3": 208.09809132363867,
    "4": 207.9479261811257,
    "5": 207.90793485406792,
    "6": 207.81458989442697,
    "7": 210.0
  },
  "max_violation": 0.0,
  "min_demand_viol": 0.0765373210952092,
  "norm": 2.0,
  "objective": 0.005134283306865955,
  "p": 2,
  "radius": 0.07165391340928948,
  "solver_status": "HxSolutionStatus.OPTIMAL"
}