{
  "junctions": {
    "1": {
      "demand_a": 0.29357228826748305,
      "demand_b": 0.06700353372535149,
      "demand_lb": 1e-06,
      "head_a": 207.80351837442953,
      "head_a_tag": "",
      "head_b": 207.82758098032593,
      "head_b_tag": "",
      "head_lb": 193.28837254949758,
      "head_ub": 226.71162745050242
    },
    "2": {
      "demand_a": 0.10391237462011804,
      "demand_b": 0.1098435917041749,
      "demand_lb": 1e-06,
      "head_a": 208.3993620394407,
      "head_a_tag": "",
      "head_b": 208.3993620394407,
      "head_b_tag": "",
      "head_lb": 197.73885171300606,
      "head_ub": 222.26114828699394
    },
    "3": {
      "demand_a": 0.11757104359425768,
      "demand_b": 0.041010186620486555,
      "demand_lb": 1e-06,
      "head_a": 208.09842564391718,
      "head_a_tag": "",
      "head_b": 208.11763877015946,
      "head_b_tag": "",
      "head_lb": 195.59310003642656,
      "head_ub": 224.40689996357344
    },
    "4": {
      "demand_a": 0.12549394934149394,
      "demand_b": 0.09492206090759503,
      "demand_lb": 1e-06,
      "head_a": 207.95329324095403,
      "head_a_tag": "",
      "head_b": 207.9385281814614,
      "head_b_tag": "",
      "head_lb": 194.16704775335216,
      "head_ub": 225.83295224664784
    },
    "5": {
      "demand_a": 0.18283210660561894,
      "demand_b": 0.3983579591762394,
      "demand_lb": 1e-06,
      "head_a": 207.92561258206118,
      "head_a_tag": "",
      "head_b": 207.88277211198366,
      "head_b_tag": "",
      "head_lb": 194.0497882368296,
      "head_ub": 225.9502117631704
    },
    "6": {
      "demand_a": 0.2966182423394,
      "demand_b": 0.40886267263452414,
      "demand_lb": 1e-06,
      "head_a": 207.80402692087583,
      "head_a_tag": "",
      "head_b": 207.80402692087583,
      "head_b_tag": "",
      "head_lb": 193.1595820206114,
      "head_ub": 226.8404179793886
    }
  },
  "metadata": {
    "DEMAND_INTERVALS": false,
    "DEMAND_LB": 1e-06,
    "FIX_TOTAL_DEMAND": true,
    "GLOBAL_SOLVER": "couenne",
    "HEADLOSS_MODEL": "hw",
    "MEASUREMENT_HEADS_EQUAL_ONLY": true,
    "MEASUREMENT_SITES": [
      "6"
    ],
    "MULTI_STARTS": 10,
    "MULTI_START_NOISE": 0.05,
    "NORM": 2,
    "PIPE_BOUNDS": true,
    "PIPE_BOUND_METHOD": "perturb",
    "PIPE_BOUND_PERTURB_BASE": "base",
    "PIPE_BOUND_PERTURB_FIX_TOTAL": true,
    "PIPE_BOUND_PERTURB_SAMPLES": 25,
    "PIPE_BOUND_PERTURB_SEED": 1,
    "PIPE_BOUND_PERTURB_SIGMA": 0.2,
    "PIPE_BOUND_POLICY": "minmax",
    "PIPE_BOUND_SAFENESS": 0.85,
    "RADIUS": true,
    "SCENARIO_SOURCE": "base",
    "SINGLE_NODE_SOLUTION": false,
    "SOLVER": "hexaly_xd",
    "USE_RESERVOIR_OUTFLOW_CONSTRAINT": false,
    "WDN_NAME": "Alperovits",
    "output_dir": "data/Alperovits-B-batch-20260401-112523/6",
    "timestamp": "20260401-112523"
  },
  "output_dir": "data/Alperovits-B-batch-20260401-112523/6",
  "pipes": {
    "1": {
      "flow_a": 1.1200000047683716,
      "flow_a_tag": "lb",
      "flow_b": 1.1200000047683716,
      "flow_b_tag": "lb",
      "flow_lb": 1.1200000047683716,
      "flow_ub": 1.1200000047683716,
      "headloss_res_a": -10.660510326434622,
      "headloss_res_b": -10.660510326434622
    },
    "2": {
      "flow_a": 0.4542630826195841,
      "flow_a_tag": "",
      "flow_b": 0.4383657389652234,
      "flow_b_tag": "lb",
      "flow_lb": 0.438365638256073,
      "flow_ub": 0.4685351550579071,
      "headloss_res_a": -1.716082576472457,
      "headloss_res_b": -1.5965911986920192
    },
    "3": {
      "flow_a": 0.5618245475286695,
      "flow_a_tag": "",
      "flow_b": 0.5717906740989732,
      "flow_b_tag": "",
      "flow_lb": 0.5486409664154053,
      "flow_ub": 0.6044999361038208,
      "headloss_res_a": -2.639224935911582,
      "headloss_res_b": -2.7348898995178366
    },
    "4": {
      "flow_a": 0.1252423275063417,
      "flow_a_tag": "lb",
      "flow_b": 0.18279338942662784,
      "flow_b_tag": "ub",
      "flow_lb": 0.12524232268333435,
      "flow_ub": 0.18279339373111725,
      "headloss_res_a": -0.12563882749564478,
      "headloss_res_b": -0.27084384551303065
    },
    "5": {
      "flow_a": 0.3110882706808339,
      "flow_a_tag": "",
      "flow_b": 0.29407522376475037,
      "flow_b_tag": "",
      "flow_lb": 0.24518345296382904,
      "flow_ub": 0.3417060375213623,
      "headloss_res_a": -0.7966710200367609,
      "headloss_res_b": -0.7108008787405489
    },
    "6": {
      "flow_a": -0.014470028341433894,
      "flow_a_tag": "lb",
      "flow_b": 0.11478744886977375,
      "flow_b_tag": "ub",
      "flow_lb": -0.014470032416284084,
      "flow_ub": 0.11478745192289352,
      "headloss_res_a": 0.0015380577454441498,
      "headloss_res_b": -0.10523646258494607
    },
    "7": {
      "flow_a": 0.3366920390253264,
      "flow_a_tag": "lb",
      "flow_b": 0.39735555234473685,
      "flow_b_tag": "ub",
      "flow_lb": 0.33669203519821167,
      "flow_ub": 0.3973555564880371,
      "headloss_res_a": -0.9352405948944809,
      "headloss_res_b": -1.3084451092363234
    },
    "8": {
      "flow_a": 0.27910225992604915,
      "flow_a_tag": "ub",
      "flow_b": 0.18179098259512524,
      "flow_b_tag": "lb",
      "flow_lb": 0.18179097771644592,
      "flow_ub": 0.27910226583480835,
      "headloss_res_a": -0.6393214474611494,
      "headloss_res_b": -0.26783657185029575
    }
  },
  "summary": {
    "flow_at_bounds": {
      "a_lb": 4,
      "a_ub": 1,
      "b_lb": 3,
      "b_ub": 3
    },
    "head_at_bounds": {
      "a_lb": 0,
      "a_ub": 0,
      "b_lb": 0,
      "b_ub": 0
    },
    "head_bounds_count": 6,
    "junction_count": 6,
    "min_demand_slack_a": 0.10391137462011804,
    "min_demand_slack_b": 0.041009186620486554,
    "pipe_count": 8,
    "total_demand_a": 1.1200000047683716,
    "total_demand_b": 1.1200000047683714,
    "total_demand_res_a": 0.0,
    "total_demand_res_b": -2.220446049250313e-16,
    "total_demand_target": 1.1200000047683716
  }
}