{
  "best_bound": null,
  "demands_a": {
    "1": 0.29357228826748305,
    "2": 0.10391237462011804,
    "3": 0.11757104359425768,
    "4": 0.12549394934149394,
    "5": 0.18283210660561894,
    "6": 0.2966182423394,
    "7": -1.1200000047683716
  },
  "demands_b": {
    "1": 0.06700353372535149,
    "2": 0.1098435917041749,
    "3": 0.041010186620486555,
    "4": 0.09492206090759503,
    "5": 0.3983579591762394,
    "6": 0.40886267263452414,
    "7": -1.1200000047683714
  },
  "flows_a": {
    "1": 1.1200000047683716,
    "2": 0.4542630826195841,
    "3": 0.5618245475286695,
    "4": 0.1252423275063417,
    "5": 0.3110882706808339,
    "6": -0.014470028341433894,
    "7": 0.3366920390253264,
    "8": 0.27910225992604915
  },
  "flows_b": {
    "1": 1.1200000047683716,
    "2": 0.4383657389652234,
    "3": 0.5717906740989732,
    "4": 0.18279338942662784,
    "5": 0.29407522376475037,
    "6": 0.11478744886977375,
    "7": 0.39735555234473685,
    "8": 0.18179098259512524
  },
  "heads_a": {
    "1": 207.80351837442953,
    "2": 208.3993620394407,
    "3": 208.09842564391718,
    "4": 207.95329324095403,
    "5": 207.92561258206118,
    "6": 207.80402692087583,
    "7": 210.0
  },
  "heads_b": {
    "1": 207.82758098032593,
    "2": 208.3993620394407,
    "3": 208.11763877015946,
    "4": 207.9385281814614,
    "5": 207.88277211198366,
    "6": 207.80402692087583,
    "7": 210.0
  },
  "max_violation": 0.0,
  "min_demand_viol": 0.041009186620486554,
  "norm": 2,
  "objective": 0.11721499031241367,
  "p": 1,
  "radius": 0.34236674825749897,
  "solver_status": "HxSolutionStatus.OPTIMAL"
}