{
  "best_bound": null,
  "demands_a": {
    "1": 0.13321638324475837,
    "2": 0.10632314843509438,
    "3": 0.07119142860783995,
    "4": 0.10745801593188153,
    "5": 0.33149428685836624,
    "6": 0.3703167416904311,
    "7": -1.1200000047683716
  },
  "demands_b": {
    "1": 0.24684264064546138,
    "2": 0.08916607980082225,
    "3": 0.1158050018449126,
    "4": 0.12934428319927116,
    "5": 0.22550076302238425,
    "6": 0.3133412362555199,
    "7": -1.1200000047683716
  },
  "flows_a": {
    "1": 1.1200000047683716,
    "2": 0.44622187429280663,
    "3": 0.5674549820404705,
    "4": 0.1681672106803071,
    "5": 0.2918297554282819,
    "6": 0.07848698626214921,
    "7": 0.3750304456849667,
    "8": 0.21170336950690757
  },
  "flows_b": {
    "1": 1.1200000047683716,
    "2": 0.4613533158476953,
    "3": 0.569480609119854,
    "4": 0.1391186499727193,
    "5": 0.3010176759478635,
    "6": 0.012323560307656384,
    "7": 0.3455483140027827,
    "8": 0.25916620095311776
  },
  "heads_a": {
    "1": 207.82402284949922,
    "2": 208.3993620394407,
    "3": 208.10821691859155,
    "4": 207.94497879481594,
    "5": 207.8972023029679,
    "6": 207.81237336829514,
    "7": 210.0
  },
  "heads_b": {
    "1": 207.80190708467242,
    "2": 208.3993620394407,
    "3": 208.08966885770639,
    "4": 207.94197028677436,
    "5": 207.90834306349126,
    "6": 207.80152935183773,
    "7": 210.0
  },
  "max_violation": 0.0,
  "min_demand_viol": 0.07119042860783995,
  "norm": 2,
  "objective": 0.030155506301623673,
  "p": 0,
  "radius": 0.1736534085517001,
  "solver_status": "HxSolutionStatus.OPTIMAL"
}