{
  "junctions": {
    "1": {
      "demand_a": 0.15881596583913837,
      "demand_b": 0.20000002160669506,
      "demand_lb": 1e-06,
      "head_a": 207.8175276620309,
      "head_a_tag": "",
      "head_b": 207.81752766203095,
      "head_b_tag": "",
      "head_lb": 193.62708714484413,
      "head_ub": 226.37291285515587
    },
    "2": {
      "demand_a": 0.11360011210979692,
      "demand_b": 0.09999996423722046,
      "demand_lb": 1e-06,
      "head_a": 208.3993620394407,
      "head_a_tag": "",
      "head_b": 208.3993620394407,
      "head_b_tag": "",
      "head_lb": 197.73885171300606,
      "head_ub": 222.26114828699394
    },
    "3": {
      "demand_a": 0.08161442950501174,
      "demand_b": 0.10000002384185225,
      "demand_lb": 1e-06,
      "head_a": 208.1082169311554,
      "head_a_tag": "",
      "head_b": 208.0980912958706,
      "head_b_tag": "",
      "head_lb": 195.6583771104362,
      "head_ub": 224.3416228895638
    },
    "4": {
      "demand_a": 0.08028527448286099,
      "demand_b": 0.11999998986720578,
      "demand_lb": 1e-06,
      "head_a": 207.95571129528253,
      "head_a_tag": "",
      "head_b": 207.9479261851134,
      "head_b_tag": "",
      "head_lb": 194.40450298777,
      "head_ub": 225.59549701223
    },
    "5": {
      "demand_a": 0.29547169137457013,
      "demand_b": 0.2699999958276583,
      "demand_lb": 1e-06,
      "head_a": 207.90793480487537,
      "head_a_tag": "",
      "head_b": 207.90793480487528,
      "head_b_tag": "",
      "head_lb": 194.28361303052068,
      "head_ub": 225.71638696947932
    },
    "6": {
      "demand_a": 0.39021253145699336,
      "demand_b": 0.33000000938773977,
      "demand_lb": 1e-06,
      "head_a": 207.80587818119056,
      "head_a_tag": "",
      "head_b": 207.8145899497896,
      "head_b_tag": "",
      "head_lb": 193.56687411412554,
      "head_ub": 226.43312588587446
    }
  },
  "metadata": {
    "DEMAND_LB": 1e-06,
    "DEMAND_RESTRICTION_MODE": null,
    "DEVIATION_ALPHA": null,
    "FIX_TOTAL_DEMAND": true,
    "GLOBAL_SOLVER": null,
    "HEADLOSS_MODEL": "hw",
    "MEASUREMENT_HEADS_EQUAL_ONLY": true,
    "MEASUREMENT_SITES": [
      "1",
      "5"
    ],
    "MULTI_STARTS": 1,
    "MULTI_START_NOISE": 0.05,
    "MULTI_START_NOISE_REL": 0.25,
    "NORM": 2.0,
    "OUTPUT_DIR": "data/Alperovits/4e13e1d6",
    "PIPE_BOUNDS": true,
    "RADIUS_TO_FIXED": null,
    "SCENARIO": "base",
    "SCENARIO_FILE": "scenario/Alperovits/base.json",
    "SOLVER": "Hexaly_xd",
    "USE_RESERVOIR_OUTFLOW_CONSTRAINT": false,
    "WDN": "Alperovits",
    "WDN_NAME": "Alperovits",
    "output_dir": "data/Alperovits/4e13e1d6/1_5",
    "timestamp": "20260421-175340"
  },
  "output_dir": "data/Alperovits/4e13e1d6/1_5",
  "pipes": {
    "1": {
      "flow_a": 1.1200000047683716,
      "flow_a_tag": "lb",
      "flow_b": 1.1200000047683716,
      "flow_b_tag": "lb",
      "flow_lb": 1.1200000047683716,
      "flow_ub": 1.1200000047683716,
      "headloss_res_a": -10.660510326434622,
      "headloss_res_b": -10.660510326434622
    },
    "2": {
      "flow_a": 0.4462218639485768,
      "flow_a_tag": "lb",
      "flow_b": 0.45453552708628875,
      "flow_b_tag": "",
      "flow_lb": 0.44622185826301575,
      "flow_ub": 0.4613533318042755,
      "headloss_res_a": -1.655096655942333,
      "headloss_res_b": -1.7181683698298689
    },
    "3": {
      "flow_a": 0.5601780287099978,
      "flow_a_tag": "",
      "flow_b": 0.5654645134448624,
      "flow_b_tag": "",
      "flow_lb": 0.5568748712539673,
      "flow_ub": 0.5840606689453125,
      "headloss_res_a": -2.62358557235122,
      "headloss_res_b": -2.673965575242879
    },
    "4": {
      "flow_a": 0.16816720795047818,
      "flow_a_tag": "ub",
      "flow_b": 0.15276744360218714,
      "flow_b_tag": "",
      "flow_lb": 0.13911864161491394,
      "flow_ub": 0.16816721856594086,
      "headloss_res_a": -0.22864876737239198,
      "headloss_res_b": -0.18812512959327637
    },
    "5": {
      "flow_a": 0.3117255462766586,
      "flow_a_tag": "",
      "flow_b": 0.29269707997546945,
      "flow_b_tag": "",
      "flow_lb": 0.27015259861946106,
      "flow_ub": 0.3175203204154968,
      "headloss_res_a": -0.7999837694906505,
      "headloss_res_b": -0.7040616800893018
    },
    "6": {
      "flow_a": 0.07848698518033476,
      "flow_a_tag": "ub",
      "flow_b": 0.037302929412270286,
      "flow_b_tag": "",
      "flow_lb": 0.012323553673923016,
      "flow_ub": 0.07848699390888214,
      "headloss_res_a": -0.0485635364856646,
      "headloss_res_b": -0.010663605073559188
    },
    "7": {
      "flow_a": 0.3646074344435651,
      "flow_a_tag": "",
      "flow_b": 0.3545355032444365,
      "flow_b_tag": "",
      "flow_lb": 0.3455483019351959,
      "flow_ub": 0.3750304579734802,
      "headloss_res_a": -1.0991276663764333,
      "headloss_res_b": -1.0384549631036475
    },
    "8": {
      "flow_a": 0.23730295101947313,
      "flow_a_tag": "",
      "flow_b": 0.23730295101896534,
      "flow_b_tag": "",
      "flow_lb": 0.211703360080719,
      "flow_ub": 0.2591662108898163,
      "headloss_res_a": -0.46002194161648247,
      "headloss_res_b": -0.4600219416142689
    }
  },
  "summary": {
    "flow_at_bounds": {
      "a_lb": 2,
      "a_ub": 2,
      "b_lb": 1,
      "b_ub": 0
    },
    "head_at_bounds": {
      "a_lb": 0,
      "a_ub": 0,
      "b_lb": 0,
      "b_ub": 0
    },
    "head_bounds_count": 6,
    "junction_count": 6,
    "min_demand_slack_a": 0.08028427448286099,
    "min_demand_slack_b": 0.09999896423722046,
    "pipe_count": 8,
    "total_demand_a": 1.1200000047683716,
    "total_demand_b": 1.1200000047683716,
    "total_demand_res_a": 0.0,
    "total_demand_res_b": 0.0,
    "total_demand_target": 1.1200000047683716
  }
}