{
  "junctions": {
    "10": {
      "demand_a": 0.013020005081806889,
      "demand_b": 0.0029847425444667203,
      "demand_lb": 1e-06,
      "head_a": 98.64159597034607,
      "head_a_tag": "",
      "head_b": 98.66948443640808,
      "head_b_tag": "",
      "head_lb": 86.59928162241783,
      "head_ub": 113.40071837758217
    },
    "11": {
      "demand_a": 0.002176044630894318,
      "demand_b": 0.011003837552082743,
      "demand_lb": 1e-06,
      "head_a": 98.55691755521964,
      "head_a_tag": "",
      "head_b": 98.56492791762575,
      "head_b_tag": "",
      "head_lb": 85.54316009208108,
      "head_ub": 114.45683990791892
    },
    "12": {
      "demand_a": 0.014228324649447049,
      "demand_b": 0.007041545696375984,
      "demand_lb": 1e-06,
      "head_a": 98.43421262720686,
      "head_a_tag": "",
      "head_b": 98.46681819909145,
      "head_b_tag": "",
      "head_lb": 84.33481739251032,
      "head_ub": 115.66518260748968
    },
    "13": {
      "demand_a": 0.007623591580135959,
      "demand_b": 0.01589663460172138,
      "demand_lb": 1e-06,
      "head_a": 98.24125140858922,
      "head_a_tag": "",
      "head_b": 98.22257507761178,
      "head_b_tag": "",
      "head_lb": 82.05642023912475,
      "head_ub": 117.94357976087525
    },
    "14": {
      "demand_a": 0.007132068098924164,
      "demand_b": 0.009721250924226994,
      "demand_lb": 1e-06,
      "head_a": 98.06506999534405,
      "head_a_tag": "",
      "head_b": 97.9858555068356,
      "head_b_tag": "",
      "head_lb": 78.36141323779582,
      "head_ub": 121.63858676220418
    },
    "15": {
      "demand_a": 0.010988498530185069,
      "demand_b": 0.0074602991096385865,
      "demand_lb": 1e-06,
      "head_a": 99.09898587899458,
      "head_a_tag": "",
      "head_b": 99.0931391801543,
      "head_b_tag": "",
      "head_lb": 91.7092797959201,
      "head_ub": 108.2907202040799
    },
    "16": {
      "demand_a": 0.006952756765367824,
      "demand_b": 0.00812051413061422,
      "demand_lb": 1e-06,
      "head_a": 98.10488932766988,
      "head_a_tag": "",
      "head_b": 98.1048893276699,
      "head_b_tag": "",
      "head_lb": 80.45195379991088,
      "head_ub": 119.54804620008912
    },
    "17": {
      "demand_a": 0.004107844109588558,
      "demand_b": 0.007102816716074954,
      "demand_lb": 1e-06,
      "head_a": 97.95698853076782,
      "head_a_tag": "",
      "head_b": 97.84821336797012,
      "head_b_tag": "",
      "head_lb": 76.27685648606263,
      "head_ub": 123.72314351393737
    },
    "18": {
      "demand_a": 0.0014962898023118208,
      "demand_b": 0.003454547923657037,
      "demand_lb": 1e-06,
      "head_a": 99.0565087781491,
      "head_a_tag": "",
      "head_b": 99.04137657440758,
      "head_b_tag": "",
      "head_lb": 91.21616132819784,
      "head_ub": 108.78383867180216
    },
    "19": {
      "demand_a": 0.003799242453989247,
      "demand_b": 0.004188992550782367,
      "demand_lb": 1e-06,
      "head_a": 98.51743009299211,
      "head_a_tag": "",
      "head_b": 98.52659750431262,
      "head_b_tag": "",
      "head_lb": 85.09107641733966,
      "head_ub": 114.90892358266034
    },
    "20": {
      "demand_a": 0.003752058118684327,
      "demand_b": 0.0019341467102686888,
      "demand_lb": 1e-06,
      "head_a": 98.23322101408799,
      "head_a_tag": "",
      "head_b": 98.22900693313402,
      "head_b_tag": "",
      "head_lb": 81.95592940539649,
      "head_ub": 118.04407059460351
    },
    "21": {
      "demand_a": 0.013035841287563976,
      "demand_b": 0.007631803319535889,
      "demand_lb": 1e-06,
      "head_a": 98.08868542279167,
      "head_a_tag": "",
      "head_b": 98.0990320230783,
      "head_b_tag": "",
      "head_lb": 80.29368313429404,
      "head_ub": 119.70631686570596
    },
    "22": {
      "demand_a": 0.005215148854968363,
      "demand_b": 0.004293048798445918,
      "demand_lb": 1e-06,
      "head_a": 97.84346406544181,
      "head_a_tag": "",
      "head_b": 97.81223402357593,
      "head_b_tag": "",
      "head_lb": 75.36701637652837,
      "head_ub": 124.63298362347163
    },
    "23": {
      "demand_a": 0.0023448102897356098,
      "demand_b": 0.0015630483527225647,
      "demand_lb": 1e-06,
      "head_a": 98.90970628563859,
      "head_a_tag": "",
      "head_b": 98.91502622120936,
      "head_b_tag": "",
      "head_lb": 89.28563267090023,
      "head_ub": 110.71436732909977
    },
    "24": {
      "demand_a": 0.003755071006569662,
      "demand_b": 0.004563361080423389,
      "demand_lb": 1e-06,
      "head_a": 98.51068114374411,
      "head_a_tag": "",
      "head_b": 98.5106811437441,
      "head_b_tag": "",
      "head_lb": 84.91835360074052,
      "head_ub": 115.08164639925948
    },
    "25": {
      "demand_a": 0.002448564576886492,
      "demand_b": 0.0035980301899395145,
      "demand_lb": 1e-06,
      "head_a": 98.22275456475039,
      "head_a_tag": "",
      "head_b": 98.20138142568392,
      "head_b_tag": "",
      "head_lb": 81.56952160812698,
      "head_ub": 118.43047839187302
    },
    "26": {
      "demand_a": 0.0016198691630576237,
      "demand_b": 0.002439518020416929,
      "demand_lb": 1e-06,
      "head_a": 98.0782114369083,
      "head_a_tag": "",
      "head_b": 98.05835154134554,
      "head_b_tag": "",
      "head_lb": 79.74597586422558,
      "head_ub": 120.25402413577442
    },
    "3": {
      "demand_a": 0.01124905925064043,
      "demand_b": 0.015189888547775698,
      "demand_lb": 1e-06,
      "head_a": 99.86548845892499,
      "head_a_tag": "",
      "head_b": 99.86548845892499,
      "head_b_tag": "",
      "head_lb": 98.86528131212901,
      "head_ub": 101.13471868787099
    },
    "4": {
      "demand_a": 0.011269074803934326,
      "demand_b": 1.0565068689072366e-06,
      "demand_lb": 1e-06,
      "head_a": 99.54822489656459,
      "head_a_tag": "",
      "head_b": 99.56507078104542,
      "head_b_tag": "",
      "head_lb": 96.22023709746742,
      "head_ub": 103.77976290253258
    },
    "5": {
      "demand_a": 0.003981864743760128,
      "demand_b": 0.006212127541496235,
      "demand_lb": 1e-06,
      "head_a": 99.484625673098,
      "head_a_tag": "",
      "head_b": 99.49334697526346,
      "head_b_tag": "",
      "head_lb": 95.64820714338538,
      "head_ub": 104.35179285661462
    },
    "6": {
      "demand_a": 0.004297565720528456,
      "demand_b": 0.0032585080446599565,
      "demand_lb": 1e-06,
      "head_a": 99.0167814539396,
      "head_a_tag": "",
      "head_b": 99.0264621363548,
      "head_b_tag": "",
      "head_lb": 89.48828179556567,
      "head_ub": 110.51171820443433
    },
    "7": {
      "demand_a": 0.0011761160577637812,
      "demand_b": 0.003972719331638614,
      "demand_lb": 1e-06,
      "head_a": 98.56801649167325,
      "head_a_tag": "",
      "head_b": 98.52308382812976,
      "head_b_tag": "",
      "head_lb": 83.45901484936377,
      "head_ub": 116.54098515063623
    },
    "8": {
      "demand_a": 0.009527385185947066,
      "demand_b": 0.002703228839078078,
      "demand_lb": 1e-06,
      "head_a": 98.21078988441874,
      "head_a_tag": "",
      "head_b": 98.22607457509605,
      "head_b_tag": "",
      "head_lb": 81.64697482475928,
      "head_ub": 118.35302517524072
    },
    "9": {
      "demand_a": 0.0018029051180995792,
      "demand_b": 0.01266433284787935,
      "demand_lb": 1e-06,
      "head_a": 99.18440377732584,
      "head_a_tag": "",
      "head_b": 99.16266994581233,
      "head_b_tag": "",
      "head_lb": 92.48894338194484,
      "head_ub": 107.51105661805516
    }
  },
  "metadata": {
    "DEMAND_LB": 1e-06,
    "DEMAND_RESTRICTION_MODE": null,
    "DEVIATION_ALPHA": null,
    "FIX_TOTAL_DEMAND": true,
    "GLOBAL_SOLVER": null,
    "HEADLOSS_MODEL": "hw",
    "MEASUREMENT_HEADS_EQUAL_ONLY": true,
    "MEASUREMENT_SITES": [
      "16",
      "24"
    ],
    "MULTI_STARTS": 1,
    "MULTI_START_NOISE": 0.05,
    "MULTI_START_NOISE_REL": 0.25,
    "NORM": 2.0,