{
  "best_bound": null,
  "demands_a": {
    "10": 0.002971853737528826,
    "11": 0.011003865095348155,
    "12": 0.007041561457790151,
    "13": 0.015898847970203883,
    "14": 0.009721697485041952,
    "15": 0.00746029568461974,
    "16": 0.008118265170885614,
    "17": 0.0071023686326222996,
    "18": 0.0034544254765801474,
    "19": 0.005139999965014682,
    "20": 0.0019363831229200542,
    "21": 0.007629500827097968,
    "22": 0.0042930631087183275,
    "23": 0.0016505347975349196,
    "24": 0.0034438169805919537,
    "25": 0.0036798831063666933,
    "26": 0.0024388497120382212,
    "27": -0.14699999988079068,
    "3": 0.015189939239723255,
    "4": 1.0548406488286588e-06,
    "5": 0.006162881819160547,
    "6": 0.0033519126394521218,
    "7": 0.003942000773504,
    "8": 0.002703183160555709,
    "9": 0.012663815076842666
  },
  "demands_b": {
    "10": 0.012478352058207513,
    "11": 0.002176015894399877,
    "12": 0.014228313684979111,
    "13": 0.007301249195788652,
    "14": 0.0070559546825998964,
    "15": 0.010988501132863976,
    "16": 0.007275207755404832,
    "17": 0.004183959340434531,
    "18": 0.001496420987561451,
    "19": 0.0028482380384733837,
    "20": 0.0034181194008934823,
    "21": 0.013369814436133708,
    "22": 0.00521513327733762,
    "23": 0.0023335547012299012,
    "24": 0.004802219598471745,
    "25": 0.002265568308125146,
    "26": 0.0017178041238543932,
    "27": -0.14699999988079068,
    "3": 0.011249053938806902,
    "4": 0.011269075642143689,
    "5": 0.004255539223350788,
    "6": 0.004017825114816038,
    "7": 0.0011803706497321015,
    "8": 0.009527420882872254,
    "9": 0.002346287812309708
  },
  "flows_a": {
    "1": 0.1469999998807907,
    "10": 0.01225826952528636,
    "12": 0.06458882721424546,
    "13": 0.043391989301761906,
    "14": 0.03238812420641375,
    "15": 0.0253465627486236,
    "16": 0.01957976880985855,
    "17": 0.01211947312523881,
    "18": 0.024238108044429205,
    "19": 0.0009582476100761049,
    "2": 0.13181006064106746,
    "20": 0.010951185300534565,
    "21": 0.0025365720402444076,
    "22": 0.017483538241308782,
    "23": 0.012298402094568919,
    "24": 0.0028329201296489514,
    "25": 0.005730072220923792,
    "26": 0.008665047648658662,
    "27": 0.001614569838105742,
    "28": 0.0022905054137437033,
    "29": 0.0017717491761961085,
    "3": 0.03497659469947196,
    "30": 0.0011642756285459004,
    "31": 0.007014512851123742,
    "32": 0.00518526570863753,
    "33": 0.0037958880160145403,
    "34": 0.0031287874801724275,
    "4": 0.028813712880311412,
    "5": 0.01944867637138481,
    "6": 0.01550667559788081,
    "7": 0.09683241110094667,
    "8": 0.00601312386947448,
    "9": -0.0005452229120387417
  },
  "flows_b": {
    "1": 0.1469999998807907,
    "10": 0.009358591523791681,
    "12": 0.06747644618037764,
    "13": 0.038722283943457614,
    "14": 0.03654626804905774,
    "15": 0.022317954364078626,
    "16": 0.02188085511906465,
    "17": 0.010892353986200675,
    "18": 0.022468207983867,
    "19": -0.0010803486733872172,
    "2": 0.1357509459419838,
    "20": 0.012182492483273518,
    "21": 0.0023026368411917853,
    "22": 0.017054593297544454,
    "23": 0.013360671735132366,
    "24": 0.004907284727868686,
    "25": 0.004046577157903684,
    "26": 0.009395932998639224,
    "27": 0.0025653766478491605,
    "28": 0.001356150834905824,
    "29": 0.0008515648689636603,
    "3": 0.032778281188088114,
    "30": 0.0021652546586609376,
    "31": 0.007062378297409323,
    "32": 0.004825535346786738,
    "33": 0.003916117873567416,
    "34": 0.003049878618676683,
    "4": 0.028522741964737326,
    "5": 0.018312519044766797,
    "6": 0.017132148395034696,
    "7": 0.091703589111752,
    "8": 0.006192397805154492,
    "9": 0.0017538640116292403
  },
  "heads_a": {
    "10": 98.66947746510365,
    "11": 98.56492089849822,
    "12": 98.46681127436263,
    "13": 98.22256873445413,
    "14": 97.98584901356745,
    "15": 99.09313938389201,
    "16": 98.10492781977062,
    "17": 97.8482515082863,
    "18": 99.04137671040583,
    "19": 98.52659107392776,
    "20": 98.22900056505597,
    "21": 98.09907053307728,
    "22": 97.8122716853292,
    "23": 98.91502281916051,
    "24": 98.51984052146445,
    "25": 98.20137377749441,
    "26": 98.05839006976683,
    "27": 100.0,
    "3": 99.86548845892499,
    "4": 99.56507099501727,
    "5": 99.49334736379569,
    "6": 99.0249824836653,
    "7": 98.52307567683242,
    "8": 98.2260681645151,
    "9": 99.16267018334636
  },
  "heads_b": {
    "10": 98.6495992733898,
    "11": 98.56492089849822,
    "12": 98.4422158535726,
    "13": 98.24925415832276,
    "14": 98.07307344692947,
    "15": 99.09898588481678,
    "16": 98.10594968806684,
    "17": 97.95805002728913,
    "18": 99.05650884067252,
    "19": 98.5254329030436,
    "20": 98.24122262923191,
    "21": 98.08974664784452,
    "22": 97.84452638873226,
    "23": 98.90971037118827,
    "24": 98.50951939367688,
    "25": 98.23075683994313,
    "26": 98.07927275344727,
    "27": 100.0,
    "3": 99.86548845892499,
    "4": 99.54822487357332,
    "5": 99.48462563849644,
    "6": 99.0249824836653,
    "7": 98.57602194017709,
    "8": 98.21879327266615,
    "9": 99.18440374520426
  },
  "max_violation": 0.0,
  "min_demand_viol": 5.4840648828658845e-08,
  "norm": 2.0,
  "objective": 0.0006797981536792603,
  "p": 2,
  "radius": 0.026072939107037018,
  "solver_status": "HxSolutionStatus.OPTIMAL"
}