{
  "junctions": {
    "10": {
      "demand_a": 0.01338739867215906,
      "demand_b": 0.0029000768097530993,
      "demand_lb": 1e-06,
      "head_a": 98.63905644243266,
      "head_a_tag": "",
      "head_b": 98.67872544413073,
      "head_b_tag": "",
      "head_lb": 86.59928162241783,
      "head_ub": 113.40071837758217
    },
    "11": {
      "demand_a": 0.002176032162930934,
      "demand_b": 0.011003847847196421,
      "demand_lb": 1e-06,
      "head_a": 98.5543780110468,
      "head_a_tag": "",
      "head_b": 98.57416894681265,
      "head_b_tag": "",
      "head_lb": 85.54316009208108,
      "head_ub": 114.45683990791892
    },
    "12": {
      "demand_a": 0.014228281924241578,
      "demand_b": 0.0070415937956111035,
      "demand_lb": 1e-06,
      "head_a": 98.43167298054256,
      "head_a_tag": "",
      "head_b": 98.47605931301806,
      "head_b_tag": "",
      "head_lb": 84.33481739251032,
      "head_ub": 115.66518260748968
    },
    "13": {
      "demand_a": 0.00991115055649033,
      "demand_b": 0.013943025687111109,
      "demand_lb": 1e-06,
      "head_a": 98.23871081386208,
      "head_a_tag": "",
      "head_b": 98.2318173194869,
      "head_b_tag": "",
      "head_lb": 82.05642023912475,
      "head_ub": 117.94357976087525
    },
    "14": {
      "demand_a": 0.007207578607839725,
      "demand_b": 0.009670966697844275,
      "demand_lb": 1e-06,
      "head_a": 98.06253092544672,
      "head_a_tag": "",
      "head_b": 97.99509736329479,
      "head_b_tag": "",
      "head_lb": 78.36141323779582,
      "head_ub": 121.63858676220418
    },
    "15": {
      "demand_a": 0.010988499647358521,
      "demand_b": 0.007460298015640321,
      "demand_lb": 1e-06,
      "head_a": 99.09898531675664,
      "head_a_tag": "",
      "head_b": 99.10235869785609,
      "head_b_tag": "",
      "head_lb": 91.7092797959201,
      "head_ub": 108.2907202040799
    },
    "16": {
      "demand_a": 0.006635133878180574,
      "demand_b": 0.00837392745330358,
      "demand_lb": 1e-06,
      "head_a": 98.10903812566407,
      "head_a_tag": "",
      "head_b": 98.10903812566407,
      "head_b_tag": "",
      "head_lb": 80.45195379991088,
      "head_ub": 119.54804620008912
    },
    "17": {
      "demand_a": 0.0040323021198802695,
      "demand_b": 0.007153130596804856,
      "demand_lb": 1e-06,
      "head_a": 97.96113937438002,
      "head_a_tag": "",
      "head_b": 97.85236055538232,
      "head_b_tag": "",
      "head_lb": 76.27685648606263,
      "head_ub": 123.72314351393737
    },
    "18": {
      "demand_a": 0.0014962922356944533,
      "demand_b": 0.0034545454325502992,
      "demand_lb": 1e-06,
      "head_a": 99.05650821508037,
      "head_a_tag": "",
      "head_b": 99.05059609321754,
      "head_b_tag": "",
      "head_lb": 91.21616132819784,
      "head_ub": 108.78383867180216
    },
    "19": {
      "demand_a": 0.004245220991312321,
      "demand_b": 0.0038613120466797976,
      "demand_lb": 1e-06,
      "head_a": 98.51488949192228,
      "head_a_tag": "",
      "head_b": 98.53583967679418,
      "head_b_tag": "",
      "head_lb": 85.09107641733966,
      "head_ub": 114.90892358266034
    },
    "20": {
      "demand_a": 9.695420982341538e-05,
      "demand_b": 0.005172107523387452,
      "demand_lb": 1e-06,
      "head_a": 98.24431247799166,
      "head_a_tag": "",
      "head_b": 98.22781523556375,
      "head_b_tag": "",
      "head_lb": 81.95592940539649,
      "head_ub": 118.04407059460351
    },
    "21": {
      "demand_a": 0.013369914479560313,
      "demand_b": 0.007356266269636827,
      "demand_lb": 1e-06,
      "head_a": 98.09283521665827,
      "head_a_tag": "",
      "head_b": 98.10318056622002,
      "head_b_tag": "",
      "head_lb": 80.29368313429404,
      "head_ub": 119.70631686570596
    },
    "22": {
      "demand_a": 0.005215180018245507,
      "demand_b": 0.0042930166434241995,
      "demand_lb": 1e-06,
      "head_a": 97.84761316045419,
      "head_a_tag": "",
      "head_b": 97.81638215622394,
      "head_b_tag": "",
      "head_lb": 75.36701637652837,
      "head_ub": 124.63298362347163
    },
    "23": {
      "demand_a": 0.002320546648544403,
      "demand_b": 0.0015633524222165478,
      "demand_lb": 1e-06,
      "head_a": 98.90970578965056,
      "head_a_tag": "",
      "head_b": 98.92424567652645,
      "head_b_tag": "",
      "head_lb": 89.28563267090023,
      "head_ub": 110.71436732909977
    },
    "24": {
      "demand_a": 0.0037538503752767155,
      "demand_b": 0.004622387501938778,
      "demand_lb": 1e-06,
      "head_a": 98.50813425468824,
      "head_a_tag": "",
      "head_b": 98.5199324095555,
      "head_b_tag": "",
      "head_lb": 84.91835360074052,
      "head_ub": 115.08164639925948
    },
    "25": {
      "demand_a": 0.003517942133434522,
      "demand_b": 0.0024375673700400523,
      "demand_lb": 1e-06,
      "head_a": 98.2173459020917,
      "head_a_tag": "",
      "head_b": 98.21734590209168,
      "head_b_tag": "",
      "head_lb": 81.56952160812698,
      "head_ub": 118.43047839187302
    },
    "26": {
      "demand_a": 0.001481308915704825,
      "demand_b": 0.002605890686253417,
      "demand_lb": 1e-06,
      "head_a": 98.08236240720697,
      "head_a_tag": "",
      "head_b": 98.06249739571537,
      "head_b_tag": "",
      "head_lb": 79.74597586422558,
      "head_ub": 120.25402413577442
    },
    "3": {
      "demand_a": 0.011248969676693199,
      "demand_b": 0.017388731554941306,
      "demand_lb": 1e-06,
      "head_a": 99.86548845892499,
      "head_a_tag": "",
      "head_b": 99.86548845892499,
      "head_b_tag": "",
      "head_lb": 98.86528131212901,
      "head_ub": 101.13471868787099
    },
    "4": {
      "demand_a": 0.011269096556978997,
      "demand_b": 1.0277537279834714e-06,
      "demand_lb": 1e-06,
      "head_a": 99.54822450886068,
      "head_a_tag": "",
      "head_b": 99.57428613593729,
      "head_b_tag": "",
      "head_lb": 96.22023709746742,
      "head_ub": 103.77976290253258
    },
    "5": {
      "demand_a": 0.004644615375516886,
      "demand_b": 0.003447146768581752,
      "demand_lb": 1e-06,
      "head_a": 99.48462512268705,
      "head_a_tag": "",
      "head_b": 99.51068659521756,
      "head_b_tag": "",
      "head_lb": 95.64820714338538,
      "head_ub": 104.35179285661462
    },
    "6": {
      "demand_a": 0.0029536054502790725,
      "demand_b": 0.004098984895692121,
      "demand_lb": 1e-06,
      "head_a": 99.0365251533802,
      "head_a_tag": "",
      "head_b": 99.0266235363668,
      "head_b_tag": "",
      "head_lb": 89.48828179556567,
      "head_ub": 110.51171820443433
    },
    "7": {
      "demand_a": 0.0016614551603603735,
      "demand_b": 0.003782223600141873,
      "demand_lb": 1e-06,
      "head_a": 98.56547839640514,
      "head_a_tag": "",
      "head_b": 98.53232491767636,
      "head_b_tag": "",
      "head_lb": 83.45901484936377,
      "head_ub": 116.54098515063623
    },
    "8": {
      "demand_a": 0.00952735259470415,
      "demand_b": 0.002703257845990816,
      "demand_lb": 1e-06,
      "head_a": 98.20825092823817,
      "head_a_tag": "",
      "head_b": 98.23531630142372,
      "head_b_tag": "",
      "head_lb": 81.64697482475928,
      "head_ub": 118.35302517524072
    },
    "9": {
      "demand_a": 0.0016313174895805777,
      "demand_b": 0.012665314662322735,
      "demand_lb": 1e-06,
      "head_a": 99.18440322399611,
      "head_a_tag": "",
      "head_b": 99.17188945539752,
      "head_b_tag": "",
      "head_lb": 92.48894338194484,
      "head_ub": 107.51105661805516
    }
  },
  "metadata": {
    "DEMAND_LB": 1e-06,
    "DEMAND_RESTRICTION_MODE": null,
    "DEVIATION_ALPHA": null,
    "FIX_TOTAL_DEMAND": true,
    "GLOBAL_SOLVER": null,
    "HEADLOSS_MODEL": "hw",
    "MEASUREMENT_HEADS_EQUAL_ONLY": true,
    "MEASUREMENT_SITES": [
      "16",
      "25"
    ],
    "MULTI_STARTS": 1,
    "MULTI_START_NOISE": 0.05,
    "MULTI_START_NOISE_REL": 0.25,
    "NORM": 2.0,