{
  "best_bound": null,
  "demands_a": {
    "10": 0.01338739867215906,
    "11": 0.002176032162930934,
    "12": 0.014228281924241578,
    "13": 0.00991115055649033,
    "14": 0.007207578607839725,
    "15": 0.010988499647358521,
    "16": 0.006635133878180574,
    "17": 0.0040323021198802695,
    "18": 0.0014962922356944533,
    "19": 0.004245220991312321,
    "20": 9.695420982341538e-05,
    "21": 0.013369914479560313,
    "22": 0.005215180018245507,
    "23": 0.002320546648544403,
    "24": 0.0037538503752767155,
    "25": 0.003517942133434522,
    "26": 0.001481308915704825,
    "27": -0.1469999998807907,
    "3": 0.011248969676693199,
    "4": 0.011269096556978997,
    "5": 0.004644615375516886,
    "6": 0.0029536054502790725,
    "7": 0.0016614551603603735,
    "8": 0.00952735259470415,
    "9": 0.0016313174895805777
  },
  "demands_b": {
    "10": 0.0029000768097530993,
    "11": 0.011003847847196421,
    "12": 0.0070415937956111035,
    "13": 0.013943025687111109,
    "14": 0.009670966697844275,
    "15": 0.007460298015640321,
    "16": 0.00837392745330358,
    "17": 0.007153130596804856,
    "18": 0.0034545454325502992,
    "19": 0.0038613120466797976,
    "20": 0.005172107523387452,
    "21": 0.007356266269636827,
    "22": 0.0042930166434241995,
    "23": 0.0015633524222165478,
    "24": 0.004622387501938778,
    "25": 0.0024375673700400523,
    "26": 0.002605890686253417,
    "27": -0.1469999998807907,
    "3": 0.017388731554941306,
    "4": 1.0277537279834714e-06,
    "5": 0.003447146768581752,
    "6": 0.004098984895692121,
    "7": 0.003782223600141873,
    "8": 0.002703257845990816,
    "9": 0.012665314662322735
  },
  "flows_a": {
    "1": 0.1469999998807907,
    "10": 0.009358597663650804,
    "12": 0.06819143132169794,
    "13": 0.03872229789274488,
    "14": 0.03654626572981395,
    "15": 0.02231798380557237,
    "16": 0.02188086159947753,
    "17": 0.01089236195211901,
    "18": 0.022468264669618213,
    "19": 0.0008893968197490555,
    "2": 0.1357510302040975,
    "20": 0.01154239714785807,
    "21": 0.0021510190558110794,
    "22": 0.016607868923510245,
    "23": 0.013360732693641691,
    "24": 0.004907263269677497,
    "25": 0.004046564245500714,
    "26": 0.009396069716424557,
    "27": 0.0016151747547956477,
    "28": 0.0022607852002960844,
    "29": 0.0008515172382581594,
    "3": 0.03277832323636247,
    "30": 0.002165281181431524,
    "31": 0.007075523067880154,
    "32": 0.004936847447399086,
    "33": 0.0036796905142606486,
    "34": 0.0030498988368139832,
    "4": 0.028133707860845583,
    "5": 0.018793572497742304,
    "6": 0.01713211733738193,
    "7": 0.09170361041075605,
    "8": 0.006386529912824208,
    "9": 0.001753832920973023
  },
  "flows_b": {
    "1": 0.1469999998807907,
    "10": 0.012258263661333648,
    "12": 0.06458679722834844,
    "13": 0.04339197377534343,
    "14": 0.03238812592814701,
    "15": 0.025346532132535904,
    "16": 0.019579762436954095,
    "17": 0.012119464421313774,
    "18": 0.024238050904451833,
    "19": -0.0007417728448210804,
    "2": 0.1296112683258494,
    "20": 0.011206918812159745,
    "21": 0.002587296963489373,
    "22": 0.01781190560544204,
    "23": 0.01202517213439641,
    "24": 0.0028329913588561657,
    "25": 0.005730084384268618,
    "26": 0.008664918988763474,
    "27": 0.0025648332523299957,
    "28": 0.0013563987924792593,
    "29": 0.0017718128393471306,
    "3": 0.032778366244496156,
    "30": 0.0011642507509531353,
    "31": 0.007101566566546927,
    "32": 0.005044012316938144,
    "33": 0.003962843739377351,
    "34": 0.003128765892471064,
    "4": 0.029331219475914404,
    "5": 0.019288930319022367,
    "6": 0.015506706718880494,
    "7": 0.09683187432762527,
    "8": 0.005943304261199917,
    "9": -0.0005451852115560291
  },
  "heads_a": {
    "10": 98.63905644243266,
    "11": 98.5543780110468,
    "12": 98.43167298054256,
    "13": 98.23871081386208,
    "14": 98.06253092544672,
    "15": 99.09898531675664,
    "16": 98.10903812566407,
    "17": 97.96113937438002,
    "18": 99.05650821508037,
    "19": 98.51488949192228,
    "20": 98.24431247799166,
    "21": 98.09283521665827,
    "22": 97.84761316045419,
    "23": 98.90970578965056,
    "24": 98.50813425468824,
    "25": 98.2173459020917,
    "26": 98.08236240720697,
    "27": 100.0,
    "3": 99.86548845892499,
    "4": 99.54822450886068,
    "5": 99.48462512268705,
    "6": 99.0365251533802,
    "7": 98.56547839640514,
    "8": 98.20825092823817,
    "9": 99.18440322399611
  },
  "heads_b": {
    "10": 98.67872544413073,
    "11": 98.57416894681265,
    "12": 98.47605931301806,
    "13": 98.2318173194869,
    "14": 97.99509736329479,
    "15": 99.10235869785609,
    "16": 98.10903812566407,
    "17": 97.85236055538232,
    "18": 99.05059609321754,
    "19": 98.53583967679418,
    "20": 98.22781523556375,
    "21": 98.10318056622002,
    "22": 97.81638215622394,
    "23": 98.92424567652645,
    "24": 98.5199324095555,
    "25": 98.21734590209168,
    "26": 98.06249739571537,
    "27": 100.0,
    "3": 99.86548845892499,
    "4": 99.57428613593729,
    "5": 99.51068659521756,
    "6": 99.0266235363668,
    "7": 98.53232491767636,
    "8": 98.23531630142372,
    "9": 99.17188945539752
  },
  "max_violation": 0.0,
  "min_demand_viol": 2.7753727983471466e-08,
  "norm": 2.0,
  "objective": 0.0006978383777054428,
  "p": 2,
  "radius": 0.026416630703127955,
  "solver_status": "HxSolutionStatus.OPTIMAL"
}