{
  "junctions": {
    "1": {
      "demand_a": 0.24684263683498586,
      "demand_b": 0.13321638426472043,
      "demand_lb": 1e-06,
      "head_a": 207.81274701369452,
      "head_a_tag": "",
      "head_b": 207.82401876203193,
      "head_b_tag": "",
      "head_lb": 193.62708714484413,
      "head_ub": 226.37291285515587
    },
    "2": {
      "demand_a": 0.10528456629244287,
      "demand_b": 0.10631701329898013,
      "demand_lb": 1e-06,
      "head_a": 208.3993620394407,
      "head_a_tag": "",
      "head_b": 208.3993620394407,
      "head_b_tag": "",
      "head_lb": 197.73885171300606,
      "head_ub": 222.26114828699394
    },
    "3": {
      "demand_a": 0.1070141675353179,
      "demand_b": 0.07119480398344125,
      "demand_lb": 1e-06,
      "head_a": 208.10050878200235,
      "head_a_tag": "",
      "head_b": 208.10821283577965,
      "head_b_tag": "",
      "head_lb": 195.6583771104362,
      "head_ub": 224.3416228895638
    },
    "4": {
      "demand_a": 0.12201663459298673,
      "demand_b": 0.10746077237311957,
      "demand_lb": 1e-06,
      "head_a": 207.95281021467218,
      "head_a_tag": "",
      "head_b": 207.94497470774576,
      "head_b_tag": "",
      "head_lb": 194.40450298777,
      "head_ub": 225.59549701223
    },
    "5": {
      "demand_a": 0.22550076260191365,
      "demand_b": 0.33149428823960675,
      "demand_lb": 1e-06,
      "head_a": 207.91918299099387,
      "head_a_tag": "",
      "head_b": 207.89719821636876,
      "head_b_tag": "",
      "head_lb": 194.28361303052068,
      "head_ub": 225.71638696947932
    },
    "6": {
      "demand_a": 0.3133412369107245,
      "demand_b": 0.3703167426085034,
      "demand_lb": 1e-06,
      "head_a": 207.8123692807346,
      "head_a_tag": "",
      "head_b": 207.8123692807346,
      "head_b_tag": "",
      "head_lb": 193.56687411412554,
      "head_ub": 226.43312588587446
    }
  },
  "metadata": {
    "DEMAND_INTERVALS": false,
    "DEMAND_LB": 1e-06,
    "FIX_TOTAL_DEMAND": true,
    "GLOBAL_SOLVER": "couenne",
    "HEADLOSS_MODEL": "hw",
    "MEASUREMENT_HEADS_EQUAL_ONLY": true,
    "MEASUREMENT_SITES": [
      "6"
    ],
    "MULTI_STARTS": 10,
    "MULTI_START_NOISE": 0.05,
    "NORM": 2,
    "PIPE_BOUNDS": true,
    "PIPE_BOUND_METHOD": "perturb",
    "PIPE_BOUND_PERTURB_BASE": "base",
    "PIPE_BOUND_PERTURB_FIX_TOTAL": true,
    "PIPE_BOUND_PERTURB_SAMPLES": 25,
    "PIPE_BOUND_PERTURB_SEED": 1,
    "PIPE_BOUND_PERTURB_SIGMA": 0.1,
    "PIPE_BOUND_POLICY": "minmax",
    "PIPE_BOUND_SAFENESS": 0.85,
    "RADIUS": true,
    "SCENARIO_SOURCE": "base",
    "SINGLE_NODE_SOLUTION": false,
    "SOLVER": "hexaly_xd",
    "USE_RESERVOIR_OUTFLOW_CONSTRAINT": false,
    "WDN_NAME": "Alperovits",
    "output_dir": "data/Alperovits-B-batch-20260401-112347/6",
    "timestamp": "20260401-112347"
  },
  "output_dir": "data/Alperovits-B-batch-20260401-112347/6",
  "pipes": {
    "1": {
      "flow_a": 1.1200000047683716,
      "flow_a_tag": "lb",
      "flow_b": 1.1200000047683716,
      "flow_b_tag": "lb",
      "flow_lb": 1.1200000047683716,
      "flow_ub": 1.1200000047683716,
      "headloss_res_a": -10.660510326434622,
      "headloss_res_b": -10.660510326434622
    },
    "2": {
      "flow_a": 0.45256247823747486,
      "flow_a_tag": "",
      "flow_b": 0.44622525330145274,
      "flow_b_tag": "",
      "flow_lb": 0.44622185826301575,
      "flow_ub": 0.4613533318042755,
      "headloss_res_a": -1.7030919355886902,
      "headloss_res_b": -1.6551221266892122
    },
    "3": {
      "flow_a": 0.5621529602384537,
      "flow_a_tag": "",
      "flow_b": 0.5674577381679387,
      "flow_b_tag": "",
      "flow_lb": 0.5568748712539673,
      "flow_ub": 0.5840606689453125,
      "headloss_res_a": -2.642349960670414,
      "headloss_res_b": -2.693086594950726
    },
    "4": {
      "flow_a": 0.13911865085407224,
      "flow_a_tag": "lb",
      "flow_b": 0.168167209783935,
      "flow_b_tag": "ub",
      "flow_lb": 0.13911864161491394,
      "flow_ub": 0.16816721856594086,
      "headloss_res_a": -0.1555486770345733,
      "headloss_res_b": -0.22864877243005632
    },
    "5": {
      "flow_a": 0.3010176747913948,
      "flow_a_tag": "",
      "flow_b": 0.29182975601088407,
      "flow_b_tag": "",
      "flow_lb": 0.27015259861946106,
      "flow_ub": 0.3175203204154968,
      "headloss_res_a": -0.745243657651689,
      "headloss_res_b": -0.6998370635239809
    },
    "6": {
      "flow_a": 0.01232356211932972,
      "flow_a_tag": "lb",
      "flow_b": 0.07848698659761932,
      "flow_b_tag": "ub",
      "flow_lb": 0.012323553673923016,
      "flow_ub": 0.07848699390888214,
      "headloss_res_a": -0.0011067240092047536,
      "headloss_res_b": -0.04856353820327402
    },
    "7": {
      "flow_a": 0.34554831070215697,
      "flow_a_tag": "lb",
      "flow_b": 0.3750304493180115,
      "flow_b_tag": "ub",
      "flow_lb": 0.3455483019351959,
      "flow_ub": 0.3750304579734802,
      "headloss_res_a": -0.985786503819307,
      "headloss_res_b": -1.163749397047217
    },
    "8": {
      "flow_a": 0.2591661989543156,
      "flow_a_tag": "ub",
      "flow_b": 0.21170337086233976,
      "flow_b_tag": "lb",
      "flow_lb": 0.211703360080719,
      "flow_ub": 0.2591662108898163,
      "headloss_res_a": -0.5500898479066348,
      "headloss_res_b": -0.36489773707442913
    }
  },
  "summary": {
    "flow_at_bounds": {
      "a_lb": 4,
      "a_ub": 1,
      "b_lb": 2,
      "b_ub": 3
    },
    "head_at_bounds": {
      "a_lb": 0,
      "a_ub": 0,
      "b_lb": 0,
      "b_ub": 0
    },
    "head_bounds_count": 6,
    "junction_count": 6,
    "min_demand_slack_a": 0.10528356629244287,
    "min_demand_slack_b": 0.07119380398344125,
    "pipe_count": 8,
    "total_demand_a": 1.1200000047683716,
    "total_demand_b": 1.1200000047683716,
    "total_demand_res_a": 0.0,
    "total_demand_res_b": 0.0,
    "total_demand_target": 1.1200000047683716
  }
}