{
  "best_bound": null,
  "demands_a": {
    "1": 0.24684263683498586,
    "2": 0.10528456629244287,
    "3": 0.1070141675353179,
    "4": 0.12201663459298673,
    "5": 0.22550076260191365,
    "6": 0.3133412369107245,
    "7": -1.1200000047683716
  },
  "demands_b": {
    "1": 0.13321638426472043,
    "2": 0.10631701329898013,
    "3": 0.07119480398344125,
    "4": 0.10746077237311957,
    "5": 0.33149428823960675,
    "6": 0.3703167426085034,
    "7": -1.1200000047683716
  },
  "flows_a": {
    "1": 1.1200000047683716,
    "2": 0.45256247823747486,
    "3": 0.5621529602384537,
    "4": 0.13911865085407224,
    "5": 0.3010176747913948,
    "6": 0.01232356211932972,
    "7": 0.34554831070215697,
    "8": 0.2591661989543156
  },
  "flows_b": {
    "1": 1.1200000047683716,
    "2": 0.44622525330145274,
    "3": 0.5674577381679387,
    "4": 0.168167209783935,
    "5": 0.29182975601088407,
    "6": 0.07848698659761932,
    "7": 0.3750304493180115,
    "8": 0.21170337086233976
  },
  "heads_a": {
    "1": 207.81274701369452,
    "2": 208.3993620394407,
    "3": 208.10050878200235,
    "4": 207.95281021467218,
    "5": 207.91918299099387,
    "6": 207.8123692807346,
    "7": 210.0
  },
  "heads_b": {
    "1": 207.82401876203193,
    "2": 208.3993620394407,
    "3": 208.10821283577965,
    "4": 207.94497470774576,
    "5": 207.89719821636876,
    "6": 207.8123692807346,
    "7": 210.0
  },
  "max_violation": 0.0,
  "min_demand_viol": 0.07119380398344125,
  "norm": 2,
  "objective": 0.028887726876834264,
  "p": 1,
  "radius": 0.16996389874568735,
  "solver_status": "HxSolutionStatus.OPTIMAL"
}