{
  "best_radius": 1.4023115330209557,
  "norm": 2,
  "runs": [
    {
      "max_violation": 0.0,
      "min_demand_viol": -9.492245711673064e-09,
      "radius": 1.3381103153746097,
      "run": 0,
      "start_flows": {
        "1": 1.2815567346722234,
        "2": 0.5066750391362536,
        "3": 0.6951903973155601,
        "4": 0.11590279351970693,
        "5": 0.41452357012720575,
        "6": 0.12734109418988926,
        "7": 0.4771555767761053,
        "8": 0.4509090872010119
      },
      "start_heads": {
        "1": 207.08409215508462,
        "2": 207.9297180233659,
        "3": 207.52365106802623,
        "4": 207.3274941137872,
        "5": 207.3387607302697,
        "6": 206.95761456658593,
        "7": 209.93770445263735
      },
      "success": true
    },
    {
      "max_violation": 0.0,
      "min_demand_viol": -9.492202301952801e-09,
      "radius": 1.3381103153635896,
      "run": 1,
      "start_flows": {
        "1": 1.2386568558823812,
        "2": 0.4860673331579532,
        "3": 0.6473542569749383,
        "4": 0.1312393144807616,
        "5": 0.4934327072573952,
        "6": 0.1028346082972133,
        "7": 0.48027874804708276,
        "8": 0.37029530537021915
      },
      "start_heads": {
        "1": 207.0721454469979,
        "2": 207.9824802886609,
        "3": 207.6320956506611,
        "4": 207.3633584518021,
        "5": 207.29951946883466,
        "6": 207.02777983650495,
        "7": 210.0110097561735
      },
      "success": true
    },
    {
      "max_violation": 0.0,
      "min_demand_viol": -9.427680192075627e-09,
      "radius": 1.4023115330209557,
      "run": 2,
      "start_flows": {
        "1": 1.224789314440617,
        "2": 0.502821503557233,
        "3": 0.6552080142976721,
        "4": 0.13770006689634534,
        "5": 0.45203999491057834,
        "6": 0.1270299768964111,
        "7": 0.3792641440486815,
        "8": 0.39707435735991137
      },
      "start_heads": {
        "1": 207.13409730831629,
        "2": 208.00410355865932,
        "3": 207.66159369883957,
        "4": 207.29570456030885,
        "5": 207.4123906200393,
        "6": 207.141159876507,
        "7": 210.01322278151648
      },
      "success": true
    },
    {
      "max_violation": 0.0,
      "min_demand_viol": -9.492177488468201e-09,
      "radius": 1.3381103153643088,
      "run": 3,
      "start_flows": {
        "1": 1.2595740828907322,
        "2": 0.5861813164776666,
        "3": 0.7611821806158943,
        "4": 0.2007395311553612,
        "5": 0.5070622270219798,
        "6": 0.12713036197736283,
        "7": 0.3515396429054899,
        "8": 0.40333233238854566
      },
      "start_heads": {
        "1": 207.03582583994339,
        "2": 207.99772853191007,
        "3": 207.52250406839104,
        "4": 207.37841393992315,
        "5": 207.35818761604347,
        "6": 207.10866824151603,
        "7": 209.96691487139805
      },
      "success": true
    },
    {
      "max_violation": 0.0,
      "min_demand_viol": -9.213827423248944e-09,
      "radius": 1.3381103153654128,
      "run": 4,
      "start_flows": {
        "1": 1.2534484612603927,
        "2": 0.4547901869121755,
        "3": 0.7501376586499027,
        "4": 0.08586225123994735,
        "5": 0.4577555202582714,
        "6": 0.09633271417071881,
        "7": 0.4911292184597046,
        "8": 0.46957308839864176
      },
      "start_heads": {
        "1": 207.06413638604587,
        "2": 207.99657241629748,
        "3": 207.4767466475462,
        "4": 207.36125928562706,
        "5": 207.3708787408412,
        "6": 207.12406418410998,
        "7": 210.0911005681664
      },
      "success": true
    },
    {
      "max_violation": 0.0,
      "min_demand_viol": -9.492015284884303e-09,
      "radius": 1.3381103153862681,
      "run": 5,
      "start_flows": {
        "1": 1.209248675116889,
        "2": 0.48020388121005775,
        "3": 0.7099217641990971,
        "4": 0.11311051835332053,
        "5": 0.541426667967524,
        "6": 0.1186873010700383,
        "7": 0.3802958700099871,
        "8": 0.3846768637829094
      },
      "start_heads": {
        "1": 207.05730144871825,
        "2": 207.9103474792753,
        "3": 207.5230381332592,
        "4": 207.39017841145247,
        "5": 207.365752721923,
        "6": 207.13859404628994,
        "7": 210.0844553726222
      },
      "success": true
    },
    {
      "max_violation": 0.0,
      "min_demand_viol": -9.213811269503935e-09,
      "radius": 1.3381103153623959,
      "run": 6,
      "start_flows": {
        "1": 1.2609008382271203,
        "2": 0.592000696243048,
        "3": 0.6415299724342661,
        "4": 0.0738836230449412,
        "5": 0.45379630736319465,
        "6": 0.16083399568788864,
        "7": 0.42000605335536567,
        "8": 0.37427859783838296
      },
      "start_heads": {
        "1": 207.04131349536982,
        "2": 207.8978437994524,
        "3": 207.51684613083265,
        "4": 207.38379197940782,
        "5": 207.38618008296666,
        "6": 207.0656513756866,
        "7": 210.0436521076311
      },
      "success": true
    },
    {
      "max_violation": 0.0,
      "min_demand_viol": -9.492225783169772e-09,
      "radius": 1.3381103153654021,
      "run": 7,
      "start_flows": {
        "1": 1.211250526381825,
        "2": 0.47762687754785504,
        "3": 0.6942201574704009,
        "4": -0.0018492710166746473,
        "5": 0.4606255186635766,
        "6": 0.08017929962393985,
        "7": 0.4174195593934892,
        "8": 0.3997699627335087
      },
      "start_heads": {
        "1": 207.13721837139641,
        "2": 207.97501050490845,
        "3": 207.62163073841387,
        "4": 207.32073934936915,
        "5": 207.40774353241795,
        "6": 207.11017079476525,
        "7": 210.05824319905554
      },
      "success": true
    },
    {
      "max_violation": 0.0,
      "min_demand_viol": -9.492166885838316e-09,
      "radius": 1.3381103153703722,
      "run": 8,
      "start_flows": {
        "1": 1.3146496347028471,
        "2": 0.5554842163297483,
        "3": 0.6669489453305403,
        "4": 0.03931909511256833,
        "5": 0.4345547837834106,
        "6": 0.07078560943557974,
        "7": 0.3408184860938278,
        "8": 0.4164776785901992
      },
      "start_heads": {
        "1": 207.1611546117696,
        "2": 207.93647731244886,
        "3": 207.53543191967796,
        "4": 207.30650778291047,
        "5": 207.3501152852878,
        "6": 207.0917997027764,
        "7": 209.9993042665738
      },
      "success": true
    },
    {
      "max_violation": 0.0,
      "min_demand_viol": -9.492174823932942e-09,
      "radius": 1.3381103153735203,
      "run": 9,
      "start_flows": {
        "1": 1.327362211578195,
        "2": 0.5833935236394447,
        "3": 0.7206775466008806,
        "4": -0.007607407651793768,
        "5": 0.5027412247454324,
        "6": 0.12624234185684716,
        "7": 0.4331441421622658,
        "8": 0.42211640993136273
      },
      "start_heads": {
        "1": 207.0548451458552,
        "2": 207.9840426431698,
        "3": 207.60289285259114,
        "4": 207.34071217148713,
        "5": 207.24161266638356,
        "6": 207.06842036892252,
        "7": 210.0540081706269
      },
      "success": true
    }
  ],
  "unique_local_optima": 2
}