{
  "demands_a": {
    "1": -9.427680192075627e-09,
    "2": 0.09002358685017908,
    "3": 0.1380295174736117,
    "4": 4.5547527971478985e-09,
    "5": -8.883276725324407e-09,
    "6": 1.047217133049967,
    "7": -1.2752702236175537
  },
  "demands_b": {
    "1": 0.357633669566906,
    "2": 0.06771757325306771,
    "3": -7.806374990870779e-09,
    "4": -9.717916027440765e-09,
    "5": 0.849919007978213,
    "6": -9.656341892760878e-09,
    "7": -1.2752702236175537
  },
  "flows_a": {
    "1": 1.2752702236175537,
    "2": 0.5220773719739737,
    "3": 0.663169264793401,
    "4": 0.03562333200104925,
    "5": 0.6275459282375989,
    "6": 0.41967120481236825,
    "7": 0.38404785450036205,
    "8": 0.41967119538468806
  },
  "flows_b": {
    "1": 1.2752702236175537,
    "2": 0.544383385571087,
    "3": 0.663169264793399,
    "4": 0.3777142289680366,
    "5": 0.28545504554327844,
    "6": -0.28545505519962033,
    "7": 0.544383393377462,
    "8": 0.07217861436728566
  },
  "heads_a": {
    "1": 207.09503173828125,
    "2": 207.96490478515625,
    "3": 207.5738546537393,
    "4": 207.35865783691406,
    "5": 207.35638166675793,
    "6": 206.78277160004728,
    "7": 210.0
  },
  "heads_b": {
    "1": 207.09503173828125,
    "2": 207.96490478515625,
    "3": 207.5397251839703,
    "4": 207.35865783691406,
    "5": 207.10276247961687,
    "6": 207.2395004104514,
    "7": 210.0
  },
  "max_violation": 0.0,
  "min_demand_viol": -9.427680192075627e-09,
  "norm": 2,
  "radius": 1.4023115330209557
}