{
  "best_bound": null,
  "demands_a": {
    "1": 0.13321640252444017,
    "2": 0.10528644827298295,
    "3": 0.10000002384192735,
    "4": 0.10018106095154372,
    "5": 0.31099932476225023,
    "6": 0.37031674441522716,
    "7": -1.1200000047683716
  },
  "demands_b": {
    "1": 0.20000002160667193,
    "2": 0.09999996423725022,
    "3": 0.10000002384186613,
    "4": 0.11999998986720484,
    "5": 0.26999999582765816,
    "6": 0.33000000938772045,
    "7": -1.1200000047683718
  },
  "flows_a": {
    "1": 1.1200000047683716,
    "2": 0.45453552708627043,
    "3": 0.5601780294091182,
    "4": 0.16816720599543156,
    "5": 0.2918297624621429,
    "6": 0.07848698195308425,
    "7": 0.3545355032443431,
    "8": 0.21170338447752443
  },
  "flows_b": {
    "1": 1.1200000047683716,
    "2": 0.4545355270862897,
    "3": 0.5654645134448317,
    "4": 0.1527674436021849,
    "5": 0.29269707997544203,
    "6": 0.03730292941227839,
    "7": 0.35453550324442357,
    "8": 0.23730295101895033
  },
  "heads_a": {
    "1": 207.83475534183196,
    "2": 208.3993620394407,
    "3": 208.0980912958706,
    "4": 207.95571129425687,
    "5": 207.90793480487537,
    "6": 207.82310586181745,
    "7": 210.0
  },
  "heads_b": {
    "1": 207.8175276620311,
    "2": 208.3993620394407,
    "3": 208.0980912958706,
    "4": 207.94792618511346,
    "5": 207.9079348048753,
    "6": 207.8145899497897,
    "7": 210.0
  },
  "max_violation": 0.0,
  "min_demand_viol": 0.09999896423725022,
  "norm": 2.0,
  "objective": 0.00818717273090978,
  "p": 2,
  "radius": 0.09048299691604926,
  "solver_status": "HxSolutionStatus.OPTIMAL"
}