{
  "junctions": {
    "1": {
      "demand_a": 0.1002010066832231,
      "demand_b": 0.2703362668878906,
      "demand_lb": 1e-06,
      "head_a": 207.8261836982,
      "head_a_tag": "",
      "head_b": 207.82163884819585,
      "head_b_tag": "",
      "head_lb": 193.4611532898627,
      "head_ub": 226.5388467101373
    },
    "2": {
      "demand_a": 0.10840947530359646,
      "demand_b": 0.1249919307361207,
      "demand_lb": 1e-06,
      "head_a": 208.3993620394407,
      "head_a_tag": "",
      "head_b": 208.3993620394407,
      "head_b_tag": "",
      "head_lb": 197.73885171300606,
      "head_ub": 222.26114828699394
    },
    "3": {
      "demand_a": 0.05631404989234301,
      "demand_b": 0.10115955687071121,
      "demand_lb": 1e-06,
      "head_a": 208.11298389685757,
      "head_a_tag": "",
      "head_b": 208.11298389685757,
      "head_b_tag": "",
      "head_lb": 195.62629393444394,
      "head_ub": 224.37370606555606
    },
    "4": {
      "demand_a": 0.10108446904179036,
      "demand_b": 0.11439027835959925,
      "demand_lb": 1e-06,
      "head_a": 207.94219775977965,
      "head_a_tag": "",
      "head_b": 207.96655175564752,
      "head_b_tag": "",
      "head_lb": 194.2896568934707,
      "head_ub": 225.7103431065293
    },
    "5": {
      "demand_a": 0.36415484101823303,
      "demand_b": 0.20395048495481544,
      "demand_lb": 1e-06,
      "head_a": 207.8904512649225,
      "head_a_tag": "",
      "head_b": 207.93595452151885,
      "head_b_tag": "",
      "head_lb": 194.17031922671646,
      "head_ub": 225.82968077328354
    },
    "6": {
      "demand_a": 0.38983616282918565,
      "demand_b": 0.3051714869592344,
      "demand_lb": 1e-06,
      "head_a": 207.8088846572588,
      "head_a_tag": "",
      "head_b": 207.82164232545952,
      "head_b_tag": "",
      "head_lb": 193.36886889046428,
      "head_ub": 226.63113110953572
    }
  },
  "metadata": {
    "DEMAND_INTERVALS": false,
    "DEMAND_LB": 1e-06,
    "FIX_TOTAL_DEMAND": true,
    "GLOBAL_SOLVER": "couenne",
    "HEADLOSS_MODEL": "hw",
    "MEASUREMENT_HEADS_EQUAL_ONLY": true,
    "MEASUREMENT_SITES": [
      "2",
      "3"
    ],
    "MULTI_STARTS": 10,
    "MULTI_START_NOISE": 0.05,
    "NORM": 2,
    "PIPE_BOUNDS": true,
    "PIPE_BOUND_METHOD": "perturb",
    "PIPE_BOUND_PERTURB_BASE": "base",
    "PIPE_BOUND_PERTURB_FIX_TOTAL": true,
    "PIPE_BOUND_PERTURB_SAMPLES": 25,
    "PIPE_BOUND_PERTURB_SEED": 1,
    "PIPE_BOUND_PERTURB_SIGMA": 0.15,
    "PIPE_BOUND_POLICY": "minmax",
    "PIPE_BOUND_SAFENESS": 0.85,
    "RADIUS": true,
    "SCENARIO_SOURCE": "base",
    "SINGLE_NODE_SOLUTION": false,
    "SOLVER": "hexaly_xd",
    "USE_RESERVOIR_OUTFLOW_CONSTRAINT": false,
    "WDN_NAME": "Alperovits",
    "output_dir": "data/Alperovits-B-batch-20260401-112751/2_3",
    "timestamp": "20260401-112751"
  },
  "output_dir": "data/Alperovits-B-batch-20260401-112751/2_3",
  "pipes": {
    "1": {
      "flow_a": 1.1200000047683716,
      "flow_a_tag": "lb",
      "flow_b": 1.1200000047683716,
      "flow_b_tag": "lb",
      "flow_lb": 1.1200000047683716,
      "flow_ub": 1.1200000047683716,
      "headloss_res_a": -10.660510326434622,
      "headloss_res_b": -10.660510326434622
    },
    "2": {
      "flow_a": 0.4422625516378968,
      "flow_a_tag": "",
      "flow_b": 0.4422625516379096,
      "flow_b_tag": "",
      "flow_lb": 0.44223544001579285,
      "flow_ub": 0.4648970067501068,
      "headloss_res_a": -1.625478966694069,
      "headloss_res_b": -1.62547896669418
    },
    "3": {
      "flow_a": 0.5693279778268783,
      "flow_a_tag": "",
      "flow_b": 0.5527455223943413,
      "flow_b_tag": "",
      "flow_lb": 0.5527145266532898,
      "flow_ub": 0.5940340161323547,
      "headloss_res_a": -2.711090863433945,
      "headloss_res_b": -2.553573111508702
    },
    "4": {
      "flow_a": 0.17557384927424494,
      "flow_a_tag": "ub",
      "flow_b": 0.13220331753234787,
      "flow_b_tag": "lb",
      "flow_lb": 0.13220331072807312,
      "flow_ub": 0.17557385563850403,
      "headloss_res_a": -0.2495643458393476,
      "headloss_res_b": -0.14023892664349052
    },
    "5": {
      "flow_a": 0.292669659510843,
      "flow_a_tag": "",
      "flow_b": 0.30615192650239414,
      "flow_b_tag": "",
      "flow_lb": 0.2579752802848816,
      "flow_ub": 0.329729825258255,
      "headloss_res_a": -0.7039279219225073,
      "headloss_res_b": -0.7712458502395365
    },
    "6": {
      "flow_a": 0.09716650331834262,
      "flow_a_tag": "ub",
      "flow_b": -0.0009804395431597304,
      "flow_b_tag": "lb",
      "flow_lb": -0.000980442389845848,
      "flow_ub": 0.097166508436203,
      "headloss_res_a": -0.07498534873580069,
      "headloss_res_b": 5.918600577701464e-06
    },
    "7": {
      "flow_a": 0.3859485017455538,
      "flow_a_tag": "ub",
      "flow_b": 0.3411029947671984,
      "flow_b_tag": "lb",
      "flow_lb": 0.3411029875278473,
      "flow_ub": 0.38594850897789,
      "headloss_res_a": -1.2334420212250095,
      "headloss_res_b": -0.9602473742970925
    },
    "8": {
      "flow_a": 0.19736751000156572,
      "flow_a_tag": "lb",
      "flow_b": 0.26935582734473085,
      "flow_b_tag": "ub",
      "flow_lb": 0.19736750423908234,
      "flow_ub": 0.269355833530426,
      "headloss_res_a": -0.3164881388902186,
      "headloss_res_b": -0.5948502309590861
    }
  },
  "summary": {
    "flow_at_bounds": {
      "a_lb": 2,
      "a_ub": 3,
      "b_lb": 4,
      "b_ub": 1
    },
    "head_at_bounds": {
      "a_lb": 0,
      "a_ub": 0,
      "b_lb": 0,
      "b_ub": 0
    },
    "head_bounds_count": 6,
    "junction_count": 6,
    "min_demand_slack_a": 0.05631304989234301,
    "min_demand_slack_b": 0.10115855687071121,
    "pipe_count": 8,
    "total_demand_a": 1.1200000047683716,
    "total_demand_b": 1.1200000047683716,
    "total_demand_res_a": 0.0,
    "total_demand_res_b": 0.0,
    "total_demand_target": 1.1200000047683716
  }
}