{
  "best_bound": null,
  "demands_a": {
    "1": 0.24684263761037464,
    "2": 0.09942201982153498,
    "3": 0.11021356385912312,
    "4": 0.12467945357360088,
    "5": 0.22550109284591696,
    "6": 0.3133412370578211,
    "7": -1.1200000047683718
  },
  "demands_b": {
    "1": 0.1332163842200069,
    "2": 0.09942201982153565,
    "3": 0.09590607253962585,
    "4": 0.10481880951485623,
    "5": 0.31631997587981286,
    "6": 0.370316742792534,
    "7": -1.1200000047683716
  },
  "flows_a": {
    "1": 1.1200000047683716,
    "2": 0.4557622073090439,
    "3": 0.5648157776377928,
    "4": 0.1391186492729833,
    "5": 0.3010176747912086,
    "6": 0.01232356226661248,
    "7": 0.34554864344992076,
    "8": 0.25916619987698714
  },
  "flows_b": {
    "1": 1.1200000047683716,
    "2": 0.4557622073090434,
    "3": 0.5648157776377926,
    "4": 0.1681672115148732,
    "5": 0.2918297566080631,
    "6": 0.07848698618447095,
    "7": 0.3598561347694175,
    "8": 0.21170337040447784
  },
  "heads_a": {
    "1": 207.80882169457723,
    "2": 208.3993620394407,
    "3": 208.09658378516417,
    "4": 207.94888489554737,
    "5": 207.9152576725774,
    "6": 207.80844396161012,
    "7": 210.0
  },
  "heads_b": {
    "1": 207.8279289492168,
    "2": 208.3993620394407,
    "3": 208.09658378516417,
    "4": 207.94888489554737,
    "5": 207.90110840326005,
    "6": 207.81627946803366,
    "7": 210.0
  },
  "max_violation": 0.0,
  "min_demand_viol": 0.09590507253962585,
  "norm": 2.0,
  "objective": 0.02500435271906847,
  "p": 2,
  "radius": 0.15812764691561204,
  "solver_status": "HxSolutionStatus.OPTIMAL"
}