{
  "junctions": {
    "1": {
      "demand_a": 0.13321642447185225,
      "demand_b": 0.24211522447384295,
      "demand_lb": 1e-06,
      "head_a": 207.80554875123968,
      "head_a_tag": "",
      "head_b": 207.80554875123968,
      "head_b_tag": "",
      "head_lb": 193.62708714484413,
      "head_ub": 226.37291285515587
    },
    "2": {
      "demand_a": 0.07890798996694892,
      "demand_b": 0.08927535845459533,
      "demand_lb": 1e-06,
      "head_a": 208.3993620394407,
      "head_a_tag": "",
      "head_b": 208.3993620394407,
      "head_b_tag": "",
      "head_lb": 197.73885171300606,
      "head_ub": 222.26114828699394
    },
    "3": {
      "demand_a": 0.08626333746003251,
      "demand_b": 0.11574548420639541,
      "demand_lb": 1e-06,
      "head_a": 208.08974285474858,
      "head_a_tag": "",
      "head_b": 208.08974285474858,
      "head_b_tag": "",
      "head_lb": 195.6583771104362,
      "head_ub": 224.3416228895638
    },
    "4": {
      "demand_a": 0.11980122867420073,
      "demand_b": 0.13344792080410056,
      "demand_lb": 1e-06,
      "head_a": 207.92650472220893,
      "head_a_tag": "",
      "head_b": 207.94204429152273,
      "head_b_tag": "",
      "head_lb": 194.40450298777,
      "head_ub": 225.59549701223
    },
    "5": {
      "demand_a": 0.33149425211001193,
      "demand_b": 0.23022817128802386,
      "demand_lb": 1e-06,
      "head_a": 207.8787282310589,
      "head_a_tag": "",
      "head_b": 207.9084170676511,
      "head_b_tag": "",
      "head_lb": 194.28361303052068,
      "head_ub": 225.71638696947932
    },
    "6": {
      "demand_a": 0.3703167720853253,
      "demand_b": 0.30918784554141343,
      "demand_lb": 1e-06,
      "head_a": 207.79389927005306,
      "head_a_tag": "",
      "head_b": 207.80517101827508,
      "head_b_tag": "",
      "head_lb": 193.56687411412554,
      "head_ub": 226.43312588587446
    }
  },
  "metadata": {
    "DEMAND_INTERVALS": false,
    "DEMAND_LB": 1e-06,
    "FIX_TOTAL_DEMAND": true,
    "GLOBAL_SOLVER": "couenne",
    "HEADLOSS_MODEL": "hw",
    "MEASUREMENT_HEADS_EQUAL_ONLY": true,
    "MEASUREMENT_SITES": [
      "1",
      "3"
    ],
    "MULTI_STARTS": 10,
    "MULTI_START_NOISE": 0.05,
    "NORM": 2,
    "PIPE_BOUNDS": true,
    "PIPE_BOUND_METHOD": "perturb",
    "PIPE_BOUND_PERTURB_BASE": "base",
    "PIPE_BOUND_PERTURB_FIX_TOTAL": true,
    "PIPE_BOUND_PERTURB_SAMPLES": 25,
    "PIPE_BOUND_PERTURB_SEED": 1,
    "PIPE_BOUND_PERTURB_SIGMA": 0.1,
    "PIPE_BOUND_POLICY": "minmax",
    "PIPE_BOUND_SAFENESS": 0.85,
    "RADIUS": true,
    "SCENARIO_SOURCE": "base",
    "SINGLE_NODE_SOLUTION": false,
    "SOLVER": "hexaly_xd",
    "USE_RESERVOIR_OUTFLOW_CONSTRAINT": false,
    "WDN_NAME": "Alperovits",
    "output_dir": "data/Alperovits-B-batch-20260401-112946/1_3",
    "timestamp": "20260401-112946"
  },
  "output_dir": "data/Alperovits-B-batch-20260401-112946/1_3",
  "pipes": {
    "1": {
      "flow_a": 1.1200000047683716,
      "flow_a_tag": "lb",
      "flow_b": 1.1200000047683716,
      "flow_b_tag": "lb",
      "flow_lb": 1.1200000047683716,
      "flow_ub": 1.1200000047683716,
      "headloss_res_a": -10.660510326434622,
      "headloss_res_b": -10.660510326434622
    },
    "2": {
      "flow_a": 0.4612937908842051,
      "flow_a_tag": "",
      "flow_b": 0.4612937908842051,
      "flow_b_tag": "",
      "flow_lb": 0.44622185826301575,
      "flow_ub": 0.4613533318042755,
      "headloss_res_a": -1.7703184525190623,
      "headloss_res_b": -1.7703184525190623
    },
    "3": {
      "flow_a": 0.5797982239172177,
      "flow_a_tag": "",
      "flow_b": 0.5694308554295712,
      "flow_b_tag": "",
      "flow_lb": 0.5568748712539673,
      "flow_ub": 0.5840606689453125,
      "headloss_res_a": -2.81300118112291,
      "headloss_res_b": -2.712082506450153
    },
    "4": {
      "flow_a": 0.1681672093526015,
      "flow_a_tag": "ub",
      "flow_b": 0.13911865128599898,
      "flow_b_tag": "lb",
      "flow_lb": 0.13911864161491394,
      "flow_ub": 0.16816721856594086,
      "headloss_res_a": -0.22864877123899258,
      "headloss_res_b": -0.15554867801593147
    },
    "5": {
      "flow_a": 0.29182978589041547,
      "flow_a_tag": "",
      "flow_b": 0.2968642833394716,
      "flow_b_tag": "",
      "flow_lb": 0.27015259861946106,
      "flow_ub": 0.3175203204154968,
      "headloss_res_a": -0.6998372088416148,
      "headloss_res_b": -0.7245388798753931
    },
    "6": {
      "flow_a": 0.07848698619490985,
      "flow_a_tag": "ub",
      "flow_b": 0.01232356220194183,
      "flow_b_tag": "lb",
      "flow_lb": 0.012323553673923016,
      "flow_ub": 0.07848699390888214,
      "headloss_res_a": -0.04856353769608171,
      "headloss_res_b": -0.0011067240244175538
    },
    "7": {
      "flow_a": 0.37503045342417257,
      "flow_a_tag": "ub",
      "flow_b": 0.34554830667780967,
      "flow_b_tag": "lb",
      "flow_lb": 0.3455483019351959,
      "flow_ub": 0.3750304579734802,
      "headloss_res_a": -1.1637494228726497,
      "headloss_res_b": -0.9857864805453058
    },
    "8": {
      "flow_a": 0.2117034106667621,
      "flow_a_tag": "lb",
      "flow_b": 0.2544387866757848,
      "flow_b_tag": "",
      "flow_lb": 0.211703360080719,
      "flow_ub": 0.2591662108898163,
      "headloss_res_a": -0.364897876326439,
      "headloss_res_b": -0.5299247729433534
    }
  },
  "summary": {
    "flow_at_bounds": {
      "a_lb": 2,
      "a_ub": 3,
      "b_lb": 4,
      "b_ub": 0
    },
    "head_at_bounds": {
      "a_lb": 0,
      "a_ub": 0,
      "b_lb": 0,
      "b_ub": 0
    },
    "head_bounds_count": 6,
    "junction_count": 6,
    "min_demand_slack_a": 0.07890698996694892,
    "min_demand_slack_b": 0.08927435845459533,
    "pipe_count": 8,
    "total_demand_a": 1.1200000047683718,
    "total_demand_b": 1.1200000047683716,
    "total_demand_res_a": 0.0,
    "total_demand_res_b": -2.220446049250313e-16,
    "total_demand_target": 1.1200000047683718
  }
}