{
  "best_bound": null,
  "demands_a": {
    "1": 0.13321642447185225,
    "2": 0.07890798996694892,
    "3": 0.08626333746003251,
    "4": 0.11980122867420073,
    "5": 0.33149425211001193,
    "6": 0.3703167720853253,
    "7": -1.1200000047683718
  },
  "demands_b": {
    "1": 0.24211522447384295,
    "2": 0.08927535845459533,
    "3": 0.11574548420639541,
    "4": 0.13344792080410056,
    "5": 0.23022817128802386,
    "6": 0.30918784554141343,
    "7": -1.1200000047683716
  },
  "flows_a": {
    "1": 1.1200000047683716,
    "2": 0.4612937908842051,
    "3": 0.5797982239172177,
    "4": 0.1681672093526015,
    "5": 0.29182978589041547,
    "6": 0.07848698619490985,
    "7": 0.37503045342417257,
    "8": 0.2117034106667621
  },
  "flows_b": {
    "1": 1.1200000047683716,
    "2": 0.4612937908842051,
    "3": 0.5694308554295712,
    "4": 0.13911865128599898,
    "5": 0.2968642833394716,
    "6": 0.01232356220194183,
    "7": 0.34554830667780967,
    "8": 0.2544387866757848
  },
  "heads_a": {
    "1": 207.80554875123968,
    "2": 208.3993620394407,
    "3": 208.08974285474858,
    "4": 207.92650472220893,
    "5": 207.8787282310589,
    "6": 207.79389927005306,
    "7": 210.0
  },
  "heads_b": {
    "1": 207.80554875123968,
    "2": 208.3993620394407,
    "3": 208.08974285474858,
    "4": 207.94204429152273,
    "5": 207.9084170676511,
    "6": 207.80517101827508,
    "7": 210.0
  },
  "max_violation": 0.0,
  "min_demand_viol": 0.07890698996694892,
  "norm": 2,
  "objective": 0.02701342493955096,
  "p": 2,
  "radius": 0.1643576129649946,
  "solver_status": "HxSolutionStatus.OPTIMAL"
}