{
  "junctions": {
    "1": {
      "demand_a": 0.2935722881587959,
      "demand_b": 0.06700353378504562,
      "demand_lb": 1e-06,
      "head_a": 207.82269367887636,
      "head_a_tag": "",
      "head_b": 207.8275431627231,
      "head_b_tag": "",
      "head_lb": 193.28837254949758,
      "head_ub": 226.71162745050242
    },
    "2": {
      "demand_a": 0.13295033581273485,
      "demand_b": 0.10978647727719304,
      "demand_lb": 1e-06,
      "head_a": 208.3993620394407,
      "head_a_tag": "",
      "head_b": 208.3993620394407,
      "head_b_tag": "",
      "head_lb": 197.73885171300606,
      "head_ub": 222.26114828699394
    },
    "3": {
      "demand_a": 0.10170547520430134,
      "demand_b": 0.04104196462136256,
      "demand_lb": 1e-06,
      "head_a": 208.11760095087757,
      "head_a_tag": "",
      "head_b": 208.11760095087757,
      "head_b_tag": "",
      "head_lb": 195.59310003642656,
      "head_ub": 224.40689996357344
    },
    "4": {
      "demand_a": 0.11232155334067462,
      "demand_b": 0.09494739999996216,
      "demand_lb": 1e-06,
      "head_a": 207.97246854659213,
      "head_a_tag": "",
      "head_b": 207.9384903632571,
      "head_b_tag": "",
      "head_lb": 194.16704775335216,
      "head_ub": 225.83295224664784
    },
    "5": {
      "demand_a": 0.18283210719048548,
      "demand_b": 0.3983579582114427,
      "demand_lb": 1e-06,
      "head_a": 207.94478788755973,
      "head_a_tag": "",
      "head_b": 207.88273429401724,
      "head_b_tag": "",
      "head_lb": 194.0497882368296,
      "head_ub": 225.9502117631704
    },
    "6": {
      "demand_a": 0.29661824506137946,
      "demand_b": 0.4088626708733656,
      "demand_lb": 1e-06,
      "head_a": 207.82320222531766,
      "head_a_tag": "",
      "head_b": 207.8039891035456,
      "head_b_tag": "",
      "head_lb": 193.1595820206114,
      "head_ub": 226.8404179793886
    }
  },
  "metadata": {
    "DEMAND_INTERVALS": false,
    "DEMAND_LB": 1e-06,
    "FIX_TOTAL_DEMAND": true,
    "GLOBAL_SOLVER": "couenne",
    "HEADLOSS_MODEL": "hw",
    "MEASUREMENT_HEADS_EQUAL_ONLY": true,
    "MEASUREMENT_SITES": [
      "3"
    ],
    "MULTI_STARTS": 10,
    "MULTI_START_NOISE": 0.05,
    "NORM": 2,
    "PIPE_BOUNDS": true,
    "PIPE_BOUND_METHOD": "perturb",
    "PIPE_BOUND_PERTURB_BASE": "base",
    "PIPE_BOUND_PERTURB_FIX_TOTAL": true,
    "PIPE_BOUND_PERTURB_SAMPLES": 25,
    "PIPE_BOUND_PERTURB_SEED": 1,
    "PIPE_BOUND_PERTURB_SIGMA": 0.2,
    "PIPE_BOUND_POLICY": "minmax",
    "PIPE_BOUND_SAFENESS": 0.85,
    "RADIUS": true,
    "SCENARIO_SOURCE": "base",
    "SINGLE_NODE_SOLUTION": false,
    "SOLVER": "hexaly_xd",
    "USE_RESERVOIR_OUTFLOW_CONSTRAINT": false,
    "WDN_NAME": "Alperovits",
    "output_dir": "data/Alperovits-B-batch-20260401-112523/3",
    "timestamp": "20260401-112523"
  },
  "output_dir": "data/Alperovits-B-batch-20260401-112523/3",
  "pipes": {
    "1": {
      "flow_a": 1.1200000047683716,
      "flow_a_tag": "lb",
      "flow_b": 1.1200000047683716,
      "flow_b_tag": "lb",
      "flow_lb": 1.1200000047683716,
      "flow_ub": 1.1200000047683716,
      "headloss_res_a": -10.660510326434622,
      "headloss_res_b": -10.660510326434622
    },
    "2": {
      "flow_a": 0.43839751576058233,
      "flow_a_tag": "",
      "flow_b": 0.4383975157605803,
      "flow_b_tag": "",
      "flow_lb": 0.438365638256073,
      "flow_ub": 0.4685351550579071,
      "headloss_res_a": -1.5968257044231922,
      "headloss_res_b": -1.5968257044231744
    },
    "3": {
      "flow_a": 0.5486521531950544,
      "flow_a_tag": "",
      "flow_b": 0.5718160117305984,
      "flow_b_tag": "",
      "flow_lb": 0.5486409664154053,
      "flow_ub": 0.6044999361038208,
      "headloss_res_a": -2.51542222431363,
      "headloss_res_b": -2.73513531036591
    },
    "4": {
      "flow_a": 0.12524232783825487,
      "flow_a_tag": "lb",
      "flow_b": 0.1827933890014982,
      "flow_b_tag": "ub",
      "flow_lb": 0.12524232268333435,
      "flow_ub": 0.18279339373111725,
      "headloss_res_a": -0.1256388281687389,
      "headloss_res_b": -0.27084384423174823
    },
    "5": {
      "flow_a": 0.311088272016125,
      "flow_a_tag": "",
      "flow_b": 0.294075222729138,
      "flow_b_tag": "",
      "flow_lb": 0.24518345296382904,
      "flow_ub": 0.3417060375213623,
      "headloss_res_a": -0.796671026961027,
      "headloss_res_b": -0.710800873661015
    },
    "6": {
      "flow_a": -0.014470026954745547,
      "flow_a_tag": "lb",
      "flow_b": 0.11478744814422762,
      "flow_b_tag": "ub",
      "flow_lb": -0.014470032416284084,
      "flow_ub": 0.11478745192289352,
      "headloss_res_a": 0.001538057358187008,
      "headloss_res_b": -0.10523646122945418
    },
    "7": {
      "flow_a": 0.336692040556281,
      "flow_a_tag": "lb",
      "flow_b": 0.3973555511392177,
      "flow_b_tag": "ub",
      "flow_lb": 0.33669203519821167,
      "flow_ub": 0.3973555564880371,
      "headloss_res_a": -0.9352406035093832,
      "headloss_res_b": -1.3084451011874256
    },
    "8": {
      "flow_a": 0.27910226120405035,
      "flow_a_tag": "ub",
      "flow_b": 0.18179098192927323,
      "flow_b_tag": "lb",
      "flow_lb": 0.18179097771644592,
      "flow_ub": 0.27910226583480835,
      "headloss_res_a": -0.6393214533824332,
      "headloss_res_b": -0.2678365698475372
    }
  },
  "summary": {
    "flow_at_bounds": {
      "a_lb": 4,
      "a_ub": 1,
      "b_lb": 2,
      "b_ub": 3
    },
    "head_at_bounds": {
      "a_lb": 0,
      "a_ub": 0,
      "b_lb": 0,
      "b_ub": 0
    },
    "head_bounds_count": 6,
    "junction_count": 6,
    "min_demand_slack_a": 0.10170447520430134,
    "min_demand_slack_b": 0.04104096462136256,
    "pipe_count": 8,
    "total_demand_a": 1.1200000047683716,
    "total_demand_b": 1.1200000047683716,
    "total_demand_res_a": 0.0,
    "total_demand_res_b": 0.0,
    "total_demand_target": 1.1200000047683716
  }
}