{
  "best_bound": null,
  "demands_a": {
    "1": 0.2935722881587959,
    "2": 0.13295033581273485,
    "3": 0.10170547520430134,
    "4": 0.11232155334067462,
    "5": 0.18283210719048548,
    "6": 0.29661824506137946,
    "7": -1.1200000047683716
  },
  "demands_b": {
    "1": 0.06700353378504562,
    "2": 0.10978647727719304,
    "3": 0.04104196462136256,
    "4": 0.09494739999996216,
    "5": 0.3983579582114427,
    "6": 0.4088626708733656,
    "7": -1.1200000047683716
  },
  "flows_a": {
    "1": 1.1200000047683716,
    "2": 0.43839751576058233,
    "3": 0.5486521531950544,
    "4": 0.12524232783825487,
    "5": 0.311088272016125,
    "6": -0.014470026954745547,
    "7": 0.336692040556281,
    "8": 0.27910226120405035
  },
  "flows_b": {
    "1": 1.1200000047683716,
    "2": 0.4383975157605803,
    "3": 0.5718160117305984,
    "4": 0.1827933890014982,
    "5": 0.294075222729138,
    "6": 0.11478744814422762,
    "7": 0.3973555511392177,
    "8": 0.18179098192927323
  },
  "heads_a": {
    "1": 207.82269367887636,
    "2": 208.3993620394407,
    "3": 208.11760095087757,
    "4": 207.97246854659213,
    "5": 207.94478788755973,
    "6": 207.82320222531766,
    "7": 210.0
  },
  "heads_b": {
    "1": 207.8275431627231,
    "2": 208.3993620394407,
    "3": 208.11760095087757,
    "4": 207.9384903632571,
    "5": 207.88273429401724,
    "6": 207.8039891035456,
    "7": 210.0
  },
  "max_violation": 0.0,
  "min_demand_viol": 0.04104096462136256,
  "norm": 2,
  "objective": 0.11490209110545062,
  "p": 1,
  "radius": 0.33897210962769575,
  "solver_status": "HxSolutionStatus.OPTIMAL"
}