{
  "junctions": {
    "1": {
      "demand_a": 0.27033626703863717,
      "demand_b": 0.10020100671301696,
      "demand_lb": 1e-06,
      "head_a": 207.82165272584467,
      "head_a_tag": "",
      "head_b": 207.82165272584467,
      "head_b_tag": "",
      "head_lb": 193.4611532898627,
      "head_ub": 226.5388467101373
    },
    "2": {
      "demand_a": 0.12501403278321854,
      "demand_b": 0.10160594702127179,
      "demand_lb": 1e-06,
      "head_a": 208.3993620394407,
      "head_a_tag": "",
      "head_b": 208.3993620394407,
      "head_b_tag": "",
      "head_lb": 197.73885171300606,
      "head_ub": 222.26114828699394
    },
    "3": {
      "demand_a": 0.10114736261162804,
      "demand_b": 0.060078026419089714,
      "demand_lb": 1e-06,
      "head_a": 208.1129977741979,
      "head_a_tag": "",
      "head_b": 208.10845292483714,
      "head_b_tag": "",
      "head_lb": 195.62629393444394,
      "head_ub": 224.37370606555606
    },
    "4": {
      "demand_a": 0.11438037034211779,
      "demand_b": 0.1041240208916443,
      "demand_lb": 1e-06,
      "head_a": 207.96656563336143,
      "head_a_tag": "",
      "head_b": 207.93766678728974,
      "head_b_tag": "",
      "head_lb": 194.2896568934707,
      "head_ub": 225.7103431065293
    },
    "5": {
      "demand_a": 0.20395048496038803,
      "demand_b": 0.3641548410833526,
      "demand_lb": 1e-06,
      "head_a": 207.93596839913008,
      "head_a_tag": "",
      "head_b": 207.8859202925648,
      "head_b_tag": "",
      "head_lb": 194.17031922671646,
      "head_ub": 225.82968077328354
    },
    "6": {
      "demand_a": 0.305171487032382,
      "demand_b": 0.389836162639996,
      "demand_lb": 1e-06,
      "head_a": 207.82165620293523,
      "head_a_tag": "",
      "head_b": 207.8043536849105,
      "head_b_tag": "",
      "head_lb": 193.36886889046428,
      "head_ub": 226.63113110953572
    }
  },
  "metadata": {
    "DEMAND_INTERVALS": false,
    "DEMAND_LB": 1e-06,
    "FIX_TOTAL_DEMAND": true,
    "GLOBAL_SOLVER": "couenne",
    "HEADLOSS_MODEL": "hw",
    "MEASUREMENT_HEADS_EQUAL_ONLY": true,
    "MEASUREMENT_SITES": [
      "1",
      "2"
    ],
    "MULTI_STARTS": 10,
    "MULTI_START_NOISE": 0.05,
    "NORM": 2,
    "PIPE_BOUNDS": true,
    "PIPE_BOUND_METHOD": "perturb",
    "PIPE_BOUND_PERTURB_BASE": "base",
    "PIPE_BOUND_PERTURB_FIX_TOTAL": true,
    "PIPE_BOUND_PERTURB_SAMPLES": 25,
    "PIPE_BOUND_PERTURB_SEED": 1,
    "PIPE_BOUND_PERTURB_SIGMA": 0.15,
    "PIPE_BOUND_POLICY": "minmax",
    "PIPE_BOUND_SAFENESS": 0.85,
    "RADIUS": true,
    "SCENARIO_SOURCE": "base",
    "SINGLE_NODE_SOLUTION": false,
    "SOLVER": "hexaly_xd",
    "USE_RESERVOIR_OUTFLOW_CONSTRAINT": false,
    "WDN_NAME": "Alperovits",
    "output_dir": "data/Alperovits-B-batch-20260401-112751/1_2",
    "timestamp": "20260401-112751"
  },
  "output_dir": "data/Alperovits-B-batch-20260401-112751/1_2",
  "pipes": {
    "1": {
      "flow_a": 1.1200000047683716,
      "flow_a_tag": "lb",
      "flow_b": 1.1200000047683716,
      "flow_b_tag": "lb",
      "flow_lb": 1.1200000047683716,
      "flow_ub": 1.1200000047683716,
      "headloss_res_a": -10.660510326434622,
      "headloss_res_b": -10.660510326434622
    },
    "2": {
      "flow_a": 0.4422503570970141,
      "flow_a_tag": "",
      "flow_b": 0.44602652848047863,
      "flow_b_tag": "",
      "flow_lb": 0.44223544001579285,
      "flow_ub": 0.4648970067501068,
      "headloss_res_a": -1.625387413908467,
      "headloss_res_b": -1.6536290718021425
    },
    "3": {
      "flow_a": 0.5527356148881389,
      "flow_a_tag": "",
      "flow_b": 0.572367529266621,
      "flow_b_tag": "",
      "flow_lb": 0.5527145266532898,
      "flow_ub": 0.5940340161323547,
      "headloss_res_a": -2.5534799332786173,
      "headloss_res_b": -2.7404798161015034
    },
    "4": {
      "flow_a": 0.1322033177719106,
      "flow_a_tag": "lb",
      "flow_b": 0.17557384903196493,
      "flow_b_tag": "ub",
      "flow_lb": 0.13220331072807312,
      "flow_ub": 0.17557385563850403,
      "headloss_res_a": -0.14023892715993982,
      "headloss_res_b": -0.24956434513998832
    },
    "5": {
      "flow_a": 0.3061519267741105,
      "flow_a_tag": "",
      "flow_b": 0.2926696593430118,
      "flow_b_tag": "",
      "flow_lb": 0.2579752802848816,
      "flow_ub": 0.329729825258255,
      "headloss_res_a": -0.7712458516275489,
      "headloss_res_b": -0.7039279211038738
    },
    "6": {
      "flow_a": -0.0009804397417285122,
      "flow_a_tag": "lb",
      "flow_b": 0.0971665032969842,
      "flow_b_tag": "ub",
      "flow_lb": -0.000980442389845848,
      "flow_ub": 0.097166508436203,
      "headloss_res_a": 5.918777500229687e-06,
      "headloss_res_b": -0.07498534870225033
    },
    "7": {
      "flow_a": 0.34110299448538606,
      "flow_a_tag": "lb",
      "flow_b": 0.3859485020613889,
      "flow_b_tag": "ub",
      "flow_lb": 0.3411029875278473,
      "flow_ub": 0.38594850897789,
      "headloss_res_a": -0.9602473726887901,
      "headloss_res_b": -1.2334420232707073
    },
    "8": {
      "flow_a": 0.26935582729690866,
      "flow_a_tag": "ub",
      "flow_b": 0.19736751001000116,
      "flow_b_tag": "lb",
      "flow_lb": 0.19736750423908234,
      "flow_ub": 0.269355833530426,
      "headloss_res_a": -0.5948502307448734,
      "headloss_res_b": -0.3164881389251244
    }
  },
  "summary": {
    "flow_at_bounds": {
      "a_lb": 4,
      "a_ub": 1,
      "b_lb": 2,
      "b_ub": 3
    },
    "head_at_bounds": {
      "a_lb": 0,
      "a_ub": 0,
      "b_lb": 0,
      "b_ub": 0
    },
    "head_bounds_count": 6,
    "junction_count": 6,
    "min_demand_slack_a": 0.10114636261162804,
    "min_demand_slack_b": 0.06007702641908971,
    "pipe_count": 8,
    "total_demand_a": 1.1200000047683716,
    "total_demand_b": 1.1200000047683714,
    "total_demand_res_a": 0.0,
    "total_demand_res_b": -2.220446049250313e-16,
    "total_demand_target": 1.1200000047683716
  }
}