{
  "best_bound": null,
  "demands_a": {
    "1": 0.27033626703863717,
    "2": 0.12501403278321854,
    "3": 0.10114736261162804,
    "4": 0.11438037034211779,
    "5": 0.20395048496038803,
    "6": 0.305171487032382,
    "7": -1.1200000047683716
  },
  "demands_b": {
    "1": 0.10020100671301696,
    "2": 0.10160594702127179,
    "3": 0.060078026419089714,
    "4": 0.1041240208916443,
    "5": 0.3641548410833526,
    "6": 0.389836162639996,
    "7": -1.1200000047683714
  },
  "flows_a": {
    "1": 1.1200000047683716,
    "2": 0.4422503570970141,
    "3": 0.5527356148881389,
    "4": 0.1322033177719106,
    "5": 0.3061519267741105,
    "6": -0.0009804397417285122,
    "7": 0.34110299448538606,
    "8": 0.26935582729690866
  },
  "flows_b": {
    "1": 1.1200000047683716,
    "2": 0.44602652848047863,
    "3": 0.572367529266621,
    "4": 0.17557384903196493,
    "5": 0.2926696593430118,
    "6": 0.0971665032969842,
    "7": 0.3859485020613889,
    "8": 0.19736751001000116
  },
  "heads_a": {
    "1": 207.82165272584467,
    "2": 208.3993620394407,
    "3": 208.1129977741979,
    "4": 207.96656563336143,
    "5": 207.93596839913008,
    "6": 207.82165620293523,
    "7": 210.0
  },
  "heads_b": {
    "1": 207.82165272584467,
    "2": 208.3993620394407,
    "3": 208.10845292483714,
    "4": 207.93766678728974,
    "5": 207.8859202925648,
    "6": 207.8043536849105,
    "7": 210.0
  },
  "max_violation": 0.0,
  "min_demand_viol": 0.06007702641908971,
  "norm": 2,
  "objective": 0.06411937138096734,
  "p": 2,
  "radius": 0.2532180313108989,
  "solver_status": "HxSolutionStatus.OPTIMAL"
}