{
  "junctions": {
    "1": {
      "demand_a": 0.15946829894323103,
      "demand_b": 0.22811900314679917,
      "demand_lb": 1e-06,
      "head_a": 207.82101349545349,
      "head_a_tag": "",
      "head_b": 207.81847744431948,
      "head_b_tag": "",
      "head_lb": 193.75525106874858,
      "head_ub": 226.24474893125142
    },
    "2": {
      "demand_a": 0.10277715408249066,
      "demand_b": 0.10888695109869206,
      "demand_lb": 1e-06,
      "head_a": 208.3993620394407,
      "head_a_tag": "",
      "head_b": 208.3993620394407,
      "head_b_tag": "",
      "head_lb": 197.73885171300606,
      "head_ub": 222.26114828699394
    },
    "3": {
      "demand_a": 0.08359829153835718,
      "demand_b": 0.10109636046980908,
      "demand_lb": 1e-06,
      "head_a": 208.10336220635452,
      "head_a_tag": "",
      "head_b": 208.10336220635452,
      "head_b_tag": "",
      "head_lb": 195.68327867730858,
      "head_ub": 224.31672132269142
    },
    "4": {
      "demand_a": 0.11339943465926561,
      "demand_b": 0.11885719691880481,
      "demand_lb": 1e-06,
      "head_a": 207.94565629203345,
      "head_a_tag": "",
      "head_b": 207.9546691347992,
      "head_b_tag": "",
      "head_lb": 194.4912311103774,
      "head_ub": 225.5087688896226
    },
    "5": {
      "demand_a": 0.3065787506076637,
      "demand_b": 0.24306889445007968,
      "demand_lb": 1e-06,
      "head_a": 207.90102136966235,
      "head_a_tag": "",
      "head_b": 207.91854194961763,
      "head_b_tag": "",
      "head_lb": 194.3694387645554,
      "head_ub": 225.6305612354446
    },
    "6": {
      "demand_a": 0.3541780749373634,
      "demand_b": 0.3199715986841867,
      "demand_lb": 1e-06,
      "head_a": 207.81333184356856,
      "head_a_tag": "",
      "head_b": 207.81732075410358,
      "head_b_tag": "",
      "head_lb": 193.71684621726888,
      "head_ub": 226.28315378273112
    }
  },
  "metadata": {
    "DEMAND_INTERVALS": false,
    "DEMAND_LB": 1e-06,
    "FIX_TOTAL_DEMAND": true,
    "GLOBAL_SOLVER": "couenne",
    "HEADLOSS_MODEL": "hw",
    "MEASUREMENT_HEADS_EQUAL_ONLY": true,
    "MEASUREMENT_SITES": [
      "3"
    ],
    "MULTI_STARTS": 10,
    "MULTI_START_NOISE": 0.05,
    "NORM": 2,
    "PIPE_BOUNDS": true,
    "PIPE_BOUND_METHOD": "perturb",
    "PIPE_BOUND_PERTURB_BASE": "base",
    "PIPE_BOUND_PERTURB_FIX_TOTAL": true,
    "PIPE_BOUND_PERTURB_SAMPLES": 25,
    "PIPE_BOUND_PERTURB_SEED": 1,
    "PIPE_BOUND_PERTURB_SIGMA": 0.06,
    "PIPE_BOUND_POLICY": "minmax",
    "PIPE_BOUND_SAFENESS": 0.85,
    "RADIUS": true,
    "SCENARIO_SOURCE": "base",
    "SINGLE_NODE_SOLUTION": false,
    "SOLVER": "hexaly_xd",
    "USE_RESERVOIR_OUTFLOW_CONSTRAINT": false,
    "WDN_NAME": "Alperovits",
    "output_dir": "data/Alperovits-B-batch-20260401-112441/3",
    "timestamp": "20260401-112441"
  },
  "output_dir": "data/Alperovits-B-batch-20260401-112441/3",
  "pipes": {
    "1": {
      "flow_a": 1.1200000047683716,
      "flow_a_tag": "lb",
      "flow_b": 1.1200000047683716,
      "flow_b_tag": "lb",
      "flow_lb": 1.1200000047683716,
      "flow_ub": 1.1200000047683716,
      "headloss_res_a": -10.660510326434622,
      "headloss_res_b": -10.660510326434622
    },
    "2": {
      "flow_a": 0.45022462519566897,
      "flow_a_tag": "",
      "flow_b": 0.4502246251956665,
      "flow_b_tag": "",
      "flow_lb": 0.4494941532611847,
      "flow_ub": 0.4585840106010437,
      "headloss_res_a": -1.685315434896681,
      "headloss_res_b": -1.685315434896659
    },
    "3": {
      "flow_a": 0.566998225490212,
      "flow_a_tag": "",
      "flow_b": 0.560888428474013,
      "flow_b_tag": "",
      "flow_lb": 0.5602670907974243,
      "flow_ub": 0.5764147639274597,
      "headloss_res_a": -2.688672756319979,
      "headloss_res_b": -2.630327885694752
    },
    "4": {
      "flow_a": 0.1621030854477258,
      "flow_a_tag": "ub",
      "flow_b": 0.1446109878381517,
      "flow_b_tag": "lb",
      "flow_lb": 0.14461097121238708,
      "flow_ub": 0.1621031016111374,
      "headloss_res_a": -0.21221394695778822,
      "headloss_res_b": -0.16828071712506887
    },
    "5": {
      "flow_a": 0.29149570538322056,
      "flow_a_tag": "",
      "flow_b": 0.29742024371705644,
      "flow_b_tag": "",
      "flow_lb": 0.2794540822505951,
      "flow_ub": 0.3076257109642029,
      "headloss_res_a": -0.6982133782989247,
      "headloss_res_b": -0.727293258084051
    },
    "6": {
      "flow_a": 0.06268236955414283,
      "flow_a_tag": "ub",
      "flow_b": 0.022551354967130247,
      "flow_b_tag": "lb",
      "flow_lb": 0.022551340982317924,
      "flow_ub": 0.0626823827624321,
      "headloss_res_a": -0.030723183409601604,
      "headloss_res_b": -0.00381427103484856
    },
    "7": {
      "flow_a": 0.3666263336573118,
      "flow_a_tag": "ub",
      "flow_b": 0.3491282647258574,
      "flow_b_tag": "lb",
      "flow_lb": 0.34912824630737305,
      "flow_ub": 0.3666263520717621,
      "headloss_res_a": -1.1114989440811796,
      "headloss_res_b": -1.006600372350977
    },
    "8": {
      "flow_a": 0.22215066849737386,
      "flow_a_tag": "lb",
      "flow_b": 0.2506703581139294,
      "flow_b_tag": "ub",
      "flow_lb": 0.22215065360069275,
      "flow_ub": 0.2506703734397888,
      "headloss_res_a": -0.4023732937648217,
      "headloss_res_b": -0.5141231154064554
    }
  },
  "summary": {
    "flow_at_bounds": {
      "a_lb": 2,
      "a_ub": 3,
      "b_lb": 4,
      "b_ub": 1
    },
    "head_at_bounds": {
      "a_lb": 0,
      "a_ub": 0,
      "b_lb": 0,
      "b_ub": 0
    },
    "head_bounds_count": 6,
    "junction_count": 6,
    "min_demand_slack_a": 0.08359729153835718,
    "min_demand_slack_b": 0.10109536046980908,
    "pipe_count": 8,
    "total_demand_a": 1.1200000047683716,
    "total_demand_b": 1.1200000047683716,
    "total_demand_res_a": 0.0,
    "total_demand_res_b": 0.0,
    "total_demand_target": 1.1200000047683716
  }
}