{
  "best_bound": null,
  "demands_a": {
    "1": 0.15946829894323103,
    "2": 0.10277715408249066,
    "3": 0.08359829153835718,
    "4": 0.11339943465926561,
    "5": 0.3065787506076637,
    "6": 0.3541780749373634,
    "7": -1.1200000047683716
  },
  "demands_b": {
    "1": 0.22811900314679917,
    "2": 0.10888695109869206,
    "3": 0.10109636046980908,
    "4": 0.11885719691880481,
    "5": 0.24306889445007968,
    "6": 0.3199715986841867,
    "7": -1.1200000047683716
  },
  "flows_a": {
    "1": 1.1200000047683716,
    "2": 0.45022462519566897,
    "3": 0.566998225490212,
    "4": 0.1621030854477258,
    "5": 0.29149570538322056,
    "6": 0.06268236955414283,
    "7": 0.3666263336573118,
    "8": 0.22215066849737386
  },
  "flows_b": {
    "1": 1.1200000047683716,
    "2": 0.4502246251956665,
    "3": 0.560888428474013,
    "4": 0.1446109878381517,
    "5": 0.29742024371705644,
    "6": 0.022551354967130247,
    "7": 0.3491282647258574,
    "8": 0.2506703581139294
  },
  "heads_a": {
    "1": 207.82101349545349,
    "2": 208.3993620394407,
    "3": 208.10336220635452,
    "4": 207.94565629203345,
    "5": 207.90102136966235,
    "6": 207.81333184356856,
    "7": 210.0
  },
  "heads_b": {
    "1": 207.81847744431948,
    "2": 208.3993620394407,
    "3": 208.10336220635452,
    "4": 207.9546691347992,
    "5": 207.91854194961763,
    "6": 207.81732075410358,
    "7": 210.0
  },
  "max_violation": 0.0,
  "min_demand_viol": 0.08359729153835718,
  "norm": 2,
  "objective": 0.010289803239252644,
  "p": 1,
  "radius": 0.1014386673771528,
  "solver_status": "HxSolutionStatus.OPTIMAL"
}