{
  "C_bounds": {
    "1": 1.1200000047683716,
    "2": 0.4613533318042755,
    "3": 0.5840606689453125,
    "4": 0.16816721856594086,
    "5": 0.3175203204154968,
    "6": 0.07848699390888214,
    "7": 0.3750304579734802,
    "8": 0.2591662108898163
  },
  "base_flows": {
    "1": 1.1200000047683716,
    "2": 0.4545355439186096,
    "3": 0.5654644966125488,
    "4": 0.15276743471622467,
    "5": 0.29269707202911377,
    "6": 0.03730293735861778,
    "7": 0.3545355200767517,
    "8": 0.2373029589653015
  },
  "c_bounds": {
    "1": 1.1200000047683716,
    "2": 0.44622185826301575,
    "3": 0.5568748712539673,
    "4": 0.13911864161491394,
    "5": 0.27015259861946106,
    "6": 0.012323553673923016,
    "7": 0.3455483019351959,
    "8": 0.211703360080719
  },
  "inp_path": "./wdn/Alperovits.inp",
  "pipe_bounds_enabled": true,
  "pipe_bounds_params": {
    "PIPE_BOUND_METHOD": "perturb",
    "PIPE_BOUND_PERTURB_BASE": "base",
    "PIPE_BOUND_PERTURB_FIX_TOTAL": true,
    "PIPE_BOUND_PERTURB_SAMPLES": 25,
    "PIPE_BOUND_PERTURB_SEED": 1,
    "PIPE_BOUND_PERTURB_SIGMA": 0.1,
    "PIPE_BOUND_POLICY": "minmax",
    "PIPE_BOUND_SAFENESS": 0.85
  },
  "scenario_demands": {
    "1": 0.2,
    "2": 0.1,
    "3": 0.1,
    "4": 0.12,
    "5": 0.27,
    "6": 0.33
  },
  "scenario_flows": {
    "1": 1.1200000047683716,
    "2": 0.4545355439186096,
    "3": 0.5654644966125488,
    "4": 0.15276743471622467,
    "5": 0.29269707202911377,
    "6": 0.03730293735861778,
    "7": 0.3545355200767517,
    "8": 0.2373029589653015
  },
  "scenario_hash": "f43f3c064a7c22adada5de461a897564f2d3a5bf3e17af122522eed7f6e8ecc5",
  "scenario_heads": {
    "1": 207.8181915283203,
    "2": 208.3998565673828,
    "3": 208.0986785888672,
    "4": 207.94854736328125,
    "5": 207.9085693359375,
    "6": 207.8152618408203,
    "7": 210.0
  },
  "scenario_name": "base",
  "scenario_source": "base",
  "timestamp": "20260417-142631",
  "wdn": "Alperovits",
  "wdn_name": "Alperovits"
}