{
  "best_bound": null,
  "demands_a": {
    "1": 0.24684263933781803,
    "2": 0.1168362281258859,
    "3": 0.10070060575234879,
    "4": 0.11677852847627168,
    "5": 0.22550076305861544,
    "6": 0.31334124001743174,
    "7": -1.1200000047683716
  },
  "demands_b": {
    "1": 0.13321638286585533,
    "2": 0.10092862045523154,
    "3": 0.07416253997044131,
    "4": 0.10988143481518275,
    "5": 0.3314942869852583,
    "6": 0.3703167396764023,
    "7": -1.1200000047683714
  },
  "flows_a": {
    "1": 1.1200000047683716,
    "2": 0.44624891831646557,
    "3": 0.5569148583260201,
    "4": 0.13911865208758153,
    "5": 0.30101767776216687,
    "6": 0.012323562255264884,
    "7": 0.3455483125641168,
    "8": 0.2591662015930829
  },
  "flows_b": {
    "1": 1.1200000047683716,
    "2": 0.449192987354208,
    "3": 0.569878396958932,
    "4": 0.1681672085419196,
    "5": 0.29182975360182967,
    "6": 0.0784869860745726,
    "7": 0.3750304473837667,
    "8": 0.21170336894042793
  },
  "heads_a": {
    "1": 207.8204224664835,
    "2": 208.3993620394407,
    "3": 208.10818423860786,
    "4": 207.96048567002038,
    "5": 207.9268584457899,
    "6": 207.82004473351586,
    "7": 210.0
  },
  "heads_b": {
    "1": 207.8204224664835,
    "2": 208.3993620394407,
    "3": 208.10461653698565,
    "4": 207.94137841031383,
    "5": 207.8936019195903,
    "6": 207.80877298532997,
    "7": 210.0
  },
  "max_violation": 0.0,
  "min_demand_viol": 0.07416153997044131,
  "norm": 2.0,
  "objective": 0.02839665165382755,
  "p": 2,
  "radius": 0.16851306078113812,
  "solver_status": "HxSolutionStatus.OPTIMAL"
}