{
  "best_bound": null,
  "demands_a": {
    "1": 0.13321643123744167,
    "2": 0.10632107993057383,
    "3": 0.0711925629894185,
    "4": 0.10745890498181576,
    "5": 0.3314942432346026,
    "6": 0.37031678239451926,
    "7": -1.1200000047683716
  },
  "demands_b": {
    "1": 0.23635981978016546,
    "2": 0.09361507580792439,
    "3": 0.11338070669823774,
    "4": 0.13650746913162165,
    "5": 0.2359835778268575,
    "6": 0.30415335552356476,
    "7": -1.1200000047683716
  },
  "flows_a": {
    "1": 1.1200000047683716,
    "2": 0.4462230128070823,
    "3": 0.5674559120307154,
    "4": 0.1681672124074368,
    "5": 0.2918297946414629,
    "6": 0.07848698775305632,
    "7": 0.3750304498176638,
    "8": 0.211703418990498
  },
  "flows_b": {
    "1": 1.1200000047683716,
    "2": 0.4589290169297317,
    "3": 0.5674559120307154,
    "4": 0.13911864825763087,
    "5": 0.2918297946414629,
    "6": 0.012323560882101871,
    "7": 0.34554831023149396,
    "8": 0.24868338066226733
  },
  "heads_a": {
    "1": 207.82402143776338,
    "2": 208.3993620394407,
    "3": 208.1082155428428,
    "4": 207.94497741566863,
    "5": 207.89720092291125,
    "6": 207.81237195614844,
    "7": 210.0
  },
  "heads_b": {
    "1": 207.81274968903813,
    "2": 208.3993620394407,
    "3": 208.09267598370374,
    "4": 207.94497741566863,
    "5": 207.91135019315269,
    "6": 207.81237195614844,
    "7": 210.0
  },
  "max_violation": 0.0,
  "min_demand_viol": 0.0711915629894185,
  "norm": 2,
  "objective": 0.02692354595153982,
  "p": 2,
  "radius": 0.1640839600678257,
  "solver_status": "HxSolutionStatus.OPTIMAL"
}